ISO-10303-21;
HEADER;
FILE_DESCRIPTION((''),'2;1');
FILE_NAME('M80-5022022_ASM','2012-05-09T',('wbourne'),(''),
'PRO/ENGINEER BY PARAMETRIC TECHNOLOGY CORPORATION, 2010280',
'PRO/ENGINEER BY PARAMETRIC TECHNOLOGY CORPORATION, 2010280','');
FILE_SCHEMA(('CONFIG_CONTROL_DESIGN','SHAPE_APPEARANCE_LAYERS_GROUPS'));
ENDSEC;
DATA;
#10=CARTESIAN_POINT('',(4.5E0,3.4E0,0.E0));
#11=DIRECTION('',(0.E0,-1.E0,0.E0));
#12=DIRECTION('',(1.E0,0.E0,0.E0));
#13=AXIS2_PLACEMENT_3D('',#10,#11,#12);
#15=DRAUGHTING_PRE_DEFINED_CURVE_FONT('continuous');
#16=CURVE_STYLE('',#15,POSITIVE_LENGTH_MEASURE(2.E-2),#8);
#17=PRESENTATION_STYLE_ASSIGNMENT((#16));
#18=STYLED_ITEM('',(#17),#14);
#19=CARTESIAN_POINT('',(4.5E0,3.4E0,0.E0));
#20=DIRECTION('',(0.E0,-1.E0,0.E0));
#21=DIRECTION('',(-1.E0,0.E0,0.E0));
#22=AXIS2_PLACEMENT_3D('',#19,#20,#21);
#24=CURVE_STYLE('',#15,POSITIVE_LENGTH_MEASURE(2.E-2),#8);
#25=PRESENTATION_STYLE_ASSIGNMENT((#24));
#26=STYLED_ITEM('',(#25),#23);
#27=CARTESIAN_POINT('',(-4.5E0,3.4E0,0.E0));
#28=DIRECTION('',(0.E0,1.E0,0.E0));
#29=DIRECTION('',(-1.E0,0.E0,0.E0));
#30=AXIS2_PLACEMENT_3D('',#27,#28,#29);
#32=CURVE_STYLE('',#15,POSITIVE_LENGTH_MEASURE(2.E-2),#8);
#33=PRESENTATION_STYLE_ASSIGNMENT((#32));
#34=STYLED_ITEM('',(#33),#31);
#35=CARTESIAN_POINT('',(-4.5E0,3.4E0,0.E0));
#36=DIRECTION('',(0.E0,1.E0,0.E0));
#37=DIRECTION('',(1.E0,0.E0,0.E0));
#38=AXIS2_PLACEMENT_3D('',#35,#36,#37);
#40=CURVE_STYLE('',#15,POSITIVE_LENGTH_MEASURE(2.E-2),#8);
#41=PRESENTATION_STYLE_ASSIGNMENT((#40));
#42=STYLED_ITEM('',(#41),#39);
#43=DIRECTION('',(-1.E0,0.E0,0.E0));
#44=VECTOR('',#43,1.E-1);
#45=CARTESIAN_POINT('',(-1.05E0,3.4E0,2.625E0));
#46=LINE('',#45,#44);
#47=CURVE_STYLE('',#15,POSITIVE_LENGTH_MEASURE(2.E-2),#8);
#48=PRESENTATION_STYLE_ASSIGNMENT((#47));
#49=STYLED_ITEM('',(#48),#46);
#50=DIRECTION('',(0.E0,0.E0,-1.E0));
#51=VECTOR('',#50,1.5E-1);
#52=CARTESIAN_POINT('',(-1.15E0,3.4E0,2.775E0));
#53=LINE('',#52,#51);
#54=CURVE_STYLE('',#15,POSITIVE_LENGTH_MEASURE(2.E-2),#8);
#55=PRESENTATION_STYLE_ASSIGNMENT((#54));
#56=STYLED_ITEM('',(#55),#53);
#57=DIRECTION('',(-1.E0,0.E0,0.E0));
#58=VECTOR('',#57,5.05E0);
#59=CARTESIAN_POINT('',(-1.15E0,3.4E0,2.775E0));
#60=LINE('',#59,#58);
#61=CURVE_STYLE('',#15,POSITIVE_LENGTH_MEASURE(2.E-2),#8);
#62=PRESENTATION_STYLE_ASSIGNMENT((#61));
#63=STYLED_ITEM('',(#62),#60);
#64=DIRECTION('',(0.E0,0.E0,-1.E0));
#65=VECTOR('',#64,9.419697220177E-1);
#66=CARTESIAN_POINT('',(-6.2E0,3.4E0,2.775E0));
#67=LINE('',#66,#65);
#68=CURVE_STYLE('',#15,POSITIVE_LENGTH_MEASURE(2.E-2),#8);
#69=PRESENTATION_STYLE_ASSIGNMENT((#68));
#70=STYLED_ITEM('',(#69),#67);
#71=CARTESIAN_POINT('',(-4.5E0,3.4E0,0.E0));
#72=DIRECTION('',(0.E0,-1.E0,0.E0));
#73=DIRECTION('',(-6.8E-1,0.E0,7.332121111929E-1));
#74=AXIS2_PLACEMENT_3D('',#71,#72,#73);
#76=CURVE_STYLE('',#15,POSITIVE_LENGTH_MEASURE(2.E-2),#8);
#77=PRESENTATION_STYLE_ASSIGNMENT((#76));
#78=STYLED_ITEM('',(#77),#75);
#79=DIRECTION('',(0.E0,0.E0,-1.E0));
#80=VECTOR('',#79,9.419697220177E-1);
#81=CARTESIAN_POINT('',(-6.2E0,3.4E0,-1.833030277982E0));
#82=LINE('',#81,#80);
#83=CURVE_STYLE('',#15,POSITIVE_LENGTH_MEASURE(2.E-2),#8);
#84=PRESENTATION_STYLE_ASSIGNMENT((#83));
#85=STYLED_ITEM('',(#84),#82);
#86=DIRECTION('',(1.E0,0.E0,0.E0));
#87=VECTOR('',#86,3.45E0);
#88=CARTESIAN_POINT('',(-6.2E0,3.4E0,-2.775E0));
#89=LINE('',#88,#87);
#90=CURVE_STYLE('',#15,POSITIVE_LENGTH_MEASURE(2.E-2),#8);
#91=PRESENTATION_STYLE_ASSIGNMENT((#90));
#92=STYLED_ITEM('',(#91),#89);
#93=DIRECTION('',(0.E0,0.E0,-1.E0));
#94=VECTOR('',#93,5.E-1);
#95=CARTESIAN_POINT('',(-2.75E0,3.4E0,-2.775E0));
#96=LINE('',#95,#94);
#97=CURVE_STYLE('',#15,POSITIVE_LENGTH_MEASURE(2.E-2),#8);
#98=PRESENTATION_STYLE_ASSIGNMENT((#97));
#99=STYLED_ITEM('',(#98),#96);
#100=DIRECTION('',(1.E0,0.E0,0.E0));
#101=VECTOR('',#100,1.E0);
#102=CARTESIAN_POINT('',(-2.75E0,3.4E0,-3.275E0));
#103=LINE('',#102,#101);
#104=CURVE_STYLE('',#15,POSITIVE_LENGTH_MEASURE(2.E-2),#8);
#105=PRESENTATION_STYLE_ASSIGNMENT((#104));
#106=STYLED_ITEM('',(#105),#103);
#107=DIRECTION('',(0.E0,0.E0,1.E0));
#108=VECTOR('',#107,5.E-1);
#109=CARTESIAN_POINT('',(-1.75E0,3.4E0,-3.275E0));
#110=LINE('',#109,#108);
#111=CURVE_STYLE('',#15,POSITIVE_LENGTH_MEASURE(2.E-2),#8);
#112=PRESENTATION_STYLE_ASSIGNMENT((#111));
#113=STYLED_ITEM('',(#112),#110);
#114=DIRECTION('',(1.E0,0.E0,0.E0));
#115=VECTOR('',#114,3.5E0);
#116=CARTESIAN_POINT('',(-1.75E0,3.4E0,-2.775E0));
#117=LINE('',#116,#115);
#118=CURVE_STYLE('',#15,POSITIVE_LENGTH_MEASURE(2.E-2),#8);
#119=PRESENTATION_STYLE_ASSIGNMENT((#118));
#120=STYLED_ITEM('',(#119),#117);
#121=DIRECTION('',(0.E0,0.E0,1.E0));
#122=VECTOR('',#121,5.E-1);
#123=CARTESIAN_POINT('',(1.75E0,3.4E0,-3.275E0));
#124=LINE('',#123,#122);
#125=CURVE_STYLE('',#15,POSITIVE_LENGTH_MEASURE(2.E-2),#8);
#126=PRESENTATION_STYLE_ASSIGNMENT((#125));
#127=STYLED_ITEM('',(#126),#124);
#128=DIRECTION('',(-1.E0,0.E0,0.E0));
#129=VECTOR('',#128,1.E0);
#130=CARTESIAN_POINT('',(2.75E0,3.4E0,-3.275E0));
#131=LINE('',#130,#129);
#132=CURVE_STYLE('',#15,POSITIVE_LENGTH_MEASURE(2.E-2),#8);
#133=PRESENTATION_STYLE_ASSIGNMENT((#132));
#134=STYLED_ITEM('',(#133),#131);
#135=DIRECTION('',(0.E0,0.E0,-1.E0));
#136=VECTOR('',#135,5.E-1);
#137=CARTESIAN_POINT('',(2.75E0,3.4E0,-2.775E0));
#138=LINE('',#137,#136);
#139=CURVE_STYLE('',#15,POSITIVE_LENGTH_MEASURE(2.E-2),#8);
#140=PRESENTATION_STYLE_ASSIGNMENT((#139));
#141=STYLED_ITEM('',(#140),#138);
#142=DIRECTION('',(1.E0,0.E0,0.E0));
#143=VECTOR('',#142,3.45E0);
#144=CARTESIAN_POINT('',(2.75E0,3.4E0,-2.775E0));
#145=LINE('',#144,#143);
#146=CURVE_STYLE('',#15,POSITIVE_LENGTH_MEASURE(2.E-2),#8);
#147=PRESENTATION_STYLE_ASSIGNMENT((#146));
#148=STYLED_ITEM('',(#147),#145);
#149=DIRECTION('',(0.E0,0.E0,1.E0));
#150=VECTOR('',#149,9.419697220177E-1);
#151=CARTESIAN_POINT('',(6.2E0,3.4E0,-2.775E0));
#152=LINE('',#151,#150);
#153=CURVE_STYLE('',#15,POSITIVE_LENGTH_MEASURE(2.E-2),#8);
#154=PRESENTATION_STYLE_ASSIGNMENT((#153));
#155=STYLED_ITEM('',(#154),#152);
#156=CARTESIAN_POINT('',(4.5E0,3.4E0,0.E0));
#157=DIRECTION('',(0.E0,-1.E0,0.E0));
#158=DIRECTION('',(6.8E-1,0.E0,-7.332121111929E-1));
#159=AXIS2_PLACEMENT_3D('',#156,#157,#158);
#161=CURVE_STYLE('',#15,POSITIVE_LENGTH_MEASURE(2.E-2),#8);
#162=PRESENTATION_STYLE_ASSIGNMENT((#161));
#163=STYLED_ITEM('',(#162),#160);
#164=DIRECTION('',(0.E0,0.E0,1.E0));
#165=VECTOR('',#164,9.419697220177E-1);
#166=CARTESIAN_POINT('',(6.2E0,3.4E0,1.833030277982E0));
#167=LINE('',#166,#165);
#168=CURVE_STYLE('',#15,POSITIVE_LENGTH_MEASURE(2.E-2),#8);
#169=PRESENTATION_STYLE_ASSIGNMENT((#168));
#170=STYLED_ITEM('',(#169),#167);
#171=DIRECTION('',(-1.E0,0.E0,0.E0));
#172=VECTOR('',#171,5.15E0);
#173=CARTESIAN_POINT('',(6.2E0,3.4E0,2.775E0));
#174=LINE('',#173,#172);
#175=CURVE_STYLE('',#15,POSITIVE_LENGTH_MEASURE(2.E-2),#8);
#176=PRESENTATION_STYLE_ASSIGNMENT((#175));
#177=STYLED_ITEM('',(#176),#174);
#178=DIRECTION('',(0.E0,0.E0,-1.E0));
#179=VECTOR('',#178,4.229274057836E-1);
#180=CARTESIAN_POINT('',(1.05E0,3.4E0,2.775E0));
#181=LINE('',#180,#179);
#182=CURVE_STYLE('',#15,POSITIVE_LENGTH_MEASURE(2.E-2),#8);
#183=PRESENTATION_STYLE_ASSIGNMENT((#182));
#184=STYLED_ITEM('',(#183),#181);
#185=DIRECTION('',(0.E0,0.E0,-1.E0));
#186=VECTOR('',#185,2.729274057836E-1);
#187=CARTESIAN_POINT('',(-1.05E0,3.4E0,2.625E0));
#188=LINE('',#187,#186);
#189=CURVE_STYLE('',#15,POSITIVE_LENGTH_MEASURE(2.E-2),#8);
#190=PRESENTATION_STYLE_ASSIGNMENT((#189));
#191=STYLED_ITEM('',(#190),#188);
#192=DIRECTION('',(0.E0,-1.E0,0.E0));
#193=VECTOR('',#192,1.E0);
#194=CARTESIAN_POINT('',(6.1E0,3.4E0,0.E0));
#195=LINE('',#194,#193);
#196=CURVE_STYLE('',#15,POSITIVE_LENGTH_MEASURE(2.E-2),#8);
#197=PRESENTATION_STYLE_ASSIGNMENT((#196));
#198=STYLED_ITEM('',(#197),#195);
#199=DIRECTION('',(0.E0,-1.E0,0.E0));
#200=VECTOR('',#199,1.E0);
#201=CARTESIAN_POINT('',(2.9E0,3.4E0,0.E0));
#202=LINE('',#201,#200);
#203=CURVE_STYLE('',#15,POSITIVE_LENGTH_MEASURE(2.E-2),#8);
#204=PRESENTATION_STYLE_ASSIGNMENT((#203));
#205=STYLED_ITEM('',(#204),#202);
#206=CARTESIAN_POINT('',(4.5E0,2.4E0,0.E0));
#207=DIRECTION('',(0.E0,-1.E0,0.E0));
#208=DIRECTION('',(1.E0,0.E0,0.E0));
#209=AXIS2_PLACEMENT_3D('',#206,#207,#208);
#211=CURVE_STYLE('',#15,POSITIVE_LENGTH_MEASURE(2.E-2),#8);
#212=PRESENTATION_STYLE_ASSIGNMENT((#211));
#213=STYLED_ITEM('',(#212),#210);
#214=CARTESIAN_POINT('',(4.5E0,2.4E0,0.E0));
#215=DIRECTION('',(0.E0,-1.E0,0.E0));
#216=DIRECTION('',(-1.E0,0.E0,0.E0));
#217=AXIS2_PLACEMENT_3D('',#214,#215,#216);
#219=CURVE_STYLE('',#15,POSITIVE_LENGTH_MEASURE(2.E-2),#8);
#220=PRESENTATION_STYLE_ASSIGNMENT((#219));
#221=STYLED_ITEM('',(#220),#218);
#222=CARTESIAN_POINT('',(4.5E0,2.4E0,0.E0));
#223=DIRECTION('',(0.E0,-1.E0,0.E0));
#224=DIRECTION('',(1.E0,0.E0,0.E0));
#225=AXIS2_PLACEMENT_3D('',#222,#223,#224);
#227=CURVE_STYLE('',#15,POSITIVE_LENGTH_MEASURE(2.E-2),#8);
#228=PRESENTATION_STYLE_ASSIGNMENT((#227));
#229=STYLED_ITEM('',(#228),#226);
#230=CARTESIAN_POINT('',(4.5E0,2.4E0,0.E0));
#231=DIRECTION('',(0.E0,-1.E0,0.E0));
#232=DIRECTION('',(-1.E0,0.E0,0.E0));
#233=AXIS2_PLACEMENT_3D('',#230,#231,#232);
#235=CURVE_STYLE('',#15,POSITIVE_LENGTH_MEASURE(2.E-2),#8);
#236=PRESENTATION_STYLE_ASSIGNMENT((#235));
#237=STYLED_ITEM('',(#236),#234);
#238=DIRECTION('',(0.E0,-1.E0,0.E0));
#239=VECTOR('',#238,3.8E0);
#240=CARTESIAN_POINT('',(3.E0,2.4E0,0.E0));
#241=LINE('',#240,#239);
#242=CURVE_STYLE('',#15,POSITIVE_LENGTH_MEASURE(2.E-2),#8);
#243=PRESENTATION_STYLE_ASSIGNMENT((#242));
#244=STYLED_ITEM('',(#243),#241);
#245=DIRECTION('',(0.E0,-1.E0,0.E0));
#246=VECTOR('',#245,3.8E0);
#247=CARTESIAN_POINT('',(6.E0,2.4E0,0.E0));
#248=LINE('',#247,#246);
#249=CURVE_STYLE('',#15,POSITIVE_LENGTH_MEASURE(2.E-2),#8);
#250=PRESENTATION_STYLE_ASSIGNMENT((#249));
#251=STYLED_ITEM('',(#250),#248);
#252=CARTESIAN_POINT('',(4.5E0,-1.4E0,0.E0));
#253=DIRECTION('',(0.E0,-1.E0,0.E0));
#254=DIRECTION('',(1.E0,0.E0,0.E0));
#255=AXIS2_PLACEMENT_3D('',#252,#253,#254);
#257=CURVE_STYLE('',#15,POSITIVE_LENGTH_MEASURE(2.E-2),#8);
#258=PRESENTATION_STYLE_ASSIGNMENT((#257));
#259=STYLED_ITEM('',(#258),#256);
#260=CARTESIAN_POINT('',(4.5E0,-1.4E0,0.E0));
#261=DIRECTION('',(0.E0,-1.E0,0.E0));
#262=DIRECTION('',(-1.E0,0.E0,0.E0));
#263=AXIS2_PLACEMENT_3D('',#260,#261,#262);
#265=CURVE_STYLE('',#15,POSITIVE_LENGTH_MEASURE(2.E-2),#8);
#266=PRESENTATION_STYLE_ASSIGNMENT((#265));
#267=STYLED_ITEM('',(#266),#264);
#268=DIRECTION('',(1.E0,0.E0,0.E0));
#269=VECTOR('',#268,2.9E0);
#270=CARTESIAN_POINT('',(3.05E0,-1.4E0,-1.55E0));
#271=LINE('',#270,#269);
#272=CURVE_STYLE('',#15,POSITIVE_LENGTH_MEASURE(2.E-2),#8);
#273=PRESENTATION_STYLE_ASSIGNMENT((#272));
#274=STYLED_ITEM('',(#273),#271);
#275=DIRECTION('',(0.E0,0.E0,-1.E0));
#276=VECTOR('',#275,2.9E0);
#277=CARTESIAN_POINT('',(2.95E0,-1.4E0,1.45E0));
#278=LINE('',#277,#276);
#279=CURVE_STYLE('',#15,POSITIVE_LENGTH_MEASURE(2.E-2),#8);
#280=PRESENTATION_STYLE_ASSIGNMENT((#279));
#281=STYLED_ITEM('',(#280),#278);
#282=DIRECTION('',(-1.E0,0.E0,0.E0));
#283=VECTOR('',#282,2.9E0);
#284=CARTESIAN_POINT('',(5.95E0,-1.4E0,1.55E0));
#285=LINE('',#284,#283);
#286=CURVE_STYLE('',#15,POSITIVE_LENGTH_MEASURE(2.E-2),#8);
#287=PRESENTATION_STYLE_ASSIGNMENT((#286));
#288=STYLED_ITEM('',(#287),#285);
#289=DIRECTION('',(0.E0,0.E0,1.E0));
#290=VECTOR('',#289,2.9E0);
#291=CARTESIAN_POINT('',(6.05E0,-1.4E0,-1.45E0));
#292=LINE('',#291,#290);
#293=CURVE_STYLE('',#15,POSITIVE_LENGTH_MEASURE(2.E-2),#8);
#294=PRESENTATION_STYLE_ASSIGNMENT((#293));
#295=STYLED_ITEM('',(#294),#292);
#296=DIRECTION('',(0.E0,1.E0,0.E0));
#297=VECTOR('',#296,8.E-1);
#298=CARTESIAN_POINT('',(6.05E0,-2.2E0,-1.45E0));
#299=LINE('',#298,#297);
#300=CURVE_STYLE('',#15,POSITIVE_LENGTH_MEASURE(2.E-2),#8);
#301=PRESENTATION_STYLE_ASSIGNMENT((#300));
#302=STYLED_ITEM('',(#301),#299);
#303=CARTESIAN_POINT('',(5.95E0,-2.2E0,-1.45E0));
#304=DIRECTION('',(0.E0,1.E0,0.E0));
#305=DIRECTION('',(1.E0,0.E0,0.E0));
#306=AXIS2_PLACEMENT_3D('',#303,#304,#305);
#308=CURVE_STYLE('',#15,POSITIVE_LENGTH_MEASURE(2.E-2),#8);
#309=PRESENTATION_STYLE_ASSIGNMENT((#308));
#310=STYLED_ITEM('',(#309),#307);
#311=DIRECTION('',(0.E0,1.E0,0.E0));
#312=VECTOR('',#311,8.E-1);
#313=CARTESIAN_POINT('',(5.95E0,-2.2E0,-1.55E0));
#314=LINE('',#313,#312);
#315=CURVE_STYLE('',#15,POSITIVE_LENGTH_MEASURE(2.E-2),#8);
#316=PRESENTATION_STYLE_ASSIGNMENT((#315));
#317=STYLED_ITEM('',(#316),#314);
#318=CARTESIAN_POINT('',(5.95E0,-1.4E0,-1.45E0));
#319=DIRECTION('',(0.E0,-1.E0,0.E0));
#320=DIRECTION('',(0.E0,0.E0,-1.E0));
#321=AXIS2_PLACEMENT_3D('',#318,#319,#320);
#323=CURVE_STYLE('',#15,POSITIVE_LENGTH_MEASURE(2.E-2),#8);
#324=PRESENTATION_STYLE_ASSIGNMENT((#323));
#325=STYLED_ITEM('',(#324),#322);
#326=DIRECTION('',(0.E0,1.E0,0.E0));
#327=VECTOR('',#326,8.E-1);
#328=CARTESIAN_POINT('',(5.95E0,-2.2E0,1.55E0));
#329=LINE('',#328,#327);
#330=CURVE_STYLE('',#15,POSITIVE_LENGTH_MEASURE(2.E-2),#8);
#331=PRESENTATION_STYLE_ASSIGNMENT((#330));
#332=STYLED_ITEM('',(#331),#329);
#333=CARTESIAN_POINT('',(5.95E0,-2.2E0,1.45E0));
#334=DIRECTION('',(0.E0,1.E0,0.E0));
#335=DIRECTION('',(0.E0,0.E0,1.E0));
#336=AXIS2_PLACEMENT_3D('',#333,#334,#335);
#338=CURVE_STYLE('',#15,POSITIVE_LENGTH_MEASURE(2.E-2),#8);
#339=PRESENTATION_STYLE_ASSIGNMENT((#338));
#340=STYLED_ITEM('',(#339),#337);
#341=DIRECTION('',(0.E0,1.E0,0.E0));
#342=VECTOR('',#341,8.E-1);
#343=CARTESIAN_POINT('',(6.05E0,-2.2E0,1.45E0));
#344=LINE('',#343,#342);
#345=CURVE_STYLE('',#15,POSITIVE_LENGTH_MEASURE(2.E-2),#8);
#346=PRESENTATION_STYLE_ASSIGNMENT((#345));
#347=STYLED_ITEM('',(#346),#344);
#348=CARTESIAN_POINT('',(5.95E0,-1.4E0,1.45E0));
#349=DIRECTION('',(0.E0,-1.E0,0.E0));
#350=DIRECTION('',(1.E0,0.E0,0.E0));
#351=AXIS2_PLACEMENT_3D('',#348,#349,#350);
#353=CURVE_STYLE('',#15,POSITIVE_LENGTH_MEASURE(2.E-2),#8);
#354=PRESENTATION_STYLE_ASSIGNMENT((#353));
#355=STYLED_ITEM('',(#354),#352);
#356=DIRECTION('',(0.E0,1.E0,0.E0));
#357=VECTOR('',#356,8.E-1);
#358=CARTESIAN_POINT('',(2.95E0,-2.2E0,1.45E0));
#359=LINE('',#358,#357);
#360=CURVE_STYLE('',#15,POSITIVE_LENGTH_MEASURE(2.E-2),#8);
#361=PRESENTATION_STYLE_ASSIGNMENT((#360));
#362=STYLED_ITEM('',(#361),#359);
#363=CARTESIAN_POINT('',(3.05E0,-2.2E0,1.45E0));
#364=DIRECTION('',(0.E0,1.E0,0.E0));
#365=DIRECTION('',(-1.E0,0.E0,0.E0));
#366=AXIS2_PLACEMENT_3D('',#363,#364,#365);
#368=CURVE_STYLE('',#15,POSITIVE_LENGTH_MEASURE(2.E-2),#8);
#369=PRESENTATION_STYLE_ASSIGNMENT((#368));
#370=STYLED_ITEM('',(#369),#367);
#371=DIRECTION('',(0.E0,1.E0,0.E0));
#372=VECTOR('',#371,8.E-1);
#373=CARTESIAN_POINT('',(3.05E0,-2.2E0,1.55E0));
#374=LINE('',#373,#372);
#375=CURVE_STYLE('',#15,POSITIVE_LENGTH_MEASURE(2.E-2),#8);
#376=PRESENTATION_STYLE_ASSIGNMENT((#375));
#377=STYLED_ITEM('',(#376),#374);
#378=CARTESIAN_POINT('',(3.05E0,-1.4E0,1.45E0));
#379=DIRECTION('',(0.E0,-1.E0,0.E0));
#380=DIRECTION('',(0.E0,0.E0,1.E0));
#381=AXIS2_PLACEMENT_3D('',#378,#379,#380);
#383=CURVE_STYLE('',#15,POSITIVE_LENGTH_MEASURE(2.E-2),#8);
#384=PRESENTATION_STYLE_ASSIGNMENT((#383));
#385=STYLED_ITEM('',(#384),#382);
#386=DIRECTION('',(0.E0,1.E0,0.E0));
#387=VECTOR('',#386,8.E-1);
#388=CARTESIAN_POINT('',(3.05E0,-2.2E0,-1.55E0));
#389=LINE('',#388,#387);
#390=CURVE_STYLE('',#15,POSITIVE_LENGTH_MEASURE(2.E-2),#8);
#391=PRESENTATION_STYLE_ASSIGNMENT((#390));
#392=STYLED_ITEM('',(#391),#389);
#393=CARTESIAN_POINT('',(3.05E0,-2.2E0,-1.45E0));
#394=DIRECTION('',(0.E0,1.E0,0.E0));
#395=DIRECTION('',(0.E0,0.E0,-1.E0));
#396=AXIS2_PLACEMENT_3D('',#393,#394,#395);
#398=CURVE_STYLE('',#15,POSITIVE_LENGTH_MEASURE(2.E-2),#8);
#399=PRESENTATION_STYLE_ASSIGNMENT((#398));
#400=STYLED_ITEM('',(#399),#397);
#401=DIRECTION('',(0.E0,1.E0,0.E0));
#402=VECTOR('',#401,8.E-1);
#403=CARTESIAN_POINT('',(2.95E0,-2.2E0,-1.45E0));
#404=LINE('',#403,#402);
#405=CURVE_STYLE('',#15,POSITIVE_LENGTH_MEASURE(2.E-2),#8);
#406=PRESENTATION_STYLE_ASSIGNMENT((#405));
#407=STYLED_ITEM('',(#406),#404);
#408=CARTESIAN_POINT('',(3.05E0,-1.4E0,-1.45E0));
#409=DIRECTION('',(0.E0,-1.E0,0.E0));
#410=DIRECTION('',(-1.E0,0.E0,0.E0));
#411=AXIS2_PLACEMENT_3D('',#408,#409,#410);
#413=CURVE_STYLE('',#15,POSITIVE_LENGTH_MEASURE(2.E-2),#8);
#414=PRESENTATION_STYLE_ASSIGNMENT((#413));
#415=STYLED_ITEM('',(#414),#412);
#416=DIRECTION('',(0.E0,0.E0,-1.E0));
#417=VECTOR('',#416,2.9E0);
#418=CARTESIAN_POINT('',(2.95E0,-2.2E0,1.45E0));
#419=LINE('',#418,#417);
#420=CURVE_STYLE('',#15,POSITIVE_LENGTH_MEASURE(2.E-2),#8);
#421=PRESENTATION_STYLE_ASSIGNMENT((#420));
#422=STYLED_ITEM('',(#421),#419);
#423=DIRECTION('',(1.E0,0.E0,0.E0));
#424=VECTOR('',#423,2.9E0);
#425=CARTESIAN_POINT('',(3.05E0,-2.2E0,-1.55E0));
#426=LINE('',#425,#424);
#427=CURVE_STYLE('',#15,POSITIVE_LENGTH_MEASURE(2.E-2),#8);
#428=PRESENTATION_STYLE_ASSIGNMENT((#427));
#429=STYLED_ITEM('',(#428),#426);
#430=DIRECTION('',(0.E0,0.E0,1.E0));
#431=VECTOR('',#430,2.9E0);
#432=CARTESIAN_POINT('',(6.05E0,-2.2E0,-1.45E0));
#433=LINE('',#432,#431);
#434=CURVE_STYLE('',#15,POSITIVE_LENGTH_MEASURE(2.E-2),#8);
#435=PRESENTATION_STYLE_ASSIGNMENT((#434));
#436=STYLED_ITEM('',(#435),#433);
#437=DIRECTION('',(-1.E0,0.E0,0.E0));
#438=VECTOR('',#437,2.9E0);
#439=CARTESIAN_POINT('',(5.95E0,-2.2E0,1.55E0));
#440=LINE('',#439,#438);
#441=CURVE_STYLE('',#15,POSITIVE_LENGTH_MEASURE(2.E-2),#8);
#442=PRESENTATION_STYLE_ASSIGNMENT((#441));
#443=STYLED_ITEM('',(#442),#440);
#444=DIRECTION('',(-1.E0,0.E0,0.E0));
#445=VECTOR('',#444,2.9E0);
#446=CARTESIAN_POINT('',(-3.05E0,-2.2E0,-1.55E0));
#447=LINE('',#446,#445);
#448=CURVE_STYLE('',#15,POSITIVE_LENGTH_MEASURE(2.E-2),#8);
#449=PRESENTATION_STYLE_ASSIGNMENT((#448));
#450=STYLED_ITEM('',(#449),#447);
#451=DIRECTION('',(0.E0,0.E0,-1.E0));
#452=VECTOR('',#451,2.9E0);
#453=CARTESIAN_POINT('',(-2.95E0,-2.2E0,1.45E0));
#454=LINE('',#453,#452);
#455=CURVE_STYLE('',#15,POSITIVE_LENGTH_MEASURE(2.E-2),#8);
#456=PRESENTATION_STYLE_ASSIGNMENT((#455));
#457=STYLED_ITEM('',(#456),#454);
#458=DIRECTION('',(1.E0,0.E0,0.E0));
#459=VECTOR('',#458,2.9E0);
#460=CARTESIAN_POINT('',(-5.95E0,-2.2E0,1.55E0));
#461=LINE('',#460,#459);
#462=CURVE_STYLE('',#15,POSITIVE_LENGTH_MEASURE(2.E-2),#8);
#463=PRESENTATION_STYLE_ASSIGNMENT((#462));
#464=STYLED_ITEM('',(#463),#461);
#465=DIRECTION('',(0.E0,0.E0,1.E0));
#466=VECTOR('',#465,2.9E0);
#467=CARTESIAN_POINT('',(-6.05E0,-2.2E0,-1.45E0));
#468=LINE('',#467,#466);
#469=CURVE_STYLE('',#15,POSITIVE_LENGTH_MEASURE(2.E-2),#8);
#470=PRESENTATION_STYLE_ASSIGNMENT((#469));
#471=STYLED_ITEM('',(#470),#468);
#472=DIRECTION('',(-1.E0,0.E0,0.E0));
#473=VECTOR('',#472,4.45E0);
#474=CARTESIAN_POINT('',(6.2E0,-2.2E0,2.775E0));
#475=LINE('',#474,#473);
#476=CURVE_STYLE('',#15,POSITIVE_LENGTH_MEASURE(2.E-2),#8);
#477=PRESENTATION_STYLE_ASSIGNMENT((#476));
#478=STYLED_ITEM('',(#477),#475);
#479=DIRECTION('',(0.E0,0.E0,1.E0));
#480=VECTOR('',#479,9.419697220177E-1);
#481=CARTESIAN_POINT('',(6.2E0,-2.2E0,1.833030277982E0));
#482=LINE('',#481,#480);
#483=CURVE_STYLE('',#15,POSITIVE_LENGTH_MEASURE(2.E-2),#8);
#484=PRESENTATION_STYLE_ASSIGNMENT((#483));
#485=STYLED_ITEM('',(#484),#482);
#486=CARTESIAN_POINT('',(4.5E0,-2.2E0,0.E0));
#487=DIRECTION('',(0.E0,-1.E0,0.E0));
#488=DIRECTION('',(6.8E-1,0.E0,-7.332121111929E-1));
#489=AXIS2_PLACEMENT_3D('',#486,#487,#488);
#491=CURVE_STYLE('',#15,POSITIVE_LENGTH_MEASURE(2.E-2),#8);
#492=PRESENTATION_STYLE_ASSIGNMENT((#491));
#493=STYLED_ITEM('',(#492),#490);
#494=DIRECTION('',(0.E0,0.E0,1.E0));
#495=VECTOR('',#494,9.419697220177E-1);
#496=CARTESIAN_POINT('',(6.2E0,-2.2E0,-2.775E0));
#497=LINE('',#496,#495);
#498=CURVE_STYLE('',#15,POSITIVE_LENGTH_MEASURE(2.E-2),#8);
#499=PRESENTATION_STYLE_ASSIGNMENT((#498));
#500=STYLED_ITEM('',(#499),#497);
#501=DIRECTION('',(1.E0,0.E0,0.E0));
#502=VECTOR('',#501,3.45E0);
#503=CARTESIAN_POINT('',(2.75E0,-2.2E0,-2.775E0));
#504=LINE('',#503,#502);
#505=CURVE_STYLE('',#15,POSITIVE_LENGTH_MEASURE(2.E-2),#8);
#506=PRESENTATION_STYLE_ASSIGNMENT((#505));
#507=STYLED_ITEM('',(#506),#504);
#508=DIRECTION('',(0.E0,0.E0,-1.E0));
#509=VECTOR('',#508,5.E-1);
#510=CARTESIAN_POINT('',(2.75E0,-2.2E0,-2.775E0));
#511=LINE('',#510,#509);
#512=CURVE_STYLE('',#15,POSITIVE_LENGTH_MEASURE(2.E-2),#8);
#513=PRESENTATION_STYLE_ASSIGNMENT((#512));
#514=STYLED_ITEM('',(#513),#511);
#515=DIRECTION('',(-1.E0,0.E0,0.E0));
#516=VECTOR('',#515,1.E0);
#517=CARTESIAN_POINT('',(2.75E0,-2.2E0,-3.275E0));
#518=LINE('',#517,#516);
#519=CURVE_STYLE('',#15,POSITIVE_LENGTH_MEASURE(2.E-2),#8);
#520=PRESENTATION_STYLE_ASSIGNMENT((#519));
#521=STYLED_ITEM('',(#520),#518);
#522=DIRECTION('',(1.E0,0.E0,0.E0));
#523=VECTOR('',#522,1.E0);
#524=CARTESIAN_POINT('',(-2.75E0,-2.2E0,-3.275E0));
#525=LINE('',#524,#523);
#526=CURVE_STYLE('',#15,POSITIVE_LENGTH_MEASURE(2.E-2),#8);
#527=PRESENTATION_STYLE_ASSIGNMENT((#526));
#528=STYLED_ITEM('',(#527),#525);
#529=DIRECTION('',(0.E0,0.E0,-1.E0));
#530=VECTOR('',#529,5.E-1);
#531=CARTESIAN_POINT('',(-2.75E0,-2.2E0,-2.775E0));
#532=LINE('',#531,#530);
#533=CURVE_STYLE('',#15,POSITIVE_LENGTH_MEASURE(2.E-2),#8);
#534=PRESENTATION_STYLE_ASSIGNMENT((#533));
#535=STYLED_ITEM('',(#534),#532);
#536=DIRECTION('',(1.E0,0.E0,0.E0));
#537=VECTOR('',#536,3.45E0);
#538=CARTESIAN_POINT('',(-6.2E0,-2.2E0,-2.775E0));
#539=LINE('',#538,#537);
#540=CURVE_STYLE('',#15,POSITIVE_LENGTH_MEASURE(2.E-2),#8);
#541=PRESENTATION_STYLE_ASSIGNMENT((#540));
#542=STYLED_ITEM('',(#541),#539);
#543=DIRECTION('',(0.E0,0.E0,-1.E0));
#544=VECTOR('',#543,9.419697220177E-1);
#545=CARTESIAN_POINT('',(-6.2E0,-2.2E0,-1.833030277982E0));
#546=LINE('',#545,#544);
#547=CURVE_STYLE('',#15,POSITIVE_LENGTH_MEASURE(2.E-2),#8);
#548=PRESENTATION_STYLE_ASSIGNMENT((#547));
#549=STYLED_ITEM('',(#548),#546);
#550=CARTESIAN_POINT('',(-4.5E0,-2.2E0,0.E0));
#551=DIRECTION('',(0.E0,-1.E0,0.E0));
#552=DIRECTION('',(-6.8E-1,0.E0,7.332121111929E-1));
#553=AXIS2_PLACEMENT_3D('',#550,#551,#552);
#555=CURVE_STYLE('',#15,POSITIVE_LENGTH_MEASURE(2.E-2),#8);
#556=PRESENTATION_STYLE_ASSIGNMENT((#555));
#557=STYLED_ITEM('',(#556),#554);
#558=DIRECTION('',(0.E0,0.E0,-1.E0));
#559=VECTOR('',#558,9.419697220177E-1);
#560=CARTESIAN_POINT('',(-6.2E0,-2.2E0,2.775E0));
#561=LINE('',#560,#559);
#562=CURVE_STYLE('',#15,POSITIVE_LENGTH_MEASURE(2.E-2),#8);
#563=PRESENTATION_STYLE_ASSIGNMENT((#562));
#564=STYLED_ITEM('',(#563),#561);
#565=DIRECTION('',(-1.E0,0.E0,0.E0));
#566=VECTOR('',#565,4.45E0);
#567=CARTESIAN_POINT('',(-1.75E0,-2.2E0,2.775E0));
#568=LINE('',#567,#566);
#569=CURVE_STYLE('',#15,POSITIVE_LENGTH_MEASURE(2.E-2),#8);
#570=PRESENTATION_STYLE_ASSIGNMENT((#569));
#571=STYLED_ITEM('',(#570),#568);
#572=DIRECTION('',(0.E0,-1.E0,0.E0));
#573=VECTOR('',#572,8.E-1);
#574=CARTESIAN_POINT('',(-6.05E0,-1.4E0,-1.45E0));
#575=LINE('',#574,#573);
#576=CURVE_STYLE('',#15,POSITIVE_LENGTH_MEASURE(2.E-2),#8);
#577=PRESENTATION_STYLE_ASSIGNMENT((#576));
#578=STYLED_ITEM('',(#577),#575);
#579=CARTESIAN_POINT('',(-5.95E0,-1.4E0,-1.45E0));
#580=DIRECTION('',(0.E0,-1.E0,0.E0));
#581=DIRECTION('',(-1.E0,0.E0,0.E0));
#582=AXIS2_PLACEMENT_3D('',#579,#580,#581);
#584=CURVE_STYLE('',#15,POSITIVE_LENGTH_MEASURE(2.E-2),#8);
#585=PRESENTATION_STYLE_ASSIGNMENT((#584));
#586=STYLED_ITEM('',(#585),#583);
#587=DIRECTION('',(0.E0,-1.E0,0.E0));
#588=VECTOR('',#587,8.E-1);
#589=CARTESIAN_POINT('',(-5.95E0,-1.4E0,-1.55E0));
#590=LINE('',#589,#588);
#591=CURVE_STYLE('',#15,POSITIVE_LENGTH_MEASURE(2.E-2),#8);
#592=PRESENTATION_STYLE_ASSIGNMENT((#591));
#593=STYLED_ITEM('',(#592),#590);
#594=CARTESIAN_POINT('',(-5.95E0,-2.2E0,-1.45E0));
#595=DIRECTION('',(0.E0,1.E0,0.E0));
#596=DIRECTION('',(0.E0,0.E0,-1.E0));
#597=AXIS2_PLACEMENT_3D('',#594,#595,#596);
#599=CURVE_STYLE('',#15,POSITIVE_LENGTH_MEASURE(2.E-2),#8);
#600=PRESENTATION_STYLE_ASSIGNMENT((#599));
#601=STYLED_ITEM('',(#600),#598);
#602=DIRECTION('',(0.E0,-1.E0,0.E0));
#603=VECTOR('',#602,8.E-1);
#604=CARTESIAN_POINT('',(-5.95E0,-1.4E0,1.55E0));
#605=LINE('',#604,#603);
#606=CURVE_STYLE('',#15,POSITIVE_LENGTH_MEASURE(2.E-2),#8);
#607=PRESENTATION_STYLE_ASSIGNMENT((#606));
#608=STYLED_ITEM('',(#607),#605);
#609=CARTESIAN_POINT('',(-5.95E0,-1.4E0,1.45E0));
#610=DIRECTION('',(0.E0,-1.E0,0.E0));
#611=DIRECTION('',(0.E0,0.E0,1.E0));
#612=AXIS2_PLACEMENT_3D('',#609,#610,#611);
#614=CURVE_STYLE('',#15,POSITIVE_LENGTH_MEASURE(2.E-2),#8);
#615=PRESENTATION_STYLE_ASSIGNMENT((#614));
#616=STYLED_ITEM('',(#615),#613);
#617=DIRECTION('',(0.E0,-1.E0,0.E0));
#618=VECTOR('',#617,8.E-1);
#619=CARTESIAN_POINT('',(-6.05E0,-1.4E0,1.45E0));
#620=LINE('',#619,#618);
#621=CURVE_STYLE('',#15,POSITIVE_LENGTH_MEASURE(2.E-2),#8);
#622=PRESENTATION_STYLE_ASSIGNMENT((#621));
#623=STYLED_ITEM('',(#622),#620);
#624=CARTESIAN_POINT('',(-5.95E0,-2.2E0,1.45E0));
#625=DIRECTION('',(0.E0,1.E0,0.E0));
#626=DIRECTION('',(-1.E0,0.E0,0.E0));
#627=AXIS2_PLACEMENT_3D('',#624,#625,#626);
#629=CURVE_STYLE('',#15,POSITIVE_LENGTH_MEASURE(2.E-2),#8);
#630=PRESENTATION_STYLE_ASSIGNMENT((#629));
#631=STYLED_ITEM('',(#630),#628);
#632=DIRECTION('',(0.E0,-1.E0,0.E0));
#633=VECTOR('',#632,8.E-1);
#634=CARTESIAN_POINT('',(-2.95E0,-1.4E0,1.45E0));
#635=LINE('',#634,#633);
#636=CURVE_STYLE('',#15,POSITIVE_LENGTH_MEASURE(2.E-2),#8);
#637=PRESENTATION_STYLE_ASSIGNMENT((#636));
#638=STYLED_ITEM('',(#637),#635);
#639=CARTESIAN_POINT('',(-3.05E0,-1.4E0,1.45E0));
#640=DIRECTION('',(0.E0,-1.E0,0.E0));
#641=DIRECTION('',(1.E0,0.E0,0.E0));
#642=AXIS2_PLACEMENT_3D('',#639,#640,#641);
#644=CURVE_STYLE('',#15,POSITIVE_LENGTH_MEASURE(2.E-2),#8);
#645=PRESENTATION_STYLE_ASSIGNMENT((#644));
#646=STYLED_ITEM('',(#645),#643);
#647=DIRECTION('',(0.E0,-1.E0,0.E0));
#648=VECTOR('',#647,8.E-1);
#649=CARTESIAN_POINT('',(-3.05E0,-1.4E0,1.55E0));
#650=LINE('',#649,#648);
#651=CURVE_STYLE('',#15,POSITIVE_LENGTH_MEASURE(2.E-2),#8);
#652=PRESENTATION_STYLE_ASSIGNMENT((#651));
#653=STYLED_ITEM('',(#652),#650);
#654=CARTESIAN_POINT('',(-3.05E0,-2.2E0,1.45E0));
#655=DIRECTION('',(0.E0,1.E0,0.E0));
#656=DIRECTION('',(0.E0,0.E0,1.E0));
#657=AXIS2_PLACEMENT_3D('',#654,#655,#656);
#659=CURVE_STYLE('',#15,POSITIVE_LENGTH_MEASURE(2.E-2),#8);
#660=PRESENTATION_STYLE_ASSIGNMENT((#659));
#661=STYLED_ITEM('',(#660),#658);
#662=DIRECTION('',(0.E0,-1.E0,0.E0));
#663=VECTOR('',#662,8.E-1);
#664=CARTESIAN_POINT('',(-3.05E0,-1.4E0,-1.55E0));
#665=LINE('',#664,#663);
#666=CURVE_STYLE('',#15,POSITIVE_LENGTH_MEASURE(2.E-2),#8);
#667=PRESENTATION_STYLE_ASSIGNMENT((#666));
#668=STYLED_ITEM('',(#667),#665);
#669=CARTESIAN_POINT('',(-3.05E0,-1.4E0,-1.45E0));
#670=DIRECTION('',(0.E0,-1.E0,0.E0));
#671=DIRECTION('',(0.E0,0.E0,-1.E0));
#672=AXIS2_PLACEMENT_3D('',#669,#670,#671);
#674=CURVE_STYLE('',#15,POSITIVE_LENGTH_MEASURE(2.E-2),#8);
#675=PRESENTATION_STYLE_ASSIGNMENT((#674));
#676=STYLED_ITEM('',(#675),#673);
#677=DIRECTION('',(0.E0,-1.E0,0.E0));
#678=VECTOR('',#677,8.E-1);
#679=CARTESIAN_POINT('',(-2.95E0,-1.4E0,-1.45E0));
#680=LINE('',#679,#678);
#681=CURVE_STYLE('',#15,POSITIVE_LENGTH_MEASURE(2.E-2),#8);
#682=PRESENTATION_STYLE_ASSIGNMENT((#681));
#683=STYLED_ITEM('',(#682),#680);
#684=CARTESIAN_POINT('',(-3.05E0,-2.2E0,-1.45E0));
#685=DIRECTION('',(0.E0,1.E0,0.E0));
#686=DIRECTION('',(1.E0,0.E0,0.E0));
#687=AXIS2_PLACEMENT_3D('',#684,#685,#686);
#689=CURVE_STYLE('',#15,POSITIVE_LENGTH_MEASURE(2.E-2),#8);
#690=PRESENTATION_STYLE_ASSIGNMENT((#689));
#691=STYLED_ITEM('',(#690),#688);
#692=CARTESIAN_POINT('',(-4.5E0,-1.4E0,0.E0));
#693=DIRECTION('',(0.E0,-1.E0,0.E0));
#694=DIRECTION('',(1.E0,0.E0,0.E0));
#695=AXIS2_PLACEMENT_3D('',#692,#693,#694);
#697=CURVE_STYLE('',#15,POSITIVE_LENGTH_MEASURE(2.E-2),#8);
#698=PRESENTATION_STYLE_ASSIGNMENT((#697));
#699=STYLED_ITEM('',(#698),#696);
#700=CARTESIAN_POINT('',(-4.5E0,-1.4E0,0.E0));
#701=DIRECTION('',(0.E0,-1.E0,0.E0));
#702=DIRECTION('',(-1.E0,0.E0,0.E0));
#703=AXIS2_PLACEMENT_3D('',#700,#701,#702);
#705=CURVE_STYLE('',#15,POSITIVE_LENGTH_MEASURE(2.E-2),#8);
#706=PRESENTATION_STYLE_ASSIGNMENT((#705));
#707=STYLED_ITEM('',(#706),#704);
#708=DIRECTION('',(0.E0,0.E0,1.E0));
#709=VECTOR('',#708,2.9E0);
#710=CARTESIAN_POINT('',(-6.05E0,-1.4E0,-1.45E0));
#711=LINE('',#710,#709);
#712=CURVE_STYLE('',#15,POSITIVE_LENGTH_MEASURE(2.E-2),#8);
#713=PRESENTATION_STYLE_ASSIGNMENT((#712));
#714=STYLED_ITEM('',(#713),#711);
#715=DIRECTION('',(1.E0,0.E0,0.E0));
#716=VECTOR('',#715,2.9E0);
#717=CARTESIAN_POINT('',(-5.95E0,-1.4E0,1.55E0));
#718=LINE('',#717,#716);
#719=CURVE_STYLE('',#15,POSITIVE_LENGTH_MEASURE(2.E-2),#8);
#720=PRESENTATION_STYLE_ASSIGNMENT((#719));
#721=STYLED_ITEM('',(#720),#718);
#722=DIRECTION('',(0.E0,0.E0,-1.E0));
#723=VECTOR('',#722,2.9E0);
#724=CARTESIAN_POINT('',(-2.95E0,-1.4E0,1.45E0));
#725=LINE('',#724,#723);
#726=CURVE_STYLE('',#15,POSITIVE_LENGTH_MEASURE(2.E-2),#8);
#727=PRESENTATION_STYLE_ASSIGNMENT((#726));
#728=STYLED_ITEM('',(#727),#725);
#729=DIRECTION('',(-1.E0,0.E0,0.E0));
#730=VECTOR('',#729,2.9E0);
#731=CARTESIAN_POINT('',(-3.05E0,-1.4E0,-1.55E0));
#732=LINE('',#731,#730);
#733=CURVE_STYLE('',#15,POSITIVE_LENGTH_MEASURE(2.E-2),#8);
#734=PRESENTATION_STYLE_ASSIGNMENT((#733));
#735=STYLED_ITEM('',(#734),#732);
#736=DIRECTION('',(0.E0,-1.E0,0.E0));
#737=VECTOR('',#736,3.8E0);
#738=CARTESIAN_POINT('',(-6.E0,2.4E0,0.E0));
#739=LINE('',#738,#737);
#740=CURVE_STYLE('',#15,POSITIVE_LENGTH_MEASURE(2.E-2),#8);
#741=PRESENTATION_STYLE_ASSIGNMENT((#740));
#742=STYLED_ITEM('',(#741),#739);
#743=CARTESIAN_POINT('',(-4.5E0,2.4E0,0.E0));
#744=DIRECTION('',(0.E0,1.E0,0.E0));
#745=DIRECTION('',(-1.E0,0.E0,0.E0));
#746=AXIS2_PLACEMENT_3D('',#743,#744,#745);
#748=CURVE_STYLE('',#15,POSITIVE_LENGTH_MEASURE(2.E-2),#8);
#749=PRESENTATION_STYLE_ASSIGNMENT((#748));
#750=STYLED_ITEM('',(#749),#747);
#751=CARTESIAN_POINT('',(-4.5E0,2.4E0,0.E0));
#752=DIRECTION('',(0.E0,1.E0,0.E0));
#753=DIRECTION('',(1.E0,0.E0,0.E0));
#754=AXIS2_PLACEMENT_3D('',#751,#752,#753);
#756=CURVE_STYLE('',#15,POSITIVE_LENGTH_MEASURE(2.E-2),#8);
#757=PRESENTATION_STYLE_ASSIGNMENT((#756));
#758=STYLED_ITEM('',(#757),#755);
#759=CARTESIAN_POINT('',(-4.5E0,2.4E0,0.E0));
#760=DIRECTION('',(0.E0,-1.E0,0.E0));
#761=DIRECTION('',(1.E0,0.E0,0.E0));
#762=AXIS2_PLACEMENT_3D('',#759,#760,#761);
#764=CURVE_STYLE('',#15,POSITIVE_LENGTH_MEASURE(2.E-2),#8);
#765=PRESENTATION_STYLE_ASSIGNMENT((#764));
#766=STYLED_ITEM('',(#765),#763);
#767=CARTESIAN_POINT('',(-4.5E0,2.4E0,0.E0));
#768=DIRECTION('',(0.E0,-1.E0,0.E0));
#769=DIRECTION('',(-1.E0,0.E0,0.E0));
#770=AXIS2_PLACEMENT_3D('',#767,#768,#769);
#772=CURVE_STYLE('',#15,POSITIVE_LENGTH_MEASURE(2.E-2),#8);
#773=PRESENTATION_STYLE_ASSIGNMENT((#772));
#774=STYLED_ITEM('',(#773),#771);
#775=DIRECTION('',(0.E0,-1.E0,0.E0));
#776=VECTOR('',#775,1.E0);
#777=CARTESIAN_POINT('',(-6.1E0,3.4E0,0.E0));
#778=LINE('',#777,#776);
#779=CURVE_STYLE('',#15,POSITIVE_LENGTH_MEASURE(2.E-2),#8);
#780=PRESENTATION_STYLE_ASSIGNMENT((#779));
#781=STYLED_ITEM('',(#780),#778);
#782=DIRECTION('',(0.E0,-1.E0,0.E0));
#783=VECTOR('',#782,1.E0);
#784=CARTESIAN_POINT('',(-2.9E0,3.4E0,0.E0));
#785=LINE('',#784,#783);
#786=CURVE_STYLE('',#15,POSITIVE_LENGTH_MEASURE(2.E-2),#8);
#787=PRESENTATION_STYLE_ASSIGNMENT((#786));
#788=STYLED_ITEM('',(#787),#785);
#789=DIRECTION('',(0.E0,-1.E0,0.E0));
#790=VECTOR('',#789,3.8E0);
#791=CARTESIAN_POINT('',(-3.E0,2.4E0,0.E0));
#792=LINE('',#791,#790);
#793=CURVE_STYLE('',#15,POSITIVE_LENGTH_MEASURE(2.E-2),#8);
#794=PRESENTATION_STYLE_ASSIGNMENT((#793));
#795=STYLED_ITEM('',(#794),#792);
#796=DIRECTION('',(0.E0,0.E0,-1.E0));
#797=VECTOR('',#796,6.05E0);
#798=CARTESIAN_POINT('',(1.75E0,-2.2E0,2.775E0));
#799=LINE('',#798,#797);
#800=CURVE_STYLE('',#15,POSITIVE_LENGTH_MEASURE(2.E-2),#8);
#801=PRESENTATION_STYLE_ASSIGNMENT((#800));
#802=STYLED_ITEM('',(#801),#799);
#803=DIRECTION('',(0.E0,-1.E0,0.E0));
#804=VECTOR('',#803,5.6E0);
#805=CARTESIAN_POINT('',(1.75E0,3.4E0,-3.275E0));
#806=LINE('',#805,#804);
#807=CURVE_STYLE('',#15,POSITIVE_LENGTH_MEASURE(2.E-2),#8);
#808=PRESENTATION_STYLE_ASSIGNMENT((#807));
#809=STYLED_ITEM('',(#808),#806);
#810=DIRECTION('',(0.E0,-1.E0,0.E0));
#811=VECTOR('',#810,5.6E0);
#812=CARTESIAN_POINT('',(-2.75E0,3.4E0,-2.775E0));
#813=LINE('',#812,#811);
#814=CURVE_STYLE('',#15,POSITIVE_LENGTH_MEASURE(2.E-2),#8);
#815=PRESENTATION_STYLE_ASSIGNMENT((#814));
#816=STYLED_ITEM('',(#815),#813);
#817=DIRECTION('',(0.E0,-1.E0,0.E0));
#818=VECTOR('',#817,5.6E0);
#819=CARTESIAN_POINT('',(-6.2E0,3.4E0,-2.775E0));
#820=LINE('',#819,#818);
#821=CURVE_STYLE('',#15,POSITIVE_LENGTH_MEASURE(2.E-2),#8);
#822=PRESENTATION_STYLE_ASSIGNMENT((#821));
#823=STYLED_ITEM('',(#822),#820);
#824=DIRECTION('',(0.E0,-1.E0,0.E0));
#825=VECTOR('',#824,5.6E0);
#826=CARTESIAN_POINT('',(2.75E0,3.4E0,-2.775E0));
#827=LINE('',#826,#825);
#828=CURVE_STYLE('',#15,POSITIVE_LENGTH_MEASURE(2.E-2),#8);
#829=PRESENTATION_STYLE_ASSIGNMENT((#828));
#830=STYLED_ITEM('',(#829),#827);
#831=DIRECTION('',(-1.E0,0.E0,0.E0));
#832=VECTOR('',#831,1.5E0);
#833=CARTESIAN_POINT('',(-2.5E-1,-1.7E0,-2.775E0));
#834=LINE('',#833,#832);
#835=CURVE_STYLE('',#15,POSITIVE_LENGTH_MEASURE(2.E-2),#8);
#836=PRESENTATION_STYLE_ASSIGNMENT((#835));
#837=STYLED_ITEM('',(#836),#834);
#838=DIRECTION('',(0.E0,1.E0,0.E0));
#839=VECTOR('',#838,5.E-1);
#840=CARTESIAN_POINT('',(-2.5E-1,-2.2E0,-2.775E0));
#841=LINE('',#840,#839);
#842=CURVE_STYLE('',#15,POSITIVE_LENGTH_MEASURE(2.E-2),#8);
#843=PRESENTATION_STYLE_ASSIGNMENT((#842));
#844=STYLED_ITEM('',(#843),#841);
#845=DIRECTION('',(-1.E0,0.E0,0.E0));
#846=VECTOR('',#845,5.E-1);
#847=CARTESIAN_POINT('',(2.5E-1,-2.2E0,-2.775E0));
#848=LINE('',#847,#846);
#849=CURVE_STYLE('',#15,POSITIVE_LENGTH_MEASURE(2.E-2),#8);
#850=PRESENTATION_STYLE_ASSIGNMENT((#849));
#851=STYLED_ITEM('',(#850),#848);
#852=DIRECTION('',(0.E0,-1.E0,0.E0));
#853=VECTOR('',#852,5.E-1);
#854=CARTESIAN_POINT('',(2.5E-1,-1.7E0,-2.775E0));
#855=LINE('',#854,#853);
#856=CURVE_STYLE('',#15,POSITIVE_LENGTH_MEASURE(2.E-2),#8);
#857=PRESENTATION_STYLE_ASSIGNMENT((#856));
#858=STYLED_ITEM('',(#857),#855);
#859=DIRECTION('',(-1.E0,0.E0,0.E0));
#860=VECTOR('',#859,1.5E0);
#861=CARTESIAN_POINT('',(1.75E0,-1.7E0,-2.775E0));
#862=LINE('',#861,#860);
#863=CURVE_STYLE('',#15,POSITIVE_LENGTH_MEASURE(2.E-2),#8);
#864=PRESENTATION_STYLE_ASSIGNMENT((#863));
#865=STYLED_ITEM('',(#864),#862);
#866=DIRECTION('',(0.E0,-1.E0,0.E0));
#867=VECTOR('',#866,5.1E0);
#868=CARTESIAN_POINT('',(1.75E0,3.4E0,-2.775E0));
#869=LINE('',#868,#867);
#870=CURVE_STYLE('',#15,POSITIVE_LENGTH_MEASURE(2.E-2),#8);
#871=PRESENTATION_STYLE_ASSIGNMENT((#870));
#872=STYLED_ITEM('',(#871),#869);
#873=DIRECTION('',(0.E0,-1.E0,0.E0));
#874=VECTOR('',#873,5.1E0);
#875=CARTESIAN_POINT('',(-1.75E0,3.4E0,-2.775E0));
#876=LINE('',#875,#874);
#877=CURVE_STYLE('',#15,POSITIVE_LENGTH_MEASURE(2.E-2),#8);
#878=PRESENTATION_STYLE_ASSIGNMENT((#877));
#879=STYLED_ITEM('',(#878),#876);
#880=DIRECTION('',(0.E0,-1.E0,0.E0));
#881=VECTOR('',#880,5.6E0);
#882=CARTESIAN_POINT('',(-2.75E0,3.4E0,-3.275E0));
#883=LINE('',#882,#881);
#884=CURVE_STYLE('',#15,POSITIVE_LENGTH_MEASURE(2.E-2),#8);
#885=PRESENTATION_STYLE_ASSIGNMENT((#884));
#886=STYLED_ITEM('',(#885),#883);
#887=DIRECTION('',(0.E0,0.E0,1.E0));
#888=VECTOR('',#887,6.05E0);
#889=CARTESIAN_POINT('',(-1.75E0,-2.2E0,-3.275E0));
#890=LINE('',#889,#888);
#891=CURVE_STYLE('',#15,POSITIVE_LENGTH_MEASURE(2.E-2),#8);
#892=PRESENTATION_STYLE_ASSIGNMENT((#891));
#893=STYLED_ITEM('',(#892),#890);
#894=DIRECTION('',(0.E0,0.E0,-1.E0));
#895=VECTOR('',#894,5.55E0);
#896=CARTESIAN_POINT('',(-1.75E0,-1.7E0,2.775E0));
#897=LINE('',#896,#895);
#898=CURVE_STYLE('',#15,POSITIVE_LENGTH_MEASURE(2.E-2),#8);
#899=PRESENTATION_STYLE_ASSIGNMENT((#898));
#900=STYLED_ITEM('',(#899),#897);
#901=DIRECTION('',(0.E0,-1.E0,0.E0));
#902=VECTOR('',#901,5.6E0);
#903=CARTESIAN_POINT('',(-1.75E0,3.4E0,-3.275E0));
#904=LINE('',#903,#902);
#905=CURVE_STYLE('',#15,POSITIVE_LENGTH_MEASURE(2.E-2),#8);
#906=PRESENTATION_STYLE_ASSIGNMENT((#905));
#907=STYLED_ITEM('',(#906),#904);
#908=DIRECTION('',(0.E0,-1.E0,0.E0));
#909=VECTOR('',#908,1.7E0);
#910=CARTESIAN_POINT('',(-8.5E-1,0.E0,2.775E0));
#911=LINE('',#910,#909);
#912=CURVE_STYLE('',#15,POSITIVE_LENGTH_MEASURE(2.E-2),#8);
#913=PRESENTATION_STYLE_ASSIGNMENT((#912));
#914=STYLED_ITEM('',(#913),#911);
#915=DIRECTION('',(-1.E0,0.E0,0.E0));
#916=VECTOR('',#915,1.9E0);
#917=CARTESIAN_POINT('',(1.05E0,0.E0,2.775E0));
#918=LINE('',#917,#916);
#919=CURVE_STYLE('',#15,POSITIVE_LENGTH_MEASURE(2.E-2),#8);
#920=PRESENTATION_STYLE_ASSIGNMENT((#919));
#921=STYLED_ITEM('',(#920),#918);
#922=DIRECTION('',(0.E0,-1.E0,0.E0));
#923=VECTOR('',#922,3.4E0);
#924=CARTESIAN_POINT('',(1.05E0,3.4E0,2.775E0));
#925=LINE('',#924,#923);
#926=CURVE_STYLE('',#15,POSITIVE_LENGTH_MEASURE(2.E-2),#8);
#927=PRESENTATION_STYLE_ASSIGNMENT((#926));
#928=STYLED_ITEM('',(#927),#925);
#929=DIRECTION('',(0.E0,-1.E0,0.E0));
#930=VECTOR('',#929,5.6E0);
#931=CARTESIAN_POINT('',(6.2E0,3.4E0,2.775E0));
#932=LINE('',#931,#930);
#933=CURVE_STYLE('',#15,POSITIVE_LENGTH_MEASURE(2.E-2),#8);
#934=PRESENTATION_STYLE_ASSIGNMENT((#933));
#935=STYLED_ITEM('',(#934),#932);
#936=DIRECTION('',(0.E0,1.E0,0.E0));
#937=VECTOR('',#936,5.E-1);
#938=CARTESIAN_POINT('',(1.75E0,-2.2E0,2.775E0));
#939=LINE('',#938,#937);
#940=CURVE_STYLE('',#15,POSITIVE_LENGTH_MEASURE(2.E-2),#8);
#941=PRESENTATION_STYLE_ASSIGNMENT((#940));
#942=STYLED_ITEM('',(#941),#939);
#943=DIRECTION('',(-1.E0,0.E0,0.E0));
#944=VECTOR('',#943,1.5E0);
#945=CARTESIAN_POINT('',(1.75E0,-1.7E0,2.775E0));
#946=LINE('',#945,#944);
#947=CURVE_STYLE('',#15,POSITIVE_LENGTH_MEASURE(2.E-2),#8);
#948=PRESENTATION_STYLE_ASSIGNMENT((#947));
#949=STYLED_ITEM('',(#948),#946);
#950=DIRECTION('',(0.E0,-1.E0,0.E0));
#951=VECTOR('',#950,5.E-1);
#952=CARTESIAN_POINT('',(2.5E-1,-1.7E0,2.775E0));
#953=LINE('',#952,#951);
#954=CURVE_STYLE('',#15,POSITIVE_LENGTH_MEASURE(2.E-2),#8);
#955=PRESENTATION_STYLE_ASSIGNMENT((#954));
#956=STYLED_ITEM('',(#955),#953);
#957=DIRECTION('',(-1.E0,0.E0,0.E0));
#958=VECTOR('',#957,5.E-1);
#959=CARTESIAN_POINT('',(2.5E-1,-2.2E0,2.775E0));
#960=LINE('',#959,#958);
#961=CURVE_STYLE('',#15,POSITIVE_LENGTH_MEASURE(2.E-2),#8);
#962=PRESENTATION_STYLE_ASSIGNMENT((#961));
#963=STYLED_ITEM('',(#962),#960);
#964=DIRECTION('',(0.E0,1.E0,0.E0));
#965=VECTOR('',#964,5.E-1);
#966=CARTESIAN_POINT('',(-2.5E-1,-2.2E0,2.775E0));
#967=LINE('',#966,#965);
#968=CURVE_STYLE('',#15,POSITIVE_LENGTH_MEASURE(2.E-2),#8);
#969=PRESENTATION_STYLE_ASSIGNMENT((#968));
#970=STYLED_ITEM('',(#969),#967);
#971=DIRECTION('',(-1.E0,0.E0,0.E0));
#972=VECTOR('',#971,6.E-1);
#973=CARTESIAN_POINT('',(-2.5E-1,-1.7E0,2.775E0));
#974=LINE('',#973,#972);
#975=CURVE_STYLE('',#15,POSITIVE_LENGTH_MEASURE(2.E-2),#8);
#976=PRESENTATION_STYLE_ASSIGNMENT((#975));
#977=STYLED_ITEM('',(#976),#974);
#978=DIRECTION('',(0.E0,-1.E0,0.E0));
#979=VECTOR('',#978,5.1E0);
#980=CARTESIAN_POINT('',(-1.15E0,3.4E0,2.775E0));
#981=LINE('',#980,#979);
#982=CURVE_STYLE('',#15,POSITIVE_LENGTH_MEASURE(2.E-2),#8);
#983=PRESENTATION_STYLE_ASSIGNMENT((#982));
#984=STYLED_ITEM('',(#983),#981);
#985=DIRECTION('',(-1.E0,0.E0,0.E0));
#986=VECTOR('',#985,6.E-1);
#987=CARTESIAN_POINT('',(-1.15E0,-1.7E0,2.775E0));
#988=LINE('',#987,#986);
#989=CURVE_STYLE('',#15,POSITIVE_LENGTH_MEASURE(2.E-2),#8);
#990=PRESENTATION_STYLE_ASSIGNMENT((#989));
#991=STYLED_ITEM('',(#990),#988);
#992=DIRECTION('',(0.E0,1.E0,0.E0));
#993=VECTOR('',#992,5.E-1);
#994=CARTESIAN_POINT('',(-1.75E0,-2.2E0,2.775E0));
#995=LINE('',#994,#993);
#996=CURVE_STYLE('',#15,POSITIVE_LENGTH_MEASURE(2.E-2),#8);
#997=PRESENTATION_STYLE_ASSIGNMENT((#996));
#998=STYLED_ITEM('',(#997),#995);
#999=DIRECTION('',(0.E0,0.E0,1.E0));
#1000=VECTOR('',#999,5.55E0);
#1001=CARTESIAN_POINT('',(2.5E-1,-1.7E0,-2.775E0));
#1002=LINE('',#1001,#1000);
#1003=CURVE_STYLE('',#15,POSITIVE_LENGTH_MEASURE(2.E-2),#8);
#1004=PRESENTATION_STYLE_ASSIGNMENT((#1003));
#1005=STYLED_ITEM('',(#1004),#1002);
#1006=DIRECTION('',(0.E0,0.E0,-1.E0));
#1007=VECTOR('',#1006,5.55E0);
#1008=CARTESIAN_POINT('',(1.75E0,-1.7E0,2.775E0));
#1009=LINE('',#1008,#1007);
#1010=CURVE_STYLE('',#15,POSITIVE_LENGTH_MEASURE(2.E-2),#8);
#1011=PRESENTATION_STYLE_ASSIGNMENT((#1010));
#1012=STYLED_ITEM('',(#1011),#1009);
#1013=DIRECTION('',(0.E0,0.E0,-1.E0));
#1014=VECTOR('',#1013,1.5E-1);
#1015=CARTESIAN_POINT('',(-8.5E-1,-1.7E0,2.775E0));
#1016=LINE('',#1015,#1014);
#1017=CURVE_STYLE('',#15,POSITIVE_LENGTH_MEASURE(2.E-2),#8);
#1018=PRESENTATION_STYLE_ASSIGNMENT((#1017));
#1019=STYLED_ITEM('',(#1018),#1016);
#1020=DIRECTION('',(0.E0,0.E0,1.E0));
#1021=VECTOR('',#1020,5.55E0);
#1022=CARTESIAN_POINT('',(-2.5E-1,-1.7E0,-2.775E0));
#1023=LINE('',#1022,#1021);
#1024=CURVE_STYLE('',#15,POSITIVE_LENGTH_MEASURE(2.E-2),#8);
#1025=PRESENTATION_STYLE_ASSIGNMENT((#1024));
#1026=STYLED_ITEM('',(#1025),#1023);
#1027=DIRECTION('',(0.E0,0.E0,-1.E0));
#1028=VECTOR('',#1027,1.5E-1);
#1029=CARTESIAN_POINT('',(-1.15E0,-1.7E0,2.775E0));
#1030=LINE('',#1029,#1028);
#1031=CURVE_STYLE('',#15,POSITIVE_LENGTH_MEASURE(2.E-2),#8);
#1032=PRESENTATION_STYLE_ASSIGNMENT((#1031));
#1033=STYLED_ITEM('',(#1032),#1030);
#1034=DIRECTION('',(-1.E0,0.E0,0.E0));
#1035=VECTOR('',#1034,3.E-1);
#1036=CARTESIAN_POINT('',(-8.5E-1,-1.7E0,2.625E0));
#1037=LINE('',#1036,#1035);
#1038=CURVE_STYLE('',#15,POSITIVE_LENGTH_MEASURE(2.E-2),#8);
#1039=PRESENTATION_STYLE_ASSIGNMENT((#1038));
#1040=STYLED_ITEM('',(#1039),#1037);
#1041=CARTESIAN_POINT('',(1.E0,-1.7E0,-1.E0));
#1042=DIRECTION('',(0.E0,-1.E0,0.E0));
#1043=DIRECTION('',(1.E0,0.E0,0.E0));
#1044=AXIS2_PLACEMENT_3D('',#1041,#1042,#1043);
#1046=CURVE_STYLE('',#15,POSITIVE_LENGTH_MEASURE(2.E-2),#8);
#1047=PRESENTATION_STYLE_ASSIGNMENT((#1046));
#1048=STYLED_ITEM('',(#1047),#1045);
#1049=CARTESIAN_POINT('',(1.E0,-1.52E0,-1.E0));
#1050=DIRECTION('',(0.E0,-1.E0,0.E0));
#1051=DIRECTION('',(1.E0,0.E0,0.E0));
#1052=AXIS2_PLACEMENT_3D('',#1049,#1050,#1051);
#1054=CURVE_STYLE('',#15,POSITIVE_LENGTH_MEASURE(2.E-2),#8);
#1055=PRESENTATION_STYLE_ASSIGNMENT((#1054));
#1056=STYLED_ITEM('',(#1055),#1053);
#1057=CARTESIAN_POINT('',(1.E0,-1.7E0,-1.E0));
#1058=DIRECTION('',(0.E0,-1.E0,0.E0));
#1059=DIRECTION('',(-1.E0,0.E0,0.E0));
#1060=AXIS2_PLACEMENT_3D('',#1057,#1058,#1059);
#1062=CURVE_STYLE('',#15,POSITIVE_LENGTH_MEASURE(2.E-2),#8);
#1063=PRESENTATION_STYLE_ASSIGNMENT((#1062));
#1064=STYLED_ITEM('',(#1063),#1061);
#1065=DIRECTION('',(7.071067811865E-1,7.071067811865E-1,0.E0));
#1066=VECTOR('',#1065,2.545584412272E-1);
#1067=CARTESIAN_POINT('',(5.65E-1,-1.7E0,-1.E0));
#1068=LINE('',#1067,#1066);
#1069=CURVE_STYLE('',#15,POSITIVE_LENGTH_MEASURE(2.E-2),#8);
#1070=PRESENTATION_STYLE_ASSIGNMENT((#1069));
#1071=STYLED_ITEM('',(#1070),#1068);
#1072=CARTESIAN_POINT('',(1.E0,-1.52E0,-1.E0));
#1073=DIRECTION('',(0.E0,-1.E0,0.E0));
#1074=DIRECTION('',(-1.E0,0.E0,0.E0));
#1075=AXIS2_PLACEMENT_3D('',#1072,#1073,#1074);
#1077=CURVE_STYLE('',#15,POSITIVE_LENGTH_MEASURE(2.E-2),#8);
#1078=PRESENTATION_STYLE_ASSIGNMENT((#1077));
#1079=STYLED_ITEM('',(#1078),#1076);
#1080=DIRECTION('',(-7.071067811865E-1,7.071067811865E-1,0.E0));
#1081=VECTOR('',#1080,2.545584412272E-1);
#1082=CARTESIAN_POINT('',(1.435E0,-1.7E0,-1.E0));
#1083=LINE('',#1082,#1081);
#1084=CURVE_STYLE('',#15,POSITIVE_LENGTH_MEASURE(2.E-2),#8);
#1085=PRESENTATION_STYLE_ASSIGNMENT((#1084));
#1086=STYLED_ITEM('',(#1085),#1083);
#1087=DIRECTION('',(0.E0,-1.E0,0.E0));
#1088=VECTOR('',#1087,1.52E0);
#1089=CARTESIAN_POINT('',(7.45E-1,0.E0,-1.E0));
#1090=LINE('',#1089,#1088);
#1091=CURVE_STYLE('',#15,POSITIVE_LENGTH_MEASURE(2.E-2),#8);
#1092=PRESENTATION_STYLE_ASSIGNMENT((#1091));
#1093=STYLED_ITEM('',(#1092),#1090);
#1094=CARTESIAN_POINT('',(1.E0,0.E0,-1.E0));
#1095=DIRECTION('',(0.E0,-1.E0,0.E0));
#1096=DIRECTION('',(1.E0,0.E0,0.E0));
#1097=AXIS2_PLACEMENT_3D('',#1094,#1095,#1096);
#1099=CURVE_STYLE('',#15,POSITIVE_LENGTH_MEASURE(2.E-2),#8);
#1100=PRESENTATION_STYLE_ASSIGNMENT((#1099));
#1101=STYLED_ITEM('',(#1100),#1098);
#1102=CARTESIAN_POINT('',(1.E0,0.E0,-1.E0));
#1103=DIRECTION('',(0.E0,-1.E0,0.E0));
#1104=DIRECTION('',(-1.E0,0.E0,0.E0));
#1105=AXIS2_PLACEMENT_3D('',#1102,#1103,#1104);
#1107=CURVE_STYLE('',#15,POSITIVE_LENGTH_MEASURE(2.E-2),#8);
#1108=PRESENTATION_STYLE_ASSIGNMENT((#1107));
#1109=STYLED_ITEM('',(#1108),#1106);
#1110=CARTESIAN_POINT('',(-1.E0,0.E0,-1.E0));
#1111=DIRECTION('',(0.E0,-1.E0,0.E0));
#1112=DIRECTION('',(1.E0,0.E0,0.E0));
#1113=AXIS2_PLACEMENT_3D('',#1110,#1111,#1112);
#1115=CURVE_STYLE('',#15,POSITIVE_LENGTH_MEASURE(2.E-2),#8);
#1116=PRESENTATION_STYLE_ASSIGNMENT((#1115));
#1117=STYLED_ITEM('',(#1116),#1114);
#1118=CARTESIAN_POINT('',(-1.E0,0.E0,-1.E0));
#1119=DIRECTION('',(0.E0,-1.E0,0.E0));
#1120=DIRECTION('',(-1.E0,0.E0,0.E0));
#1121=AXIS2_PLACEMENT_3D('',#1118,#1119,#1120);
#1123=CURVE_STYLE('',#15,POSITIVE_LENGTH_MEASURE(2.E-2),#8);
#1124=PRESENTATION_STYLE_ASSIGNMENT((#1123));
#1125=STYLED_ITEM('',(#1124),#1122);
#1126=CARTESIAN_POINT('',(-1.E0,0.E0,1.E0));
#1127=DIRECTION('',(0.E0,-1.E0,0.E0));
#1128=DIRECTION('',(1.E0,0.E0,0.E0));
#1129=AXIS2_PLACEMENT_3D('',#1126,#1127,#1128);
#1131=CURVE_STYLE('',#15,POSITIVE_LENGTH_MEASURE(2.E-2),#8);
#1132=PRESENTATION_STYLE_ASSIGNMENT((#1131));
#1133=STYLED_ITEM('',(#1132),#1130);
#1134=CARTESIAN_POINT('',(-1.E0,0.E0,1.E0));
#1135=DIRECTION('',(0.E0,-1.E0,0.E0));
#1136=DIRECTION('',(-1.E0,0.E0,0.E0));
#1137=AXIS2_PLACEMENT_3D('',#1134,#1135,#1136);
#1139=CURVE_STYLE('',#15,POSITIVE_LENGTH_MEASURE(2.E-2),#8);
#1140=PRESENTATION_STYLE_ASSIGNMENT((#1139));
#1141=STYLED_ITEM('',(#1140),#1138);
#1142=CARTESIAN_POINT('',(1.E0,0.E0,1.E0));
#1143=DIRECTION('',(0.E0,-1.E0,0.E0));
#1144=DIRECTION('',(1.E0,0.E0,0.E0));
#1145=AXIS2_PLACEMENT_3D('',#1142,#1143,#1144);
#1147=CURVE_STYLE('',#15,POSITIVE_LENGTH_MEASURE(2.E-2),#8);
#1148=PRESENTATION_STYLE_ASSIGNMENT((#1147));
#1149=STYLED_ITEM('',(#1148),#1146);
#1150=CARTESIAN_POINT('',(1.E0,0.E0,1.E0));
#1151=DIRECTION('',(0.E0,-1.E0,0.E0));
#1152=DIRECTION('',(-1.E0,0.E0,0.E0));
#1153=AXIS2_PLACEMENT_3D('',#1150,#1151,#1152);
#1155=CURVE_STYLE('',#15,POSITIVE_LENGTH_MEASURE(2.E-2),#8);
#1156=PRESENTATION_STYLE_ASSIGNMENT((#1155));
#1157=STYLED_ITEM('',(#1156),#1154);
#1158=DIRECTION('',(0.E0,0.E0,-1.E0));
#1159=VECTOR('',#1158,1.5E-1);
#1160=CARTESIAN_POINT('',(-8.5E-1,0.E0,2.775E0));
#1161=LINE('',#1160,#1159);
#1162=CURVE_STYLE('',#15,POSITIVE_LENGTH_MEASURE(2.E-2),#8);
#1163=PRESENTATION_STYLE_ASSIGNMENT((#1162));
#1164=STYLED_ITEM('',(#1163),#1161);
#1165=DIRECTION('',(-1.E0,0.E0,0.E0));
#1166=VECTOR('',#1165,2.E-1);
#1167=CARTESIAN_POINT('',(-8.5E-1,0.E0,2.625E0));
#1168=LINE('',#1167,#1166);
#1169=CURVE_STYLE('',#15,POSITIVE_LENGTH_MEASURE(2.E-2),#8);
#1170=PRESENTATION_STYLE_ASSIGNMENT((#1169));
#1171=STYLED_ITEM('',(#1170),#1168);
#1172=DIRECTION('',(0.E0,0.E0,-1.E0));
#1173=VECTOR('',#1172,4.75E-1);
#1174=CARTESIAN_POINT('',(-1.05E0,0.E0,2.625E0));
#1175=LINE('',#1174,#1173);
#1176=CURVE_STYLE('',#15,POSITIVE_LENGTH_MEASURE(2.E-2),#8);
#1177=PRESENTATION_STYLE_ASSIGNMENT((#1176));
#1178=STYLED_ITEM('',(#1177),#1175);
#1179=DIRECTION('',(-1.E0,0.E0,0.E0));
#1180=VECTOR('',#1179,1.25E0);
#1181=CARTESIAN_POINT('',(-1.05E0,0.E0,2.15E0));
#1182=LINE('',#1181,#1180);
#1183=CURVE_STYLE('',#15,POSITIVE_LENGTH_MEASURE(2.E-2),#8);
#1184=PRESENTATION_STYLE_ASSIGNMENT((#1183));
#1185=STYLED_ITEM('',(#1184),#1182);
#1186=DIRECTION('',(0.E0,0.E0,-1.E0));
#1187=VECTOR('',#1186,4.3E0);
#1188=CARTESIAN_POINT('',(-2.3E0,0.E0,2.15E0));
#1189=LINE('',#1188,#1187);
#1190=CURVE_STYLE('',#15,POSITIVE_LENGTH_MEASURE(2.E-2),#8);
#1191=PRESENTATION_STYLE_ASSIGNMENT((#1190));
#1192=STYLED_ITEM('',(#1191),#1189);
#1193=DIRECTION('',(1.E0,0.E0,0.E0));
#1194=VECTOR('',#1193,4.6E0);
#1195=CARTESIAN_POINT('',(-2.3E0,0.E0,-2.15E0));
#1196=LINE('',#1195,#1194);
#1197=CURVE_STYLE('',#15,POSITIVE_LENGTH_MEASURE(2.E-2),#8);
#1198=PRESENTATION_STYLE_ASSIGNMENT((#1197));
#1199=STYLED_ITEM('',(#1198),#1196);
#1200=DIRECTION('',(0.E0,0.E0,1.E0));
#1201=VECTOR('',#1200,4.3E0);
#1202=CARTESIAN_POINT('',(2.3E0,0.E0,-2.15E0));
#1203=LINE('',#1202,#1201);
#1204=CURVE_STYLE('',#15,POSITIVE_LENGTH_MEASURE(2.E-2),#8);
#1205=PRESENTATION_STYLE_ASSIGNMENT((#1204));
#1206=STYLED_ITEM('',(#1205),#1203);
#1207=DIRECTION('',(-1.E0,0.E0,0.E0));
#1208=VECTOR('',#1207,1.25E0);
#1209=CARTESIAN_POINT('',(2.3E0,0.E0,2.15E0));
#1210=LINE('',#1209,#1208);
#1211=CURVE_STYLE('',#15,POSITIVE_LENGTH_MEASURE(2.E-2),#8);
#1212=PRESENTATION_STYLE_ASSIGNMENT((#1211));
#1213=STYLED_ITEM('',(#1212),#1210);
#1214=DIRECTION('',(0.E0,0.E0,1.E0));
#1215=VECTOR('',#1214,6.25E-1);
#1216=CARTESIAN_POINT('',(1.05E0,0.E0,2.15E0));
#1217=LINE('',#1216,#1215);
#1218=CURVE_STYLE('',#15,POSITIVE_LENGTH_MEASURE(2.E-2),#8);
#1219=PRESENTATION_STYLE_ASSIGNMENT((#1218));
#1220=STYLED_ITEM('',(#1219),#1217);
#1221=DIRECTION('',(0.E0,-1.E0,0.E0));
#1222=VECTOR('',#1221,1.52E0);
#1223=CARTESIAN_POINT('',(1.255E0,0.E0,-1.E0));
#1224=LINE('',#1223,#1222);
#1225=CURVE_STYLE('',#15,POSITIVE_LENGTH_MEASURE(2.E-2),#8);
#1226=PRESENTATION_STYLE_ASSIGNMENT((#1225));
#1227=STYLED_ITEM('',(#1226),#1224);
#1228=DIRECTION('',(0.E0,-1.E0,0.E0));
#1229=VECTOR('',#1228,1.52E0);
#1230=CARTESIAN_POINT('',(-7.45E-1,0.E0,-1.E0));
#1231=LINE('',#1230,#1229);
#1232=CURVE_STYLE('',#15,POSITIVE_LENGTH_MEASURE(2.E-2),#8);
#1233=PRESENTATION_STYLE_ASSIGNMENT((#1232));
#1234=STYLED_ITEM('',(#1233),#1231);
#1235=DIRECTION('',(0.E0,-1.E0,0.E0));
#1236=VECTOR('',#1235,1.52E0);
#1237=CARTESIAN_POINT('',(-1.255E0,0.E0,-1.E0));
#1238=LINE('',#1237,#1236);
#1239=CURVE_STYLE('',#15,POSITIVE_LENGTH_MEASURE(2.E-2),#8);
#1240=PRESENTATION_STYLE_ASSIGNMENT((#1239));
#1241=STYLED_ITEM('',(#1240),#1238);
#1242=CARTESIAN_POINT('',(-1.E0,-1.7E0,-1.E0));
#1243=DIRECTION('',(0.E0,-1.E0,0.E0));
#1244=DIRECTION('',(-1.E0,0.E0,0.E0));
#1245=AXIS2_PLACEMENT_3D('',#1242,#1243,#1244);
#1247=CURVE_STYLE('',#15,POSITIVE_LENGTH_MEASURE(2.E-2),#8);
#1248=PRESENTATION_STYLE_ASSIGNMENT((#1247));
#1249=STYLED_ITEM('',(#1248),#1246);
#1250=DIRECTION('',(7.071067811865E-1,7.071067811865E-1,0.E0));
#1251=VECTOR('',#1250,2.545584412272E-1);
#1252=CARTESIAN_POINT('',(-1.435E0,-1.7E0,-1.E0));
#1253=LINE('',#1252,#1251);
#1254=CURVE_STYLE('',#15,POSITIVE_LENGTH_MEASURE(2.E-2),#8);
#1255=PRESENTATION_STYLE_ASSIGNMENT((#1254));
#1256=STYLED_ITEM('',(#1255),#1253);
#1257=CARTESIAN_POINT('',(-1.E0,-1.52E0,-1.E0));
#1258=DIRECTION('',(0.E0,-1.E0,0.E0));
#1259=DIRECTION('',(-1.E0,0.E0,0.E0));
#1260=AXIS2_PLACEMENT_3D('',#1257,#1258,#1259);
#1262=CURVE_STYLE('',#15,POSITIVE_LENGTH_MEASURE(2.E-2),#8);
#1263=PRESENTATION_STYLE_ASSIGNMENT((#1262));
#1264=STYLED_ITEM('',(#1263),#1261);
#1265=DIRECTION('',(-7.071067811865E-1,7.071067811865E-1,0.E0));
#1266=VECTOR('',#1265,2.545584412272E-1);
#1267=CARTESIAN_POINT('',(-5.65E-1,-1.7E0,-1.E0));
#1268=LINE('',#1267,#1266);
#1269=CURVE_STYLE('',#15,POSITIVE_LENGTH_MEASURE(2.E-2),#8);
#1270=PRESENTATION_STYLE_ASSIGNMENT((#1269));
#1271=STYLED_ITEM('',(#1270),#1268);
#1272=CARTESIAN_POINT('',(-1.E0,-1.7E0,-1.E0));
#1273=DIRECTION('',(0.E0,-1.E0,0.E0));
#1274=DIRECTION('',(1.E0,0.E0,0.E0));
#1275=AXIS2_PLACEMENT_3D('',#1272,#1273,#1274);
#1277=CURVE_STYLE('',#15,POSITIVE_LENGTH_MEASURE(2.E-2),#8);
#1278=PRESENTATION_STYLE_ASSIGNMENT((#1277));
#1279=STYLED_ITEM('',(#1278),#1276);
#1280=CARTESIAN_POINT('',(-1.E0,-1.52E0,-1.E0));
#1281=DIRECTION('',(0.E0,-1.E0,0.E0));
#1282=DIRECTION('',(1.E0,0.E0,0.E0));
#1283=AXIS2_PLACEMENT_3D('',#1280,#1281,#1282);
#1285=CURVE_STYLE('',#15,POSITIVE_LENGTH_MEASURE(2.E-2),#8);
#1286=PRESENTATION_STYLE_ASSIGNMENT((#1285));
#1287=STYLED_ITEM('',(#1286),#1284);
#1288=DIRECTION('',(0.E0,-1.E0,0.E0));
#1289=VECTOR('',#1288,1.52E0);
#1290=CARTESIAN_POINT('',(-7.45E-1,0.E0,1.E0));
#1291=LINE('',#1290,#1289);
#1292=CURVE_STYLE('',#15,POSITIVE_LENGTH_MEASURE(2.E-2),#8);
#1293=PRESENTATION_STYLE_ASSIGNMENT((#1292));
#1294=STYLED_ITEM('',(#1293),#1291);
#1295=DIRECTION('',(0.E0,-1.E0,0.E0));
#1296=VECTOR('',#1295,1.52E0);
#1297=CARTESIAN_POINT('',(-1.255E0,0.E0,1.E0));
#1298=LINE('',#1297,#1296);
#1299=CURVE_STYLE('',#15,POSITIVE_LENGTH_MEASURE(2.E-2),#8);
#1300=PRESENTATION_STYLE_ASSIGNMENT((#1299));
#1301=STYLED_ITEM('',(#1300),#1298);
#1302=CARTESIAN_POINT('',(-1.E0,-1.7E0,1.E0));
#1303=DIRECTION('',(0.E0,-1.E0,0.E0));
#1304=DIRECTION('',(-1.E0,0.E0,0.E0));
#1305=AXIS2_PLACEMENT_3D('',#1302,#1303,#1304);
#1307=CURVE_STYLE('',#15,POSITIVE_LENGTH_MEASURE(2.E-2),#8);
#1308=PRESENTATION_STYLE_ASSIGNMENT((#1307));
#1309=STYLED_ITEM('',(#1308),#1306);
#1310=CARTESIAN_POINT('',(-1.E0,-1.52E0,1.E0));
#1311=DIRECTION('',(0.E0,-1.E0,0.E0));
#1312=DIRECTION('',(-1.E0,0.E0,0.E0));
#1313=AXIS2_PLACEMENT_3D('',#1310,#1311,#1312);
#1315=CURVE_STYLE('',#15,POSITIVE_LENGTH_MEASURE(2.E-2),#8);
#1316=PRESENTATION_STYLE_ASSIGNMENT((#1315));
#1317=STYLED_ITEM('',(#1316),#1314);
#1318=CARTESIAN_POINT('',(-1.E0,-1.7E0,1.E0));
#1319=DIRECTION('',(0.E0,-1.E0,0.E0));
#1320=DIRECTION('',(1.E0,0.E0,0.E0));
#1321=AXIS2_PLACEMENT_3D('',#1318,#1319,#1320);
#1323=CURVE_STYLE('',#15,POSITIVE_LENGTH_MEASURE(2.E-2),#8);
#1324=PRESENTATION_STYLE_ASSIGNMENT((#1323));
#1325=STYLED_ITEM('',(#1324),#1322);
#1326=DIRECTION('',(-7.071067811865E-1,7.071067811865E-1,0.E0));
#1327=VECTOR('',#1326,2.545584412272E-1);
#1328=CARTESIAN_POINT('',(-5.65E-1,-1.7E0,1.E0));
#1329=LINE('',#1328,#1327);
#1330=CURVE_STYLE('',#15,POSITIVE_LENGTH_MEASURE(2.E-2),#8);
#1331=PRESENTATION_STYLE_ASSIGNMENT((#1330));
#1332=STYLED_ITEM('',(#1331),#1329);
#1333=CARTESIAN_POINT('',(-1.E0,-1.52E0,1.E0));
#1334=DIRECTION('',(0.E0,-1.E0,0.E0));
#1335=DIRECTION('',(1.E0,0.E0,0.E0));
#1336=AXIS2_PLACEMENT_3D('',#1333,#1334,#1335);
#1338=CURVE_STYLE('',#15,POSITIVE_LENGTH_MEASURE(2.E-2),#8);
#1339=PRESENTATION_STYLE_ASSIGNMENT((#1338));
#1340=STYLED_ITEM('',(#1339),#1337);
#1341=DIRECTION('',(7.071067811865E-1,7.071067811865E-1,0.E0));
#1342=VECTOR('',#1341,2.545584412272E-1);
#1343=CARTESIAN_POINT('',(-1.435E0,-1.7E0,1.E0));
#1344=LINE('',#1343,#1342);
#1345=CURVE_STYLE('',#15,POSITIVE_LENGTH_MEASURE(2.E-2),#8);
#1346=PRESENTATION_STYLE_ASSIGNMENT((#1345));
#1347=STYLED_ITEM('',(#1346),#1344);
#1348=DIRECTION('',(0.E0,-1.E0,0.E0));
#1349=VECTOR('',#1348,1.52E0);
#1350=CARTESIAN_POINT('',(1.255E0,0.E0,1.E0));
#1351=LINE('',#1350,#1349);
#1352=CURVE_STYLE('',#15,POSITIVE_LENGTH_MEASURE(2.E-2),#8);
#1353=PRESENTATION_STYLE_ASSIGNMENT((#1352));
#1354=STYLED_ITEM('',(#1353),#1351);
#1355=DIRECTION('',(0.E0,-1.E0,0.E0));
#1356=VECTOR('',#1355,1.52E0);
#1357=CARTESIAN_POINT('',(7.45E-1,0.E0,1.E0));
#1358=LINE('',#1357,#1356);
#1359=CURVE_STYLE('',#15,POSITIVE_LENGTH_MEASURE(2.E-2),#8);
#1360=PRESENTATION_STYLE_ASSIGNMENT((#1359));
#1361=STYLED_ITEM('',(#1360),#1358);
#1362=CARTESIAN_POINT('',(1.E0,-1.7E0,1.E0));
#1363=DIRECTION('',(0.E0,-1.E0,0.E0));
#1364=DIRECTION('',(-1.E0,0.E0,0.E0));
#1365=AXIS2_PLACEMENT_3D('',#1362,#1363,#1364);
#1367=CURVE_STYLE('',#15,POSITIVE_LENGTH_MEASURE(2.E-2),#8);
#1368=PRESENTATION_STYLE_ASSIGNMENT((#1367));
#1369=STYLED_ITEM('',(#1368),#1366);
#1370=CARTESIAN_POINT('',(1.E0,-1.52E0,1.E0));
#1371=DIRECTION('',(0.E0,-1.E0,0.E0));
#1372=DIRECTION('',(-1.E0,0.E0,0.E0));
#1373=AXIS2_PLACEMENT_3D('',#1370,#1371,#1372);
#1375=CURVE_STYLE('',#15,POSITIVE_LENGTH_MEASURE(2.E-2),#8);
#1376=PRESENTATION_STYLE_ASSIGNMENT((#1375));
#1377=STYLED_ITEM('',(#1376),#1374);
#1378=CARTESIAN_POINT('',(1.E0,-1.7E0,1.E0));
#1379=DIRECTION('',(0.E0,-1.E0,0.E0));
#1380=DIRECTION('',(1.E0,0.E0,0.E0));
#1381=AXIS2_PLACEMENT_3D('',#1378,#1379,#1380);
#1383=CURVE_STYLE('',#15,POSITIVE_LENGTH_MEASURE(2.E-2),#8);
#1384=PRESENTATION_STYLE_ASSIGNMENT((#1383));
#1385=STYLED_ITEM('',(#1384),#1382);
#1386=DIRECTION('',(-7.071067811865E-1,7.071067811865E-1,0.E0));
#1387=VECTOR('',#1386,2.545584412272E-1);
#1388=CARTESIAN_POINT('',(1.435E0,-1.7E0,1.E0));
#1389=LINE('',#1388,#1387);
#1390=CURVE_STYLE('',#15,POSITIVE_LENGTH_MEASURE(2.E-2),#8);
#1391=PRESENTATION_STYLE_ASSIGNMENT((#1390));
#1392=STYLED_ITEM('',(#1391),#1389);
#1393=CARTESIAN_POINT('',(1.E0,-1.52E0,1.E0));
#1394=DIRECTION('',(0.E0,-1.E0,0.E0));
#1395=DIRECTION('',(1.E0,0.E0,0.E0));
#1396=AXIS2_PLACEMENT_3D('',#1393,#1394,#1395);
#1398=CURVE_STYLE('',#15,POSITIVE_LENGTH_MEASURE(2.E-2),#8);
#1399=PRESENTATION_STYLE_ASSIGNMENT((#1398));
#1400=STYLED_ITEM('',(#1399),#1397);
#1401=DIRECTION('',(7.071067811865E-1,7.071067811865E-1,0.E0));
#1402=VECTOR('',#1401,2.545584412272E-1);
#1403=CARTESIAN_POINT('',(5.65E-1,-1.7E0,1.E0));
#1404=LINE('',#1403,#1402);
#1405=CURVE_STYLE('',#15,POSITIVE_LENGTH_MEASURE(2.E-2),#8);
#1406=PRESENTATION_STYLE_ASSIGNMENT((#1405));
#1407=STYLED_ITEM('',(#1406),#1404);
#1408=DIRECTION('',(0.E0,-1.E0,0.E0));
#1409=VECTOR('',#1408,1.7E0);
#1410=CARTESIAN_POINT('',(-8.5E-1,0.E0,2.625E0));
#1411=LINE('',#1410,#1409);
#1412=CURVE_STYLE('',#15,POSITIVE_LENGTH_MEASURE(2.E-2),#8);
#1413=PRESENTATION_STYLE_ASSIGNMENT((#1412));
#1414=STYLED_ITEM('',(#1413),#1411);
#1415=DIRECTION('',(0.E0,-1.E0,0.E0));
#1416=VECTOR('',#1415,3.4E0);
#1417=CARTESIAN_POINT('',(-1.05E0,3.4E0,2.625E0));
#1418=LINE('',#1417,#1416);
#1419=CURVE_STYLE('',#15,POSITIVE_LENGTH_MEASURE(2.E-2),#8);
#1420=PRESENTATION_STYLE_ASSIGNMENT((#1419));
#1421=STYLED_ITEM('',(#1420),#1418);
#1422=DIRECTION('',(-1.E0,0.E0,0.E0));
#1423=VECTOR('',#1422,1.452072594216E0);
#1424=CARTESIAN_POINT('',(-1.05E0,3.4E0,2.352072594216E0));
#1425=LINE('',#1424,#1423);
#1426=CURVE_STYLE('',#15,POSITIVE_LENGTH_MEASURE(2.E-2),#8);
#1427=PRESENTATION_STYLE_ASSIGNMENT((#1426));
#1428=STYLED_ITEM('',(#1427),#1425);
#1429=DIRECTION('',(4.472135955E-1,-7.745966692415E-1,-4.472135955E-1));
#1430=VECTOR('',#1429,4.518480570575E-1);
#1431=CARTESIAN_POINT('',(-2.502072594216E0,3.4E0,2.352072594216E0));
#1432=LINE('',#1431,#1430);
#1433=CURVE_STYLE('',#15,POSITIVE_LENGTH_MEASURE(2.E-2),#8);
#1434=PRESENTATION_STYLE_ASSIGNMENT((#1433));
#1435=STYLED_ITEM('',(#1434),#1432);
#1436=DIRECTION('',(-1.E0,0.E0,0.E0));
#1437=VECTOR('',#1436,1.25E0);
#1438=CARTESIAN_POINT('',(-1.05E0,3.05E0,2.15E0));
#1439=LINE('',#1438,#1437);
#1440=CURVE_STYLE('',#15,POSITIVE_LENGTH_MEASURE(2.E-2),#8);
#1441=PRESENTATION_STYLE_ASSIGNMENT((#1440));
#1442=STYLED_ITEM('',(#1441),#1439);
#1443=DIRECTION('',(0.E0,-8.660254037844E-1,-5.E-1));
#1444=VECTOR('',#1443,4.041451884327E-1);
#1445=CARTESIAN_POINT('',(-1.05E0,3.4E0,2.352072594216E0));
#1446=LINE('',#1445,#1444);
#1447=CURVE_STYLE('',#15,POSITIVE_LENGTH_MEASURE(2.E-2),#8);
#1448=PRESENTATION_STYLE_ASSIGNMENT((#1447));
#1449=STYLED_ITEM('',(#1448),#1446);
#1450=DIRECTION('',(0.E0,0.E0,-1.E0));
#1451=VECTOR('',#1450,4.704145188433E0);
#1452=CARTESIAN_POINT('',(-2.502072594216E0,3.4E0,2.352072594216E0));
#1453=LINE('',#1452,#1451);
#1454=CURVE_STYLE('',#15,POSITIVE_LENGTH_MEASURE(2.E-2),#8);
#1455=PRESENTATION_STYLE_ASSIGNMENT((#1454));
#1456=STYLED_ITEM('',(#1455),#1453);
#1457=DIRECTION('',(4.472135955E-1,-7.745966692415E-1,4.472135955E-1));
#1458=VECTOR('',#1457,4.518480570575E-1);
#1459=CARTESIAN_POINT('',(-2.502072594216E0,3.4E0,-2.352072594216E0));
#1460=LINE('',#1459,#1458);
#1461=CURVE_STYLE('',#15,POSITIVE_LENGTH_MEASURE(2.E-2),#8);
#1462=PRESENTATION_STYLE_ASSIGNMENT((#1461));
#1463=STYLED_ITEM('',(#1462),#1460);
#1464=DIRECTION('',(0.E0,0.E0,-1.E0));
#1465=VECTOR('',#1464,4.3E0);
#1466=CARTESIAN_POINT('',(-2.3E0,3.05E0,2.15E0));
#1467=LINE('',#1466,#1465);
#1468=CURVE_STYLE('',#15,POSITIVE_LENGTH_MEASURE(2.E-2),#8);
#1469=PRESENTATION_STYLE_ASSIGNMENT((#1468));
#1470=STYLED_ITEM('',(#1469),#1467);
#1471=DIRECTION('',(1.E0,0.E0,0.E0));
#1472=VECTOR('',#1471,5.004145188433E0);
#1473=CARTESIAN_POINT('',(-2.502072594216E0,3.4E0,-2.352072594216E0));
#1474=LINE('',#1473,#1472);
#1475=CURVE_STYLE('',#15,POSITIVE_LENGTH_MEASURE(2.E-2),#8);
#1476=PRESENTATION_STYLE_ASSIGNMENT((#1475));
#1477=STYLED_ITEM('',(#1476),#1474);
#1478=DIRECTION('',(1.E0,0.E0,0.E0));
#1479=VECTOR('',#1478,4.6E0);
#1480=CARTESIAN_POINT('',(-2.3E0,3.05E0,-2.15E0));
#1481=LINE('',#1480,#1479);
#1482=CURVE_STYLE('',#15,POSITIVE_LENGTH_MEASURE(2.E-2),#8);
#1483=PRESENTATION_STYLE_ASSIGNMENT((#1482));
#1484=STYLED_ITEM('',(#1483),#1481);
#1485=DIRECTION('',(0.E0,0.E0,1.E0));
#1486=VECTOR('',#1485,4.704145188433E0);
#1487=CARTESIAN_POINT('',(2.502072594216E0,3.4E0,-2.352072594216E0));
#1488=LINE('',#1487,#1486);
#1489=CURVE_STYLE('',#15,POSITIVE_LENGTH_MEASURE(2.E-2),#8);
#1490=PRESENTATION_STYLE_ASSIGNMENT((#1489));
#1491=STYLED_ITEM('',(#1490),#1488);
#1492=DIRECTION('',(0.E0,0.E0,1.E0));
#1493=VECTOR('',#1492,4.3E0);
#1494=CARTESIAN_POINT('',(2.3E0,3.05E0,-2.15E0));
#1495=LINE('',#1494,#1493);
#1496=CURVE_STYLE('',#15,POSITIVE_LENGTH_MEASURE(2.E-2),#8);
#1497=PRESENTATION_STYLE_ASSIGNMENT((#1496));
#1498=STYLED_ITEM('',(#1497),#1495);
#1499=DIRECTION('',(-4.472135955E-1,-7.745966692415E-1,4.472135955E-1));
#1500=VECTOR('',#1499,4.518480570575E-1);
#1501=CARTESIAN_POINT('',(2.502072594216E0,3.4E0,-2.352072594216E0));
#1502=LINE('',#1501,#1500);
#1503=CURVE_STYLE('',#15,POSITIVE_LENGTH_MEASURE(2.E-2),#8);
#1504=PRESENTATION_STYLE_ASSIGNMENT((#1503));
#1505=STYLED_ITEM('',(#1504),#1502);
#1506=DIRECTION('',(-1.E0,0.E0,0.E0));
#1507=VECTOR('',#1506,1.452072594216E0);
#1508=CARTESIAN_POINT('',(2.502072594216E0,3.4E0,2.352072594216E0));
#1509=LINE('',#1508,#1507);
#1510=CURVE_STYLE('',#15,POSITIVE_LENGTH_MEASURE(2.E-2),#8);
#1511=PRESENTATION_STYLE_ASSIGNMENT((#1510));
#1512=STYLED_ITEM('',(#1511),#1509);
#1513=DIRECTION('',(0.E0,-8.660254037844E-1,-5.E-1));
#1514=VECTOR('',#1513,4.041451884327E-1);
#1515=CARTESIAN_POINT('',(1.05E0,3.4E0,2.352072594216E0));
#1516=LINE('',#1515,#1514);
#1517=CURVE_STYLE('',#15,POSITIVE_LENGTH_MEASURE(2.E-2),#8);
#1518=PRESENTATION_STYLE_ASSIGNMENT((#1517));
#1519=STYLED_ITEM('',(#1518),#1516);
#1520=DIRECTION('',(-1.E0,0.E0,0.E0));
#1521=VECTOR('',#1520,1.25E0);
#1522=CARTESIAN_POINT('',(2.3E0,3.05E0,2.15E0));
#1523=LINE('',#1522,#1521);
#1524=CURVE_STYLE('',#15,POSITIVE_LENGTH_MEASURE(2.E-2),#8);
#1525=PRESENTATION_STYLE_ASSIGNMENT((#1524));
#1526=STYLED_ITEM('',(#1525),#1523);
#1527=DIRECTION('',(-4.472135955E-1,-7.745966692415E-1,-4.472135955E-1));
#1528=VECTOR('',#1527,4.518480570575E-1);
#1529=CARTESIAN_POINT('',(2.502072594216E0,3.4E0,2.352072594216E0));
#1530=LINE('',#1529,#1528);
#1531=CURVE_STYLE('',#15,POSITIVE_LENGTH_MEASURE(2.E-2),#8);
#1532=PRESENTATION_STYLE_ASSIGNMENT((#1531));
#1533=STYLED_ITEM('',(#1532),#1530);
#1534=DIRECTION('',(0.E0,1.E0,0.E0));
#1535=VECTOR('',#1534,3.05E0);
#1536=CARTESIAN_POINT('',(1.05E0,0.E0,2.15E0));
#1537=LINE('',#1536,#1535);
#1538=CURVE_STYLE('',#15,POSITIVE_LENGTH_MEASURE(2.E-2),#8);
#1539=PRESENTATION_STYLE_ASSIGNMENT((#1538));
#1540=STYLED_ITEM('',(#1539),#1537);
#1541=DIRECTION('',(0.E0,1.E0,0.E0));
#1542=VECTOR('',#1541,3.05E0);
#1543=CARTESIAN_POINT('',(2.3E0,0.E0,2.15E0));
#1544=LINE('',#1543,#1542);
#1545=CURVE_STYLE('',#15,POSITIVE_LENGTH_MEASURE(2.E-2),#8);
#1546=PRESENTATION_STYLE_ASSIGNMENT((#1545));
#1547=STYLED_ITEM('',(#1546),#1544);
#1548=DIRECTION('',(0.E0,1.E0,0.E0));
#1549=VECTOR('',#1548,3.05E0);
#1550=CARTESIAN_POINT('',(2.3E0,0.E0,-2.15E0));
#1551=LINE('',#1550,#1549);
#1552=CURVE_STYLE('',#15,POSITIVE_LENGTH_MEASURE(2.E-2),#8);
#1553=PRESENTATION_STYLE_ASSIGNMENT((#1552));
#1554=STYLED_ITEM('',(#1553),#1551);
#1555=DIRECTION('',(0.E0,1.E0,0.E0));
#1556=VECTOR('',#1555,3.05E0);
#1557=CARTESIAN_POINT('',(-2.3E0,0.E0,-2.15E0));
#1558=LINE('',#1557,#1556);
#1559=CURVE_STYLE('',#15,POSITIVE_LENGTH_MEASURE(2.E-2),#8);
#1560=PRESENTATION_STYLE_ASSIGNMENT((#1559));
#1561=STYLED_ITEM('',(#1560),#1558);
#1562=DIRECTION('',(0.E0,1.E0,0.E0));
#1563=VECTOR('',#1562,3.05E0);
#1564=CARTESIAN_POINT('',(-2.3E0,0.E0,2.15E0));
#1565=LINE('',#1564,#1563);
#1566=CURVE_STYLE('',#15,POSITIVE_LENGTH_MEASURE(2.E-2),#8);
#1567=PRESENTATION_STYLE_ASSIGNMENT((#1566));
#1568=STYLED_ITEM('',(#1567),#1565);
#1569=DIRECTION('',(0.E0,1.E0,0.E0));
#1570=VECTOR('',#1569,3.05E0);
#1571=CARTESIAN_POINT('',(-1.05E0,0.E0,2.15E0));
#1572=LINE('',#1571,#1570);
#1573=CURVE_STYLE('',#15,POSITIVE_LENGTH_MEASURE(2.E-2),#8);
#1574=PRESENTATION_STYLE_ASSIGNMENT((#1573));
#1575=STYLED_ITEM('',(#1574),#1572);
#1576=DIRECTION('',(0.E0,-1.E0,0.E0));
#1577=VECTOR('',#1576,5.1E0);
#1578=CARTESIAN_POINT('',(-1.15E0,3.4E0,2.625E0));
#1579=LINE('',#1578,#1577);
#1580=CURVE_STYLE('',#15,POSITIVE_LENGTH_MEASURE(2.E-2),#8);
#1581=PRESENTATION_STYLE_ASSIGNMENT((#1580));
#1582=STYLED_ITEM('',(#1581),#1579);
#1583=DIRECTION('',(0.E0,0.E0,-1.E0));
#1584=VECTOR('',#1583,5.55E0);
#1585=CARTESIAN_POINT('',(2.5E-1,-2.2E0,2.775E0));
#1586=LINE('',#1585,#1584);
#1587=CURVE_STYLE('',#15,POSITIVE_LENGTH_MEASURE(2.E-2),#8);
#1588=PRESENTATION_STYLE_ASSIGNMENT((#1587));
#1589=STYLED_ITEM('',(#1588),#1586);
#1590=DIRECTION('',(0.E0,0.E0,-1.E0));
#1591=VECTOR('',#1590,5.55E0);
#1592=CARTESIAN_POINT('',(-2.5E-1,-2.2E0,2.775E0));
#1593=LINE('',#1592,#1591);
#1594=CURVE_STYLE('',#15,POSITIVE_LENGTH_MEASURE(2.E-2),#8);
#1595=PRESENTATION_STYLE_ASSIGNMENT((#1594));
#1596=STYLED_ITEM('',(#1595),#1593);
#1597=DIRECTION('',(0.E0,-1.E0,0.E0));
#1598=VECTOR('',#1597,5.6E0);
#1599=CARTESIAN_POINT('',(6.2E0,3.4E0,1.833030277982E0));
#1600=LINE('',#1599,#1598);
#1601=CURVE_STYLE('',#15,POSITIVE_LENGTH_MEASURE(2.E-2),#8);
#1602=PRESENTATION_STYLE_ASSIGNMENT((#1601));
#1603=STYLED_ITEM('',(#1602),#1600);
#1604=DIRECTION('',(0.E0,-1.E0,0.E0));
#1605=VECTOR('',#1604,5.6E0);
#1606=CARTESIAN_POINT('',(6.2E0,3.4E0,-1.833030277982E0));
#1607=LINE('',#1606,#1605);
#1608=CURVE_STYLE('',#15,POSITIVE_LENGTH_MEASURE(2.E-2),#8);
#1609=PRESENTATION_STYLE_ASSIGNMENT((#1608));
#1610=STYLED_ITEM('',(#1609),#1607);
#1611=DIRECTION('',(0.E0,-1.E0,0.E0));
#1612=VECTOR('',#1611,5.6E0);
#1613=CARTESIAN_POINT('',(6.2E0,3.4E0,-2.775E0));
#1614=LINE('',#1613,#1612);
#1615=CURVE_STYLE('',#15,POSITIVE_LENGTH_MEASURE(2.E-2),#8);
#1616=PRESENTATION_STYLE_ASSIGNMENT((#1615));
#1617=STYLED_ITEM('',(#1616),#1614);
#1618=DIRECTION('',(0.E0,-1.E0,0.E0));
#1619=VECTOR('',#1618,5.6E0);
#1620=CARTESIAN_POINT('',(-6.2E0,3.4E0,2.775E0));
#1621=LINE('',#1620,#1619);
#1622=CURVE_STYLE('',#15,POSITIVE_LENGTH_MEASURE(2.E-2),#8);
#1623=PRESENTATION_STYLE_ASSIGNMENT((#1622));
#1624=STYLED_ITEM('',(#1623),#1621);
#1625=DIRECTION('',(0.E0,-1.E0,0.E0));
#1626=VECTOR('',#1625,5.6E0);
#1627=CARTESIAN_POINT('',(-6.2E0,3.4E0,1.833030277982E0));
#1628=LINE('',#1627,#1626);
#1629=CURVE_STYLE('',#15,POSITIVE_LENGTH_MEASURE(2.E-2),#8);
#1630=PRESENTATION_STYLE_ASSIGNMENT((#1629));
#1631=STYLED_ITEM('',(#1630),#1628);
#1632=DIRECTION('',(0.E0,-1.E0,0.E0));
#1633=VECTOR('',#1632,5.6E0);
#1634=CARTESIAN_POINT('',(-6.2E0,3.4E0,-1.833030277982E0));
#1635=LINE('',#1634,#1633);
#1636=CURVE_STYLE('',#15,POSITIVE_LENGTH_MEASURE(2.E-2),#8);
#1637=PRESENTATION_STYLE_ASSIGNMENT((#1636));
#1638=STYLED_ITEM('',(#1637),#1635);
#1639=DIRECTION('',(0.E0,-1.E0,0.E0));
#1640=VECTOR('',#1639,5.6E0);
#1641=CARTESIAN_POINT('',(2.75E0,3.4E0,-3.275E0));
#1642=LINE('',#1641,#1640);
#1643=CURVE_STYLE('',#15,POSITIVE_LENGTH_MEASURE(2.E-2),#8);
#1644=PRESENTATION_STYLE_ASSIGNMENT((#1643));
#1645=STYLED_ITEM('',(#1644),#1642);
#1646=CARTESIAN_POINT('',(-1.05E0,0.E0,2.15E0));
#1647=CARTESIAN_POINT('',(-2.3E0,0.E0,2.15E0));
#1648=VERTEX_POINT('',#1646);
#1649=VERTEX_POINT('',#1647);
#1650=CARTESIAN_POINT('',(-2.3E0,0.E0,-2.15E0));
#1651=VERTEX_POINT('',#1650);
#1652=CARTESIAN_POINT('',(2.3E0,0.E0,-2.15E0));
#1653=VERTEX_POINT('',#1652);
#1654=CARTESIAN_POINT('',(2.3E0,0.E0,2.15E0));
#1655=VERTEX_POINT('',#1654);
#1656=CARTESIAN_POINT('',(1.05E0,0.E0,2.15E0));
#1657=VERTEX_POINT('',#1656);
#1658=CARTESIAN_POINT('',(1.05E0,3.4E0,2.775E0));
#1659=CARTESIAN_POINT('',(1.05E0,0.E0,2.775E0));
#1660=VERTEX_POINT('',#1658);
#1661=VERTEX_POINT('',#1659);
#1662=CARTESIAN_POINT('',(6.2E0,3.4E0,2.775E0));
#1663=VERTEX_POINT('',#1662);
#1664=CARTESIAN_POINT('',(-2.502072594216E0,3.4E0,-2.352072594216E0));
#1665=CARTESIAN_POINT('',(2.502072594216E0,3.4E0,-2.352072594216E0));
#1666=VERTEX_POINT('',#1664);
#1667=VERTEX_POINT('',#1665);
#1668=CARTESIAN_POINT('',(-2.3E0,3.05E0,-2.15E0));
#1669=CARTESIAN_POINT('',(2.3E0,3.05E0,-2.15E0));
#1670=VERTEX_POINT('',#1668);
#1671=VERTEX_POINT('',#1669);
#1672=CARTESIAN_POINT('',(-2.502072594216E0,3.4E0,2.352072594216E0));
#1673=VERTEX_POINT('',#1672);
#1674=CARTESIAN_POINT('',(-2.3E0,3.05E0,2.15E0));
#1675=VERTEX_POINT('',#1674);
#1676=CARTESIAN_POINT('',(-1.05E0,3.4E0,2.352072594216E0));
#1677=VERTEX_POINT('',#1676);
#1678=CARTESIAN_POINT('',(-1.05E0,3.05E0,2.15E0));
#1679=VERTEX_POINT('',#1678);
#1680=CARTESIAN_POINT('',(2.502072594216E0,3.4E0,2.352072594216E0));
#1681=VERTEX_POINT('',#1680);
#1682=CARTESIAN_POINT('',(2.3E0,3.05E0,2.15E0));
#1683=VERTEX_POINT('',#1682);
#1684=CARTESIAN_POINT('',(1.05E0,3.4E0,2.352072594216E0));
#1685=VERTEX_POINT('',#1684);
#1686=CARTESIAN_POINT('',(1.05E0,3.05E0,2.15E0));
#1687=VERTEX_POINT('',#1686);
#1688=CARTESIAN_POINT('',(-7.45E-1,0.E0,-1.E0));
#1689=CARTESIAN_POINT('',(-1.255E0,0.E0,-1.E0));
#1690=VERTEX_POINT('',#1688);
#1691=VERTEX_POINT('',#1689);
#1692=CARTESIAN_POINT('',(6.E0,-1.4E0,0.E0));
#1693=CARTESIAN_POINT('',(3.E0,-1.4E0,0.E0));
#1694=VERTEX_POINT('',#1692);
#1695=VERTEX_POINT('',#1693);
#1696=CARTESIAN_POINT('',(6.1E0,2.4E0,0.E0));
#1697=CARTESIAN_POINT('',(2.9E0,2.4E0,0.E0));
#1698=VERTEX_POINT('',#1696);
#1699=VERTEX_POINT('',#1697);
#1700=CARTESIAN_POINT('',(6.1E0,3.4E0,0.E0));
#1701=CARTESIAN_POINT('',(2.9E0,3.4E0,0.E0));
#1702=VERTEX_POINT('',#1700);
#1703=VERTEX_POINT('',#1701);
#1704=CARTESIAN_POINT('',(6.E0,2.4E0,0.E0));
#1705=CARTESIAN_POINT('',(3.E0,2.4E0,0.E0));
#1706=VERTEX_POINT('',#1704);
#1707=VERTEX_POINT('',#1705);
#1708=CARTESIAN_POINT('',(-2.75E0,3.4E0,-3.275E0));
#1709=CARTESIAN_POINT('',(-1.75E0,3.4E0,-3.275E0));
#1710=VERTEX_POINT('',#1708);
#1711=VERTEX_POINT('',#1709);
#1712=CARTESIAN_POINT('',(-2.75E0,-2.2E0,-3.275E0));
#1713=CARTESIAN_POINT('',(-1.75E0,-2.2E0,-3.275E0));
#1714=VERTEX_POINT('',#1712);
#1715=VERTEX_POINT('',#1713);
#1716=CARTESIAN_POINT('',(-2.75E0,3.4E0,-2.775E0));
#1717=CARTESIAN_POINT('',(-2.75E0,-2.2E0,-2.775E0));
#1718=VERTEX_POINT('',#1716);
#1719=VERTEX_POINT('',#1717);
#1720=CARTESIAN_POINT('',(-6.2E0,3.4E0,-2.775E0));
#1721=VERTEX_POINT('',#1720);
#1722=CARTESIAN_POINT('',(-6.2E0,-2.2E0,-2.775E0));
#1723=VERTEX_POINT('',#1722);
#1724=CARTESIAN_POINT('',(-1.75E0,3.4E0,-2.775E0));
#1725=VERTEX_POINT('',#1724);
#1726=CARTESIAN_POINT('',(2.75E0,3.4E0,-3.275E0));
#1727=CARTESIAN_POINT('',(1.75E0,3.4E0,-3.275E0));
#1728=VERTEX_POINT('',#1726);
#1729=VERTEX_POINT('',#1727);
#1730=CARTESIAN_POINT('',(2.75E0,-2.2E0,-3.275E0));
#1731=CARTESIAN_POINT('',(1.75E0,-2.2E0,-3.275E0));
#1732=VERTEX_POINT('',#1730);
#1733=VERTEX_POINT('',#1731);
#1734=CARTESIAN_POINT('',(2.75E0,3.4E0,-2.775E0));
#1735=CARTESIAN_POINT('',(2.75E0,-2.2E0,-2.775E0));
#1736=VERTEX_POINT('',#1734);
#1737=VERTEX_POINT('',#1735);
#1738=CARTESIAN_POINT('',(1.75E0,3.4E0,-2.775E0));
#1739=VERTEX_POINT('',#1738);
#1740=CARTESIAN_POINT('',(6.2E0,3.4E0,-2.775E0));
#1741=VERTEX_POINT('',#1740);
#1742=CARTESIAN_POINT('',(6.2E0,-2.2E0,-2.775E0));
#1743=VERTEX_POINT('',#1742);
#1744=CARTESIAN_POINT('',(1.75E0,-2.2E0,2.775E0));
#1745=CARTESIAN_POINT('',(1.75E0,-1.7E0,2.775E0));
#1746=VERTEX_POINT('',#1744);
#1747=VERTEX_POINT('',#1745);
#1748=CARTESIAN_POINT('',(-1.75E0,-2.2E0,2.775E0));
#1749=CARTESIAN_POINT('',(-1.75E0,-1.7E0,2.775E0));
#1750=VERTEX_POINT('',#1748);
#1751=VERTEX_POINT('',#1749);
#1752=CARTESIAN_POINT('',(6.2E0,-2.2E0,2.775E0));
#1753=VERTEX_POINT('',#1752);
#1754=CARTESIAN_POINT('',(-6.2E0,-2.2E0,2.775E0));
#1755=VERTEX_POINT('',#1754);
#1756=CARTESIAN_POINT('',(-1.75E0,-1.7E0,-2.775E0));
#1757=VERTEX_POINT('',#1756);
#1758=CARTESIAN_POINT('',(1.75E0,-1.7E0,-2.775E0));
#1759=VERTEX_POINT('',#1758);
#1760=CARTESIAN_POINT('',(-5.65E-1,-1.7E0,-1.E0));
#1761=CARTESIAN_POINT('',(-1.435E0,-1.7E0,-1.E0));
#1762=VERTEX_POINT('',#1760);
#1763=VERTEX_POINT('',#1761);
#1764=CARTESIAN_POINT('',(-7.45E-1,-1.52E0,-1.E0));
#1765=CARTESIAN_POINT('',(-1.255E0,-1.52E0,-1.E0));
#1766=VERTEX_POINT('',#1764);
#1767=VERTEX_POINT('',#1765);
#1768=CARTESIAN_POINT('',(2.5E-1,-2.2E0,2.775E0));
#1769=CARTESIAN_POINT('',(-2.5E-1,-2.2E0,2.775E0));
#1770=VERTEX_POINT('',#1768);
#1771=VERTEX_POINT('',#1769);
#1772=CARTESIAN_POINT('',(2.5E-1,-2.2E0,-2.775E0));
#1773=CARTESIAN_POINT('',(-2.5E-1,-2.2E0,-2.775E0));
#1774=VERTEX_POINT('',#1772);
#1775=VERTEX_POINT('',#1773);
#1776=CARTESIAN_POINT('',(2.5E-1,-1.7E0,-2.775E0));
#1777=CARTESIAN_POINT('',(2.5E-1,-1.7E0,2.775E0));
#1778=VERTEX_POINT('',#1776);
#1779=VERTEX_POINT('',#1777);
#1780=CARTESIAN_POINT('',(-2.5E-1,-1.7E0,-2.775E0));
#1781=CARTESIAN_POINT('',(-2.5E-1,-1.7E0,2.775E0));
#1782=VERTEX_POINT('',#1780);
#1783=VERTEX_POINT('',#1781);
#1784=CARTESIAN_POINT('',(-7.45E-1,0.E0,1.E0));
#1785=CARTESIAN_POINT('',(-1.255E0,0.E0,1.E0));
#1786=VERTEX_POINT('',#1784);
#1787=VERTEX_POINT('',#1785);
#1788=CARTESIAN_POINT('',(1.255E0,0.E0,-1.E0));
#1789=CARTESIAN_POINT('',(7.45E-1,0.E0,-1.E0));
#1790=VERTEX_POINT('',#1788);
#1791=VERTEX_POINT('',#1789);
#1792=CARTESIAN_POINT('',(1.255E0,0.E0,1.E0));
#1793=CARTESIAN_POINT('',(7.45E-1,0.E0,1.E0));
#1794=VERTEX_POINT('',#1792);
#1795=VERTEX_POINT('',#1793);
#1796=CARTESIAN_POINT('',(1.435E0,-1.7E0,-1.E0));
#1797=CARTESIAN_POINT('',(5.65E-1,-1.7E0,-1.E0));
#1798=VERTEX_POINT('',#1796);
#1799=VERTEX_POINT('',#1797);
#1800=CARTESIAN_POINT('',(1.255E0,-1.52E0,-1.E0));
#1801=CARTESIAN_POINT('',(7.45E-1,-1.52E0,-1.E0));
#1802=VERTEX_POINT('',#1800);
#1803=VERTEX_POINT('',#1801);
#1804=CARTESIAN_POINT('',(-1.435E0,-1.7E0,1.E0));
#1805=CARTESIAN_POINT('',(-5.65E-1,-1.7E0,1.E0));
#1806=VERTEX_POINT('',#1804);
#1807=VERTEX_POINT('',#1805);
#1808=CARTESIAN_POINT('',(-1.255E0,-1.52E0,1.E0));
#1809=CARTESIAN_POINT('',(-7.45E-1,-1.52E0,1.E0));
#1810=VERTEX_POINT('',#1808);
#1811=VERTEX_POINT('',#1809);
#1812=CARTESIAN_POINT('',(5.65E-1,-1.7E0,1.E0));
#1813=CARTESIAN_POINT('',(1.435E0,-1.7E0,1.E0));
#1814=VERTEX_POINT('',#1812);
#1815=VERTEX_POINT('',#1813);
#1816=CARTESIAN_POINT('',(7.45E-1,-1.52E0,1.E0));
#1817=CARTESIAN_POINT('',(1.255E0,-1.52E0,1.E0));
#1818=VERTEX_POINT('',#1816);
#1819=VERTEX_POINT('',#1817);
#1820=CARTESIAN_POINT('',(6.2E0,3.4E0,-1.833030277982E0));
#1821=VERTEX_POINT('',#1820);
#1822=CARTESIAN_POINT('',(6.2E0,3.4E0,1.833030277982E0));
#1823=VERTEX_POINT('',#1822);
#1824=CARTESIAN_POINT('',(-6.2E0,3.4E0,2.775E0));
#1825=CARTESIAN_POINT('',(-6.2E0,3.4E0,1.833030277982E0));
#1826=VERTEX_POINT('',#1824);
#1827=VERTEX_POINT('',#1825);
#1828=CARTESIAN_POINT('',(-6.2E0,3.4E0,-1.833030277982E0));
#1829=VERTEX_POINT('',#1828);
#1830=CARTESIAN_POINT('',(6.2E0,-2.2E0,-1.833030277982E0));
#1831=VERTEX_POINT('',#1830);
#1832=CARTESIAN_POINT('',(6.2E0,-2.2E0,1.833030277982E0));
#1833=VERTEX_POINT('',#1832);
#1834=CARTESIAN_POINT('',(-6.2E0,-2.2E0,1.833030277982E0));
#1835=VERTEX_POINT('',#1834);
#1836=CARTESIAN_POINT('',(-6.2E0,-2.2E0,-1.833030277982E0));
#1837=VERTEX_POINT('',#1836);
#1838=CARTESIAN_POINT('',(6.05E0,-2.2E0,-1.45E0));
#1839=CARTESIAN_POINT('',(6.05E0,-1.4E0,-1.45E0));
#1840=VERTEX_POINT('',#1838);
#1841=VERTEX_POINT('',#1839);
#1842=CARTESIAN_POINT('',(5.95E0,-2.2E0,-1.55E0));
#1843=CARTESIAN_POINT('',(5.95E0,-1.4E0,-1.55E0));
#1844=VERTEX_POINT('',#1842);
#1845=VERTEX_POINT('',#1843);
#1846=CARTESIAN_POINT('',(3.05E0,-2.2E0,-1.55E0));
#1847=CARTESIAN_POINT('',(3.05E0,-1.4E0,-1.55E0));
#1848=VERTEX_POINT('',#1846);
#1849=VERTEX_POINT('',#1847);
#1850=CARTESIAN_POINT('',(2.95E0,-2.2E0,-1.45E0));
#1851=CARTESIAN_POINT('',(2.95E0,-1.4E0,-1.45E0));
#1852=VERTEX_POINT('',#1850);
#1853=VERTEX_POINT('',#1851);
#1854=CARTESIAN_POINT('',(2.95E0,-2.2E0,1.45E0));
#1855=CARTESIAN_POINT('',(2.95E0,-1.4E0,1.45E0));
#1856=VERTEX_POINT('',#1854);
#1857=VERTEX_POINT('',#1855);
#1858=CARTESIAN_POINT('',(3.05E0,-2.2E0,1.55E0));
#1859=CARTESIAN_POINT('',(3.05E0,-1.4E0,1.55E0));
#1860=VERTEX_POINT('',#1858);
#1861=VERTEX_POINT('',#1859);
#1862=CARTESIAN_POINT('',(5.95E0,-2.2E0,1.55E0));
#1863=CARTESIAN_POINT('',(5.95E0,-1.4E0,1.55E0));
#1864=VERTEX_POINT('',#1862);
#1865=VERTEX_POINT('',#1863);
#1866=CARTESIAN_POINT('',(6.05E0,-2.2E0,1.45E0));
#1867=CARTESIAN_POINT('',(6.05E0,-1.4E0,1.45E0));
#1868=VERTEX_POINT('',#1866);
#1869=VERTEX_POINT('',#1867);
#1870=CARTESIAN_POINT('',(-3.E0,-1.4E0,0.E0));
#1871=CARTESIAN_POINT('',(-6.E0,-1.4E0,0.E0));
#1872=VERTEX_POINT('',#1870);
#1873=VERTEX_POINT('',#1871);
#1874=CARTESIAN_POINT('',(-6.1E0,2.4E0,0.E0));
#1875=CARTESIAN_POINT('',(-2.9E0,2.4E0,0.E0));
#1876=VERTEX_POINT('',#1874);
#1877=VERTEX_POINT('',#1875);
#1878=CARTESIAN_POINT('',(-6.1E0,3.4E0,0.E0));
#1879=CARTESIAN_POINT('',(-2.9E0,3.4E0,0.E0));
#1880=VERTEX_POINT('',#1878);
#1881=VERTEX_POINT('',#1879);
#1882=CARTESIAN_POINT('',(-3.E0,2.4E0,0.E0));
#1883=CARTESIAN_POINT('',(-6.E0,2.4E0,0.E0));
#1884=VERTEX_POINT('',#1882);
#1885=VERTEX_POINT('',#1883);
#1886=CARTESIAN_POINT('',(-6.05E0,-1.4E0,-1.45E0));
#1887=CARTESIAN_POINT('',(-6.05E0,-2.2E0,-1.45E0));
#1888=VERTEX_POINT('',#1886);
#1889=VERTEX_POINT('',#1887);
#1890=CARTESIAN_POINT('',(-5.95E0,-1.4E0,-1.55E0));
#1891=VERTEX_POINT('',#1890);
#1892=CARTESIAN_POINT('',(-5.95E0,-2.2E0,-1.55E0));
#1893=VERTEX_POINT('',#1892);
#1894=CARTESIAN_POINT('',(-3.05E0,-1.4E0,-1.55E0));
#1895=CARTESIAN_POINT('',(-3.05E0,-2.2E0,-1.55E0));
#1896=VERTEX_POINT('',#1894);
#1897=VERTEX_POINT('',#1895);
#1898=CARTESIAN_POINT('',(-2.95E0,-1.4E0,-1.45E0));
#1899=VERTEX_POINT('',#1898);
#1900=CARTESIAN_POINT('',(-2.95E0,-2.2E0,-1.45E0));
#1901=VERTEX_POINT('',#1900);
#1902=CARTESIAN_POINT('',(-2.95E0,-1.4E0,1.45E0));
#1903=CARTESIAN_POINT('',(-2.95E0,-2.2E0,1.45E0));
#1904=VERTEX_POINT('',#1902);
#1905=VERTEX_POINT('',#1903);
#1906=CARTESIAN_POINT('',(-3.05E0,-1.4E0,1.55E0));
#1907=VERTEX_POINT('',#1906);
#1908=CARTESIAN_POINT('',(-3.05E0,-2.2E0,1.55E0));
#1909=VERTEX_POINT('',#1908);
#1910=CARTESIAN_POINT('',(-5.95E0,-1.4E0,1.55E0));
#1911=CARTESIAN_POINT('',(-5.95E0,-2.2E0,1.55E0));
#1912=VERTEX_POINT('',#1910);
#1913=VERTEX_POINT('',#1911);
#1914=CARTESIAN_POINT('',(-6.05E0,-1.4E0,1.45E0));
#1915=VERTEX_POINT('',#1914);
#1916=CARTESIAN_POINT('',(-6.05E0,-2.2E0,1.45E0));
#1917=VERTEX_POINT('',#1916);
#1918=CARTESIAN_POINT('',(-1.05E0,3.4E0,2.625E0));
#1919=CARTESIAN_POINT('',(-1.15E0,3.4E0,2.625E0));
#1920=VERTEX_POINT('',#1918);
#1921=VERTEX_POINT('',#1919);
#1922=CARTESIAN_POINT('',(-1.15E0,3.4E0,2.775E0));
#1923=VERTEX_POINT('',#1922);
#1924=CARTESIAN_POINT('',(-8.5E-1,0.E0,2.775E0));
#1925=CARTESIAN_POINT('',(-8.5E-1,-1.7E0,2.775E0));
#1926=VERTEX_POINT('',#1924);
#1927=VERTEX_POINT('',#1925);
#1928=CARTESIAN_POINT('',(-1.15E0,-1.7E0,2.775E0));
#1929=VERTEX_POINT('',#1928);
#1930=CARTESIAN_POINT('',(-8.5E-1,-1.7E0,2.625E0));
#1931=VERTEX_POINT('',#1930);
#1932=CARTESIAN_POINT('',(-1.15E0,-1.7E0,2.625E0));
#1933=VERTEX_POINT('',#1932);
#1934=CARTESIAN_POINT('',(-8.5E-1,0.E0,2.625E0));
#1935=VERTEX_POINT('',#1934);
#1936=CARTESIAN_POINT('',(-1.05E0,0.E0,2.625E0));
#1937=VERTEX_POINT('',#1936);
#1938=CARTESIAN_POINT('',(0.E0,3.4E0,0.E0));
#1939=DIRECTION('',(0.E0,-1.E0,0.E0));
#1940=DIRECTION('',(-1.E0,0.E0,0.E0));
#1941=AXIS2_PLACEMENT_3D('',#1938,#1939,#1940);
#1942=PLANE('',#1941);
#1944=ORIENTED_EDGE('',*,*,#1943,.T.);
#1946=ORIENTED_EDGE('',*,*,#1945,.F.);
#1948=ORIENTED_EDGE('',*,*,#1947,.T.);
#1950=ORIENTED_EDGE('',*,*,#1949,.T.);
#1952=ORIENTED_EDGE('',*,*,#1951,.T.);
#1954=ORIENTED_EDGE('',*,*,#1953,.T.);
#1956=ORIENTED_EDGE('',*,*,#1955,.T.);
#1958=ORIENTED_EDGE('',*,*,#1957,.T.);
#1960=ORIENTED_EDGE('',*,*,#1959,.T.);
#1962=ORIENTED_EDGE('',*,*,#1961,.T.);
#1964=ORIENTED_EDGE('',*,*,#1963,.T.);
#1966=ORIENTED_EDGE('',*,*,#1965,.F.);
#1968=ORIENTED_EDGE('',*,*,#1967,.F.);
#1970=ORIENTED_EDGE('',*,*,#1969,.F.);
#1972=ORIENTED_EDGE('',*,*,#1971,.T.);
#1974=ORIENTED_EDGE('',*,*,#1973,.T.);
#1976=ORIENTED_EDGE('',*,*,#1975,.T.);
#1978=ORIENTED_EDGE('',*,*,#1977,.T.);
#1980=ORIENTED_EDGE('',*,*,#1979,.T.);
#1982=ORIENTED_EDGE('',*,*,#1981,.T.);
#1984=ORIENTED_EDGE('',*,*,#1983,.F.);
#1986=ORIENTED_EDGE('',*,*,#1985,.F.);
#1988=ORIENTED_EDGE('',*,*,#1987,.F.);
#1990=ORIENTED_EDGE('',*,*,#1989,.F.);
#1992=ORIENTED_EDGE('',*,*,#1991,.F.);
#1994=ORIENTED_EDGE('',*,*,#1993,.F.);
#1995=EDGE_LOOP('',(#1944,#1946,#1948,#1950,#1952,#1954,#1956,#1958,#1960,#1962,
#1964,#1966,#1968,#1970,#1972,#1974,#1976,#1978,#1980,#1982,#1984,#1986,#1988,
#1990,#1992,#1994));
#1996=FACE_OUTER_BOUND('',#1995,.F.);
#1998=ORIENTED_EDGE('',*,*,#1997,.T.);
#2000=ORIENTED_EDGE('',*,*,#1999,.T.);
#2001=EDGE_LOOP('',(#1998,#2000));
#2002=FACE_BOUND('',#2001,.F.);
#2004=ORIENTED_EDGE('',*,*,#2003,.F.);
#2006=ORIENTED_EDGE('',*,*,#2005,.F.);
#2007=EDGE_LOOP('',(#2004,#2006));
#2008=FACE_BOUND('',#2007,.F.);
#2010=CARTESIAN_POINT('',(4.5E0,3.4E0,0.E0));
#2011=DIRECTION('',(0.E0,-1.E0,0.E0));
#2012=DIRECTION('',(1.E0,0.E0,0.E0));
#2013=AXIS2_PLACEMENT_3D('',#2010,#2011,#2012);
#2014=CYLINDRICAL_SURFACE('',#2013,1.6E0);
#2015=ORIENTED_EDGE('',*,*,#2003,.T.);
#2017=ORIENTED_EDGE('',*,*,#2016,.T.);
#2019=ORIENTED_EDGE('',*,*,#2018,.F.);
#2021=ORIENTED_EDGE('',*,*,#2020,.F.);
#2022=EDGE_LOOP('',(#2015,#2017,#2019,#2021));
#2023=FACE_OUTER_BOUND('',#2022,.F.);
#2025=CARTESIAN_POINT('',(4.5E0,3.4E0,0.E0));
#2026=DIRECTION('',(0.E0,-1.E0,0.E0));
#2027=DIRECTION('',(1.E0,0.E0,0.E0));
#2028=AXIS2_PLACEMENT_3D('',#2025,#2026,#2027);
#2029=CYLINDRICAL_SURFACE('',#2028,1.6E0);
#2030=ORIENTED_EDGE('',*,*,#2005,.T.);
#2031=ORIENTED_EDGE('',*,*,#2020,.T.);
#2033=ORIENTED_EDGE('',*,*,#2032,.F.);
#2034=ORIENTED_EDGE('',*,*,#2016,.F.);
#2035=EDGE_LOOP('',(#2030,#2031,#2033,#2034));
#2036=FACE_OUTER_BOUND('',#2035,.F.);
#2038=CARTESIAN_POINT('',(4.5E0,2.4E0,0.E0));
#2039=DIRECTION('',(0.E0,-1.E0,0.E0));
#2040=DIRECTION('',(1.E0,0.E0,0.E0));
#2041=AXIS2_PLACEMENT_3D('',#2038,#2039,#2040);
#2042=PLANE('',#2041);
#2043=ORIENTED_EDGE('',*,*,#2018,.T.);
#2044=ORIENTED_EDGE('',*,*,#2032,.T.);
#2045=EDGE_LOOP('',(#2043,#2044));
#2046=FACE_OUTER_BOUND('',#2045,.F.);
#2048=ORIENTED_EDGE('',*,*,#2047,.F.);
#2050=ORIENTED_EDGE('',*,*,#2049,.F.);
#2051=EDGE_LOOP('',(#2048,#2050));
#2052=FACE_BOUND('',#2051,.F.);
#2054=CARTESIAN_POINT('',(4.5E0,3.4E0,0.E0));
#2055=DIRECTION('',(0.E0,-1.E0,0.E0));
#2056=DIRECTION('',(-1.E0,0.E0,0.E0));
#2057=AXIS2_PLACEMENT_3D('',#2054,#2055,#2056);
#2058=CYLINDRICAL_SURFACE('',#2057,1.5E0);
#2059=ORIENTED_EDGE('',*,*,#2047,.T.);
#2061=ORIENTED_EDGE('',*,*,#2060,.T.);
#2063=ORIENTED_EDGE('',*,*,#2062,.F.);
#2065=ORIENTED_EDGE('',*,*,#2064,.F.);
#2066=EDGE_LOOP('',(#2059,#2061,#2063,#2065));
#2067=FACE_OUTER_BOUND('',#2066,.F.);
#2069=CARTESIAN_POINT('',(4.5E0,3.4E0,0.E0));
#2070=DIRECTION('',(0.E0,-1.E0,0.E0));
#2071=DIRECTION('',(-1.E0,0.E0,0.E0));
#2072=AXIS2_PLACEMENT_3D('',#2069,#2070,#2071);
#2073=CYLINDRICAL_SURFACE('',#2072,1.5E0);
#2074=ORIENTED_EDGE('',*,*,#2049,.T.);
#2075=ORIENTED_EDGE('',*,*,#2064,.T.);
#2077=ORIENTED_EDGE('',*,*,#2076,.F.);
#2078=ORIENTED_EDGE('',*,*,#2060,.F.);
#2079=EDGE_LOOP('',(#2074,#2075,#2077,#2078));
#2080=FACE_OUTER_BOUND('',#2079,.F.);
#2082=CARTESIAN_POINT('',(0.E0,-1.4E0,0.E0));
#2083=DIRECTION('',(0.E0,-1.E0,0.E0));
#2084=DIRECTION('',(-1.E0,0.E0,0.E0));
#2085=AXIS2_PLACEMENT_3D('',#2082,#2083,#2084);
#2086=PLANE('',#2085);
#2088=ORIENTED_EDGE('',*,*,#2087,.F.);
#2090=ORIENTED_EDGE('',*,*,#2089,.F.);
#2092=ORIENTED_EDGE('',*,*,#2091,.F.);
#2094=ORIENTED_EDGE('',*,*,#2093,.F.);
#2096=ORIENTED_EDGE('',*,*,#2095,.F.);
#2098=ORIENTED_EDGE('',*,*,#2097,.F.);
#2100=ORIENTED_EDGE('',*,*,#2099,.F.);
#2102=ORIENTED_EDGE('',*,*,#2101,.F.);
#2103=EDGE_LOOP('',(#2088,#2090,#2092,#2094,#2096,#2098,#2100,#2102));
#2104=FACE_OUTER_BOUND('',#2103,.F.);
#2105=ORIENTED_EDGE('',*,*,#2062,.T.);
#2106=ORIENTED_EDGE('',*,*,#2076,.T.);
#2107=EDGE_LOOP('',(#2105,#2106));
#2108=FACE_BOUND('',#2107,.F.);
#2110=CARTESIAN_POINT('',(5.95E0,-2.225921377041E0,-1.45E0));
#2111=DIRECTION('',(0.E0,1.E0,0.E0));
#2112=DIRECTION('',(1.E0,0.E0,0.E0));
#2113=AXIS2_PLACEMENT_3D('',#2110,#2111,#2112);
#2114=CYLINDRICAL_SURFACE('',#2113,1.E-1);
#2116=ORIENTED_EDGE('',*,*,#2115,.F.);
#2118=ORIENTED_EDGE('',*,*,#2117,.T.);
#2120=ORIENTED_EDGE('',*,*,#2119,.T.);
#2121=ORIENTED_EDGE('',*,*,#2087,.T.);
#2122=EDGE_LOOP('',(#2116,#2118,#2120,#2121));
#2123=FACE_OUTER_BOUND('',#2122,.F.);
#2125=CARTESIAN_POINT('',(6.05E0,-2.2E0,-1.55E0));
#2126=DIRECTION('',(1.E0,0.E0,0.E0));
#2127=DIRECTION('',(0.E0,0.E0,1.E0));
#2128=AXIS2_PLACEMENT_3D('',#2125,#2126,#2127);
#2129=PLANE('',#2128);
#2130=ORIENTED_EDGE('',*,*,#2115,.T.);
#2131=ORIENTED_EDGE('',*,*,#2101,.T.);
#2133=ORIENTED_EDGE('',*,*,#2132,.F.);
#2135=ORIENTED_EDGE('',*,*,#2134,.F.);
#2136=EDGE_LOOP('',(#2130,#2131,#2133,#2135));
#2137=FACE_OUTER_BOUND('',#2136,.F.);
#2139=CARTESIAN_POINT('',(5.95E0,-2.225921377041E0,1.45E0));
#2140=DIRECTION('',(0.E0,1.E0,0.E0));
#2141=DIRECTION('',(0.E0,0.E0,1.E0));
#2142=AXIS2_PLACEMENT_3D('',#2139,#2140,#2141);
#2143=CYLINDRICAL_SURFACE('',#2142,1.E-1);
#2145=ORIENTED_EDGE('',*,*,#2144,.F.);
#2147=ORIENTED_EDGE('',*,*,#2146,.T.);
#2148=ORIENTED_EDGE('',*,*,#2132,.T.);
#2149=ORIENTED_EDGE('',*,*,#2099,.T.);
#2150=EDGE_LOOP('',(#2145,#2147,#2148,#2149));
#2151=FACE_OUTER_BOUND('',#2150,.F.);
#2153=CARTESIAN_POINT('',(6.05E0,-2.2E0,1.55E0));
#2154=DIRECTION('',(0.E0,0.E0,1.E0));
#2155=DIRECTION('',(-1.E0,0.E0,0.E0));
#2156=AXIS2_PLACEMENT_3D('',#2153,#2154,#2155);
#2157=PLANE('',#2156);
#2159=ORIENTED_EDGE('',*,*,#2158,.F.);
#2161=ORIENTED_EDGE('',*,*,#2160,.F.);
#2162=ORIENTED_EDGE('',*,*,#2144,.T.);
#2163=ORIENTED_EDGE('',*,*,#2097,.T.);
#2164=EDGE_LOOP('',(#2159,#2161,#2162,#2163));
#2165=FACE_OUTER_BOUND('',#2164,.F.);
#2167=CARTESIAN_POINT('',(3.05E0,-2.225921377041E0,1.45E0));
#2168=DIRECTION('',(0.E0,1.E0,0.E0));
#2169=DIRECTION('',(-1.E0,0.E0,0.E0));
#2170=AXIS2_PLACEMENT_3D('',#2167,#2168,#2169);
#2171=CYLINDRICAL_SURFACE('',#2170,1.E-1);
#2173=ORIENTED_EDGE('',*,*,#2172,.F.);
#2175=ORIENTED_EDGE('',*,*,#2174,.T.);
#2176=ORIENTED_EDGE('',*,*,#2158,.T.);
#2177=ORIENTED_EDGE('',*,*,#2095,.T.);
#2178=EDGE_LOOP('',(#2173,#2175,#2176,#2177));
#2179=FACE_OUTER_BOUND('',#2178,.F.);
#2181=CARTESIAN_POINT('',(2.95E0,-2.2E0,1.55E0));
#2182=DIRECTION('',(-1.E0,0.E0,0.E0));
#2183=DIRECTION('',(0.E0,0.E0,-1.E0));
#2184=AXIS2_PLACEMENT_3D('',#2181,#2182,#2183);
#2185=PLANE('',#2184);
#2187=ORIENTED_EDGE('',*,*,#2186,.F.);
#2189=ORIENTED_EDGE('',*,*,#2188,.F.);
#2190=ORIENTED_EDGE('',*,*,#2172,.T.);
#2191=ORIENTED_EDGE('',*,*,#2093,.T.);
#2192=EDGE_LOOP('',(#2187,#2189,#2190,#2191));
#2193=FACE_OUTER_BOUND('',#2192,.F.);
#2195=CARTESIAN_POINT('',(3.05E0,-2.225921377041E0,-1.45E0));
#2196=DIRECTION('',(0.E0,1.E0,0.E0));
#2197=DIRECTION('',(0.E0,0.E0,-1.E0));
#2198=AXIS2_PLACEMENT_3D('',#2195,#2196,#2197);
#2199=CYLINDRICAL_SURFACE('',#2198,1.E-1);
#2201=ORIENTED_EDGE('',*,*,#2200,.F.);
#2203=ORIENTED_EDGE('',*,*,#2202,.T.);
#2204=ORIENTED_EDGE('',*,*,#2186,.T.);
#2205=ORIENTED_EDGE('',*,*,#2091,.T.);
#2206=EDGE_LOOP('',(#2201,#2203,#2204,#2205));
#2207=FACE_OUTER_BOUND('',#2206,.F.);
#2209=CARTESIAN_POINT('',(2.95E0,-2.2E0,-1.55E0));
#2210=DIRECTION('',(0.E0,0.E0,-1.E0));
#2211=DIRECTION('',(1.E0,0.E0,0.E0));
#2212=AXIS2_PLACEMENT_3D('',#2209,#2210,#2211);
#2213=PLANE('',#2212);
#2214=ORIENTED_EDGE('',*,*,#2119,.F.);
#2216=ORIENTED_EDGE('',*,*,#2215,.F.);
#2217=ORIENTED_EDGE('',*,*,#2200,.T.);
#2218=ORIENTED_EDGE('',*,*,#2089,.T.);
#2219=EDGE_LOOP('',(#2214,#2216,#2217,#2218));
#2220=FACE_OUTER_BOUND('',#2219,.F.);
#2222=CARTESIAN_POINT('',(0.E0,-2.2E0,0.E0));
#2223=DIRECTION('',(0.E0,-1.E0,0.E0));
#2224=DIRECTION('',(-1.E0,0.E0,0.E0));
#2225=AXIS2_PLACEMENT_3D('',#2222,#2223,#2224);
#2226=PLANE('',#2225);
#2228=ORIENTED_EDGE('',*,*,#2227,.F.);
#2230=ORIENTED_EDGE('',*,*,#2229,.F.);
#2232=ORIENTED_EDGE('',*,*,#2231,.F.);
#2234=ORIENTED_EDGE('',*,*,#2233,.F.);
#2236=ORIENTED_EDGE('',*,*,#2235,.F.);
#2238=ORIENTED_EDGE('',*,*,#2237,.F.);
#2240=ORIENTED_EDGE('',*,*,#2239,.T.);
#2242=ORIENTED_EDGE('',*,*,#2241,.T.);
#2243=EDGE_LOOP('',(#2228,#2230,#2232,#2234,#2236,#2238,#2240,#2242));
#2244=FACE_OUTER_BOUND('',#2243,.F.);
#2245=ORIENTED_EDGE('',*,*,#2188,.T.);
#2246=ORIENTED_EDGE('',*,*,#2202,.F.);
#2247=ORIENTED_EDGE('',*,*,#2215,.T.);
#2248=ORIENTED_EDGE('',*,*,#2117,.F.);
#2249=ORIENTED_EDGE('',*,*,#2134,.T.);
#2250=ORIENTED_EDGE('',*,*,#2146,.F.);
#2251=ORIENTED_EDGE('',*,*,#2160,.T.);
#2252=ORIENTED_EDGE('',*,*,#2174,.F.);
#2253=EDGE_LOOP('',(#2245,#2246,#2247,#2248,#2249,#2250,#2251,#2252));
#2254=FACE_BOUND('',#2253,.F.);
#2256=CARTESIAN_POINT('',(0.E0,-2.2E0,0.E0));
#2257=DIRECTION('',(0.E0,-1.E0,0.E0));
#2258=DIRECTION('',(-1.E0,0.E0,0.E0));
#2259=AXIS2_PLACEMENT_3D('',#2256,#2257,#2258);
#2260=PLANE('',#2259);
#2262=ORIENTED_EDGE('',*,*,#2261,.F.);
#2264=ORIENTED_EDGE('',*,*,#2263,.F.);
#2266=ORIENTED_EDGE('',*,*,#2265,.F.);
#2268=ORIENTED_EDGE('',*,*,#2267,.F.);
#2270=ORIENTED_EDGE('',*,*,#2269,.F.);
#2272=ORIENTED_EDGE('',*,*,#2271,.F.);
#2274=ORIENTED_EDGE('',*,*,#2273,.F.);
#2276=ORIENTED_EDGE('',*,*,#2275,.F.);
#2277=EDGE_LOOP('',(#2262,#2264,#2266,#2268,#2270,#2272,#2274,#2276));
#2278=FACE_OUTER_BOUND('',#2277,.F.);
#2280=ORIENTED_EDGE('',*,*,#2279,.F.);
#2282=ORIENTED_EDGE('',*,*,#2281,.F.);
#2284=ORIENTED_EDGE('',*,*,#2283,.F.);
#2286=ORIENTED_EDGE('',*,*,#2285,.F.);
#2288=ORIENTED_EDGE('',*,*,#2287,.F.);
#2290=ORIENTED_EDGE('',*,*,#2289,.F.);
#2292=ORIENTED_EDGE('',*,*,#2291,.F.);
#2294=ORIENTED_EDGE('',*,*,#2293,.F.);
#2295=EDGE_LOOP('',(#2280,#2282,#2284,#2286,#2288,#2290,#2292,#2294));
#2296=FACE_BOUND('',#2295,.F.);
#2298=CARTESIAN_POINT('',(-2.95E0,-2.2E0,-1.55E0));
#2299=DIRECTION('',(0.E0,0.E0,1.E0));
#2300=DIRECTION('',(-1.E0,0.E0,0.E0));
#2301=AXIS2_PLACEMENT_3D('',#2298,#2299,#2300);
#2302=PLANE('',#2301);
#2304=ORIENTED_EDGE('',*,*,#2303,.F.);
#2306=ORIENTED_EDGE('',*,*,#2305,.F.);
#2308=ORIENTED_EDGE('',*,*,#2307,.T.);
#2309=ORIENTED_EDGE('',*,*,#2279,.T.);
#2310=EDGE_LOOP('',(#2304,#2306,#2308,#2309));
#2311=FACE_OUTER_BOUND('',#2310,.F.);
#2313=CARTESIAN_POINT('',(-5.95E0,-1.377851535047E0,-1.45E0));
#2314=DIRECTION('',(0.E0,-1.E0,0.E0));
#2315=DIRECTION('',(-1.E0,0.E0,0.E0));
#2316=AXIS2_PLACEMENT_3D('',#2313,#2314,#2315);
#2317=CYLINDRICAL_SURFACE('',#2316,1.E-1);
#2319=ORIENTED_EDGE('',*,*,#2318,.F.);
#2321=ORIENTED_EDGE('',*,*,#2320,.T.);
#2322=ORIENTED_EDGE('',*,*,#2303,.T.);
#2323=ORIENTED_EDGE('',*,*,#2293,.T.);
#2324=EDGE_LOOP('',(#2319,#2321,#2322,#2323));
#2325=FACE_OUTER_BOUND('',#2324,.F.);
#2327=CARTESIAN_POINT('',(-6.05E0,-2.2E0,-1.55E0));
#2328=DIRECTION('',(1.E0,0.E0,0.E0));
#2329=DIRECTION('',(0.E0,0.E0,1.E0));
#2330=AXIS2_PLACEMENT_3D('',#2327,#2328,#2329);
#2331=PLANE('',#2330);
#2332=ORIENTED_EDGE('',*,*,#2318,.T.);
#2333=ORIENTED_EDGE('',*,*,#2291,.T.);
#2335=ORIENTED_EDGE('',*,*,#2334,.F.);
#2337=ORIENTED_EDGE('',*,*,#2336,.F.);
#2338=EDGE_LOOP('',(#2332,#2333,#2335,#2337));
#2339=FACE_OUTER_BOUND('',#2338,.F.);
#2341=CARTESIAN_POINT('',(-5.95E0,-1.377851535047E0,1.45E0));
#2342=DIRECTION('',(0.E0,-1.E0,0.E0));
#2343=DIRECTION('',(0.E0,0.E0,1.E0));
#2344=AXIS2_PLACEMENT_3D('',#2341,#2342,#2343);
#2345=CYLINDRICAL_SURFACE('',#2344,1.E-1);
#2347=ORIENTED_EDGE('',*,*,#2346,.F.);
#2349=ORIENTED_EDGE('',*,*,#2348,.T.);
#2350=ORIENTED_EDGE('',*,*,#2334,.T.);
#2351=ORIENTED_EDGE('',*,*,#2289,.T.);
#2352=EDGE_LOOP('',(#2347,#2349,#2350,#2351));
#2353=FACE_OUTER_BOUND('',#2352,.F.);
#2355=CARTESIAN_POINT('',(-6.05E0,-2.2E0,1.55E0));
#2356=DIRECTION('',(0.E0,0.E0,-1.E0));
#2357=DIRECTION('',(1.E0,0.E0,0.E0));
#2358=AXIS2_PLACEMENT_3D('',#2355,#2356,#2357);
#2359=PLANE('',#2358);
#2361=ORIENTED_EDGE('',*,*,#2360,.F.);
#2363=ORIENTED_EDGE('',*,*,#2362,.F.);
#2364=ORIENTED_EDGE('',*,*,#2346,.T.);
#2365=ORIENTED_EDGE('',*,*,#2287,.T.);
#2366=EDGE_LOOP('',(#2361,#2363,#2364,#2365));
#2367=FACE_OUTER_BOUND('',#2366,.F.);
#2369=CARTESIAN_POINT('',(-3.05E0,-1.377851535047E0,1.45E0));
#2370=DIRECTION('',(0.E0,-1.E0,0.E0));
#2371=DIRECTION('',(1.E0,0.E0,0.E0));
#2372=AXIS2_PLACEMENT_3D('',#2369,#2370,#2371);
#2373=CYLINDRICAL_SURFACE('',#2372,1.E-1);
#2375=ORIENTED_EDGE('',*,*,#2374,.F.);
#2377=ORIENTED_EDGE('',*,*,#2376,.T.);
#2378=ORIENTED_EDGE('',*,*,#2360,.T.);
#2379=ORIENTED_EDGE('',*,*,#2285,.T.);
#2380=EDGE_LOOP('',(#2375,#2377,#2378,#2379));
#2381=FACE_OUTER_BOUND('',#2380,.F.);
#2383=CARTESIAN_POINT('',(-2.95E0,-2.2E0,1.55E0));
#2384=DIRECTION('',(-1.E0,0.E0,0.E0));
#2385=DIRECTION('',(0.E0,0.E0,-1.E0));
#2386=AXIS2_PLACEMENT_3D('',#2383,#2384,#2385);
#2387=PLANE('',#2386);
#2389=ORIENTED_EDGE('',*,*,#2388,.F.);
#2391=ORIENTED_EDGE('',*,*,#2390,.F.);
#2392=ORIENTED_EDGE('',*,*,#2374,.T.);
#2393=ORIENTED_EDGE('',*,*,#2283,.T.);
#2394=EDGE_LOOP('',(#2389,#2391,#2392,#2393));
#2395=FACE_OUTER_BOUND('',#2394,.F.);
#2397=CARTESIAN_POINT('',(-3.05E0,-1.377851535047E0,-1.45E0));
#2398=DIRECTION('',(0.E0,-1.E0,0.E0));
#2399=DIRECTION('',(0.E0,0.E0,-1.E0));
#2400=AXIS2_PLACEMENT_3D('',#2397,#2398,#2399);
#2401=CYLINDRICAL_SURFACE('',#2400,1.E-1);
#2402=ORIENTED_EDGE('',*,*,#2307,.F.);
#2404=ORIENTED_EDGE('',*,*,#2403,.T.);
#2405=ORIENTED_EDGE('',*,*,#2388,.T.);
#2406=ORIENTED_EDGE('',*,*,#2281,.T.);
#2407=EDGE_LOOP('',(#2402,#2404,#2405,#2406));
#2408=FACE_OUTER_BOUND('',#2407,.F.);
#2410=CARTESIAN_POINT('',(0.E0,-1.4E0,0.E0));
#2411=DIRECTION('',(0.E0,1.E0,0.E0));
#2412=DIRECTION('',(1.E0,0.E0,0.E0));
#2413=AXIS2_PLACEMENT_3D('',#2410,#2411,#2412);
#2414=PLANE('',#2413);
#2415=ORIENTED_EDGE('',*,*,#2320,.F.);
#2416=ORIENTED_EDGE('',*,*,#2336,.T.);
#2417=ORIENTED_EDGE('',*,*,#2348,.F.);
#2418=ORIENTED_EDGE('',*,*,#2362,.T.);
#2419=ORIENTED_EDGE('',*,*,#2376,.F.);
#2420=ORIENTED_EDGE('',*,*,#2390,.T.);
#2421=ORIENTED_EDGE('',*,*,#2403,.F.);
#2422=ORIENTED_EDGE('',*,*,#2305,.T.);
#2423=EDGE_LOOP('',(#2415,#2416,#2417,#2418,#2419,#2420,#2421,#2422));
#2424=FACE_OUTER_BOUND('',#2423,.F.);
#2426=ORIENTED_EDGE('',*,*,#2425,.T.);
#2428=ORIENTED_EDGE('',*,*,#2427,.T.);
#2429=EDGE_LOOP('',(#2426,#2428));
#2430=FACE_BOUND('',#2429,.F.);
#2432=CARTESIAN_POINT('',(-4.5E0,3.4E0,0.E0));
#2433=DIRECTION('',(0.E0,-1.E0,0.E0));
#2434=DIRECTION('',(-1.E0,0.E0,0.E0));
#2435=AXIS2_PLACEMENT_3D('',#2432,#2433,#2434);
#2436=CYLINDRICAL_SURFACE('',#2435,1.5E0);
#2438=ORIENTED_EDGE('',*,*,#2437,.T.);
#2440=ORIENTED_EDGE('',*,*,#2439,.T.);
#2441=ORIENTED_EDGE('',*,*,#2425,.F.);
#2443=ORIENTED_EDGE('',*,*,#2442,.F.);
#2444=EDGE_LOOP('',(#2438,#2440,#2441,#2443));
#2445=FACE_OUTER_BOUND('',#2444,.F.);
#2447=CARTESIAN_POINT('',(-4.5E0,2.4E0,0.E0));
#2448=DIRECTION('',(0.E0,1.E0,0.E0));
#2449=DIRECTION('',(-1.E0,0.E0,0.E0));
#2450=AXIS2_PLACEMENT_3D('',#2447,#2448,#2449);
#2451=PLANE('',#2450);
#2453=ORIENTED_EDGE('',*,*,#2452,.F.);
#2455=ORIENTED_EDGE('',*,*,#2454,.F.);
#2456=EDGE_LOOP('',(#2453,#2455));
#2457=FACE_OUTER_BOUND('',#2456,.F.);
#2458=ORIENTED_EDGE('',*,*,#2437,.F.);
#2460=ORIENTED_EDGE('',*,*,#2459,.F.);
#2461=EDGE_LOOP('',(#2458,#2460));
#2462=FACE_BOUND('',#2461,.F.);
#2464=CARTESIAN_POINT('',(-4.5E0,3.4E0,0.E0));
#2465=DIRECTION('',(0.E0,1.E0,0.E0));
#2466=DIRECTION('',(-1.E0,0.E0,0.E0));
#2467=AXIS2_PLACEMENT_3D('',#2464,#2465,#2466);
#2468=CYLINDRICAL_SURFACE('',#2467,1.6E0);
#2469=ORIENTED_EDGE('',*,*,#1997,.F.);
#2471=ORIENTED_EDGE('',*,*,#2470,.T.);
#2472=ORIENTED_EDGE('',*,*,#2452,.T.);
#2474=ORIENTED_EDGE('',*,*,#2473,.F.);
#2475=EDGE_LOOP('',(#2469,#2471,#2472,#2474));
#2476=FACE_OUTER_BOUND('',#2475,.F.);
#2478=CARTESIAN_POINT('',(-4.5E0,3.4E0,0.E0));
#2479=DIRECTION('',(0.E0,1.E0,0.E0));
#2480=DIRECTION('',(-1.E0,0.E0,0.E0));
#2481=AXIS2_PLACEMENT_3D('',#2478,#2479,#2480);
#2482=CYLINDRICAL_SURFACE('',#2481,1.6E0);
#2483=ORIENTED_EDGE('',*,*,#1999,.F.);
#2484=ORIENTED_EDGE('',*,*,#2473,.T.);
#2485=ORIENTED_EDGE('',*,*,#2454,.T.);
#2486=ORIENTED_EDGE('',*,*,#2470,.F.);
#2487=EDGE_LOOP('',(#2483,#2484,#2485,#2486));
#2488=FACE_OUTER_BOUND('',#2487,.F.);
#2490=CARTESIAN_POINT('',(-4.5E0,3.4E0,0.E0));
#2491=DIRECTION('',(0.E0,-1.E0,0.E0));
#2492=DIRECTION('',(-1.E0,0.E0,0.E0));
#2493=AXIS2_PLACEMENT_3D('',#2490,#2491,#2492);
#2494=CYLINDRICAL_SURFACE('',#2493,1.5E0);
#2495=ORIENTED_EDGE('',*,*,#2459,.T.);
#2496=ORIENTED_EDGE('',*,*,#2442,.T.);
#2497=ORIENTED_EDGE('',*,*,#2427,.F.);
#2498=ORIENTED_EDGE('',*,*,#2439,.F.);
#2499=EDGE_LOOP('',(#2495,#2496,#2497,#2498));
#2500=FACE_OUTER_BOUND('',#2499,.F.);
#2502=CARTESIAN_POINT('',(1.75E0,3.4E0,-3.275E0));
#2503=DIRECTION('',(1.E0,0.E0,0.E0));
#2504=DIRECTION('',(0.E0,0.E0,1.E0));
#2505=AXIS2_PLACEMENT_3D('',#2502,#2503,#2504);
#2506=PLANE('',#2505);
#2508=ORIENTED_EDGE('',*,*,#2507,.T.);
#2510=ORIENTED_EDGE('',*,*,#2509,.F.);
#2512=ORIENTED_EDGE('',*,*,#2511,.F.);
#2513=ORIENTED_EDGE('',*,*,#2227,.T.);
#2515=ORIENTED_EDGE('',*,*,#2514,.F.);
#2516=ORIENTED_EDGE('',*,*,#1965,.T.);
#2517=EDGE_LOOP('',(#2508,#2510,#2512,#2513,#2515,#2516));
#2518=FACE_OUTER_BOUND('',#2517,.F.);
#2520=CARTESIAN_POINT('',(-6.2E0,3.4E0,-2.775E0));
#2521=DIRECTION('',(0.E0,0.E0,-1.E0));
#2522=DIRECTION('',(1.E0,0.E0,0.E0));
#2523=AXIS2_PLACEMENT_3D('',#2520,#2521,#2522);
#2524=PLANE('',#2523);
#2526=ORIENTED_EDGE('',*,*,#2525,.F.);
#2527=ORIENTED_EDGE('',*,*,#1955,.F.);
#2529=ORIENTED_EDGE('',*,*,#2528,.T.);
#2530=ORIENTED_EDGE('',*,*,#2267,.T.);
#2531=EDGE_LOOP('',(#2526,#2527,#2529,#2530));
#2532=FACE_OUTER_BOUND('',#2531,.F.);
#2534=CARTESIAN_POINT('',(-6.2E0,3.4E0,-2.775E0));
#2535=DIRECTION('',(0.E0,0.E0,-1.E0));
#2536=DIRECTION('',(1.E0,0.E0,0.E0));
#2537=AXIS2_PLACEMENT_3D('',#2534,#2535,#2536);
#2538=PLANE('',#2537);
#2540=ORIENTED_EDGE('',*,*,#2539,.T.);
#2541=ORIENTED_EDGE('',*,*,#2237,.T.);
#2543=ORIENTED_EDGE('',*,*,#2542,.F.);
#2544=ORIENTED_EDGE('',*,*,#1971,.F.);
#2545=EDGE_LOOP('',(#2540,#2541,#2543,#2544));
#2546=FACE_OUTER_BOUND('',#2545,.F.);
#2548=CARTESIAN_POINT('',(-6.2E0,3.4E0,-2.775E0));
#2549=DIRECTION('',(0.E0,0.E0,-1.E0));
#2550=DIRECTION('',(1.E0,0.E0,0.E0));
#2551=AXIS2_PLACEMENT_3D('',#2548,#2549,#2550);
#2552=PLANE('',#2551);
#2554=ORIENTED_EDGE('',*,*,#2553,.F.);
#2556=ORIENTED_EDGE('',*,*,#2555,.F.);
#2558=ORIENTED_EDGE('',*,*,#2557,.F.);
#2560=ORIENTED_EDGE('',*,*,#2559,.F.);
#2562=ORIENTED_EDGE('',*,*,#2561,.F.);
#2563=ORIENTED_EDGE('',*,*,#2507,.F.);
#2564=ORIENTED_EDGE('',*,*,#1963,.F.);
#2566=ORIENTED_EDGE('',*,*,#2565,.T.);
#2567=EDGE_LOOP('',(#2554,#2556,#2558,#2560,#2562,#2563,#2564,#2566));
#2568=FACE_OUTER_BOUND('',#2567,.F.);
#2570=CARTESIAN_POINT('',(-2.75E0,3.4E0,-2.775E0));
#2571=DIRECTION('',(-1.E0,0.E0,0.E0));
#2572=DIRECTION('',(0.E0,0.E0,-1.E0));
#2573=AXIS2_PLACEMENT_3D('',#2570,#2571,#2572);
#2574=PLANE('',#2573);
#2575=ORIENTED_EDGE('',*,*,#2525,.T.);
#2576=ORIENTED_EDGE('',*,*,#2265,.T.);
#2578=ORIENTED_EDGE('',*,*,#2577,.F.);
#2579=ORIENTED_EDGE('',*,*,#1957,.F.);
#2580=EDGE_LOOP('',(#2575,#2576,#2578,#2579));
#2581=FACE_OUTER_BOUND('',#2580,.F.);
#2583=CARTESIAN_POINT('',(-2.75E0,3.4E0,-3.275E0));
#2584=DIRECTION('',(0.E0,0.E0,-1.E0));
#2585=DIRECTION('',(1.E0,0.E0,0.E0));
#2586=AXIS2_PLACEMENT_3D('',#2583,#2584,#2585);
#2587=PLANE('',#2586);
#2588=ORIENTED_EDGE('',*,*,#1959,.F.);
#2589=ORIENTED_EDGE('',*,*,#2577,.T.);
#2590=ORIENTED_EDGE('',*,*,#2263,.T.);
#2592=ORIENTED_EDGE('',*,*,#2591,.F.);
#2593=EDGE_LOOP('',(#2588,#2589,#2590,#2592));
#2594=FACE_OUTER_BOUND('',#2593,.F.);
#2596=CARTESIAN_POINT('',(-1.75E0,3.4E0,-3.275E0));
#2597=DIRECTION('',(1.E0,0.E0,0.E0));
#2598=DIRECTION('',(0.E0,0.E0,1.E0));
#2599=AXIS2_PLACEMENT_3D('',#2596,#2597,#2598);
#2600=PLANE('',#2599);
#2601=ORIENTED_EDGE('',*,*,#2261,.T.);
#2603=ORIENTED_EDGE('',*,*,#2602,.T.);
#2605=ORIENTED_EDGE('',*,*,#2604,.T.);
#2606=ORIENTED_EDGE('',*,*,#2565,.F.);
#2607=ORIENTED_EDGE('',*,*,#1961,.F.);
#2608=ORIENTED_EDGE('',*,*,#2591,.T.);
#2609=EDGE_LOOP('',(#2601,#2603,#2605,#2606,#2607,#2608));
#2610=FACE_OUTER_BOUND('',#2609,.F.);
#2612=CARTESIAN_POINT('',(6.2E0,3.4E0,2.775E0));
#2613=DIRECTION('',(0.E0,0.E0,1.E0));
#2614=DIRECTION('',(-1.E0,0.E0,0.E0));
#2615=AXIS2_PLACEMENT_3D('',#2612,#2613,#2614);
#2616=PLANE('',#2615);
#2618=ORIENTED_EDGE('',*,*,#2617,.F.);
#2620=ORIENTED_EDGE('',*,*,#2619,.F.);
#2622=ORIENTED_EDGE('',*,*,#2621,.F.);
#2623=ORIENTED_EDGE('',*,*,#1979,.F.);
#2625=ORIENTED_EDGE('',*,*,#2624,.T.);
#2626=ORIENTED_EDGE('',*,*,#2229,.T.);
#2627=ORIENTED_EDGE('',*,*,#2511,.T.);
#2629=ORIENTED_EDGE('',*,*,#2628,.T.);
#2631=ORIENTED_EDGE('',*,*,#2630,.T.);
#2633=ORIENTED_EDGE('',*,*,#2632,.T.);
#2635=ORIENTED_EDGE('',*,*,#2634,.T.);
#2637=ORIENTED_EDGE('',*,*,#2636,.T.);
#2638=EDGE_LOOP('',(#2618,#2620,#2622,#2623,#2625,#2626,#2627,#2629,#2631,#2633,
#2635,#2637));
#2639=FACE_OUTER_BOUND('',#2638,.F.);
#2641=CARTESIAN_POINT('',(6.2E0,3.4E0,2.775E0));
#2642=DIRECTION('',(0.E0,0.E0,1.E0));
#2643=DIRECTION('',(-1.E0,0.E0,0.E0));
#2644=AXIS2_PLACEMENT_3D('',#2641,#2642,#2643);
#2645=PLANE('',#2644);
#2647=ORIENTED_EDGE('',*,*,#2646,.T.);
#2649=ORIENTED_EDGE('',*,*,#2648,.T.);
#2650=ORIENTED_EDGE('',*,*,#2602,.F.);
#2651=ORIENTED_EDGE('',*,*,#2275,.T.);
#2653=ORIENTED_EDGE('',*,*,#2652,.F.);
#2654=ORIENTED_EDGE('',*,*,#1947,.F.);
#2655=EDGE_LOOP('',(#2647,#2649,#2650,#2651,#2653,#2654));
#2656=FACE_OUTER_BOUND('',#2655,.F.);
#2658=CARTESIAN_POINT('',(-8.5E-1,3.4E0,2.925E0));
#2659=DIRECTION('',(1.E0,0.E0,0.E0));
#2660=DIRECTION('',(0.E0,0.E0,-1.E0));
#2661=AXIS2_PLACEMENT_3D('',#2658,#2659,#2660);
#2662=PLANE('',#2661);
#2663=ORIENTED_EDGE('',*,*,#2617,.T.);
#2665=ORIENTED_EDGE('',*,*,#2664,.T.);
#2667=ORIENTED_EDGE('',*,*,#2666,.F.);
#2669=ORIENTED_EDGE('',*,*,#2668,.F.);
#2670=EDGE_LOOP('',(#2663,#2665,#2667,#2669));
#2671=FACE_OUTER_BOUND('',#2670,.F.);
#2673=CARTESIAN_POINT('',(1.75E0,-1.7E0,3.38E0));
#2674=DIRECTION('',(0.E0,1.E0,0.E0));
#2675=DIRECTION('',(-1.E0,0.E0,0.E0));
#2676=AXIS2_PLACEMENT_3D('',#2673,#2674,#2675);
#2677=PLANE('',#2676);
#2679=ORIENTED_EDGE('',*,*,#2678,.T.);
#2680=ORIENTED_EDGE('',*,*,#2628,.F.);
#2681=ORIENTED_EDGE('',*,*,#2509,.T.);
#2682=ORIENTED_EDGE('',*,*,#2561,.T.);
#2683=EDGE_LOOP('',(#2679,#2680,#2681,#2682));
#2684=FACE_OUTER_BOUND('',#2683,.F.);
#2686=ORIENTED_EDGE('',*,*,#2685,.T.);
#2688=ORIENTED_EDGE('',*,*,#2687,.T.);
#2689=EDGE_LOOP('',(#2686,#2688));
#2690=FACE_BOUND('',#2689,.F.);
#2692=ORIENTED_EDGE('',*,*,#2691,.T.);
#2694=ORIENTED_EDGE('',*,*,#2693,.T.);
#2695=EDGE_LOOP('',(#2692,#2694));
#2696=FACE_BOUND('',#2695,.F.);
#2698=CARTESIAN_POINT('',(1.75E0,-1.7E0,3.38E0));
#2699=DIRECTION('',(0.E0,1.E0,0.E0));
#2700=DIRECTION('',(-1.E0,0.E0,0.E0));
#2701=AXIS2_PLACEMENT_3D('',#2698,#2699,#2700);
#2702=PLANE('',#2701);
#2703=ORIENTED_EDGE('',*,*,#2664,.F.);
#2704=ORIENTED_EDGE('',*,*,#2636,.F.);
#2706=ORIENTED_EDGE('',*,*,#2705,.F.);
#2707=ORIENTED_EDGE('',*,*,#2553,.T.);
#2708=ORIENTED_EDGE('',*,*,#2604,.F.);
#2709=ORIENTED_EDGE('',*,*,#2648,.F.);
#2711=ORIENTED_EDGE('',*,*,#2710,.T.);
#2713=ORIENTED_EDGE('',*,*,#2712,.F.);
#2714=EDGE_LOOP('',(#2703,#2704,#2706,#2707,#2708,#2709,#2711,#2713));
#2715=FACE_OUTER_BOUND('',#2714,.F.);
#2717=ORIENTED_EDGE('',*,*,#2716,.T.);
#2719=ORIENTED_EDGE('',*,*,#2718,.T.);
#2720=EDGE_LOOP('',(#2717,#2719));
#2721=FACE_BOUND('',#2720,.F.);
#2723=ORIENTED_EDGE('',*,*,#2722,.T.);
#2725=ORIENTED_EDGE('',*,*,#2724,.T.);
#2726=EDGE_LOOP('',(#2723,#2725));
#2727=FACE_BOUND('',#2726,.F.);
#2729=CARTESIAN_POINT('',(1.E0,-1.61E0,-1.E0));
#2730=DIRECTION('',(0.E0,-1.E0,0.E0));
#2731=DIRECTION('',(1.E0,0.E0,0.E0));
#2732=AXIS2_PLACEMENT_3D('',#2729,#2730,#2731);
#2733=CONICAL_SURFACE('',#2732,3.45E-1,4.5E1);
#2734=ORIENTED_EDGE('',*,*,#2685,.F.);
#2736=ORIENTED_EDGE('',*,*,#2735,.T.);
#2738=ORIENTED_EDGE('',*,*,#2737,.T.);
#2740=ORIENTED_EDGE('',*,*,#2739,.F.);
#2741=EDGE_LOOP('',(#2734,#2736,#2738,#2740));
#2742=FACE_OUTER_BOUND('',#2741,.F.);
#2744=CARTESIAN_POINT('',(1.E0,-1.61E0,-1.E0));
#2745=DIRECTION('',(0.E0,-1.E0,0.E0));
#2746=DIRECTION('',(1.E0,0.E0,0.E0));
#2747=AXIS2_PLACEMENT_3D('',#2744,#2745,#2746);
#2748=CONICAL_SURFACE('',#2747,3.45E-1,4.5E1);
#2749=ORIENTED_EDGE('',*,*,#2687,.F.);
#2750=ORIENTED_EDGE('',*,*,#2739,.T.);
#2752=ORIENTED_EDGE('',*,*,#2751,.T.);
#2753=ORIENTED_EDGE('',*,*,#2735,.F.);
#2754=EDGE_LOOP('',(#2749,#2750,#2752,#2753));
#2755=FACE_OUTER_BOUND('',#2754,.F.);
#2757=CARTESIAN_POINT('',(1.E0,0.E0,-1.E0));
#2758=DIRECTION('',(0.E0,-1.E0,0.E0));
#2759=DIRECTION('',(1.E0,0.E0,0.E0));
#2760=AXIS2_PLACEMENT_3D('',#2757,#2758,#2759);
#2761=CYLINDRICAL_SURFACE('',#2760,2.55E-1);
#2763=ORIENTED_EDGE('',*,*,#2762,.T.);
#2765=ORIENTED_EDGE('',*,*,#2764,.T.);
#2766=ORIENTED_EDGE('',*,*,#2751,.F.);
#2768=ORIENTED_EDGE('',*,*,#2767,.F.);
#2769=EDGE_LOOP('',(#2763,#2765,#2766,#2768));
#2770=FACE_OUTER_BOUND('',#2769,.F.);
#2772=CARTESIAN_POINT('',(0.E0,0.E0,0.E0));
#2773=DIRECTION('',(0.E0,-1.E0,0.E0));
#2774=DIRECTION('',(-1.E0,0.E0,0.E0));
#2775=AXIS2_PLACEMENT_3D('',#2772,#2773,#2774);
#2776=PLANE('',#2775);
#2777=ORIENTED_EDGE('',*,*,#2668,.T.);
#2779=ORIENTED_EDGE('',*,*,#2778,.T.);
#2781=ORIENTED_EDGE('',*,*,#2780,.T.);
#2783=ORIENTED_EDGE('',*,*,#2782,.T.);
#2785=ORIENTED_EDGE('',*,*,#2784,.T.);
#2787=ORIENTED_EDGE('',*,*,#2786,.T.);
#2789=ORIENTED_EDGE('',*,*,#2788,.T.);
#2791=ORIENTED_EDGE('',*,*,#2790,.T.);
#2793=ORIENTED_EDGE('',*,*,#2792,.T.);
#2794=ORIENTED_EDGE('',*,*,#2619,.T.);
#2795=EDGE_LOOP('',(#2777,#2779,#2781,#2783,#2785,#2787,#2789,#2791,#2793,
#2794));
#2796=FACE_OUTER_BOUND('',#2795,.F.);
#2798=ORIENTED_EDGE('',*,*,#2797,.F.);
#2800=ORIENTED_EDGE('',*,*,#2799,.F.);
#2801=EDGE_LOOP('',(#2798,#2800));
#2802=FACE_BOUND('',#2801,.F.);
#2804=ORIENTED_EDGE('',*,*,#2803,.F.);
#2806=ORIENTED_EDGE('',*,*,#2805,.F.);
#2807=EDGE_LOOP('',(#2804,#2806));
#2808=FACE_BOUND('',#2807,.F.);
#2810=ORIENTED_EDGE('',*,*,#2809,.F.);
#2812=ORIENTED_EDGE('',*,*,#2811,.F.);
#2813=EDGE_LOOP('',(#2810,#2812));
#2814=FACE_BOUND('',#2813,.F.);
#2816=ORIENTED_EDGE('',*,*,#2815,.F.);
#2817=ORIENTED_EDGE('',*,*,#2762,.F.);
#2818=EDGE_LOOP('',(#2816,#2817));
#2819=FACE_BOUND('',#2818,.F.);
#2821=CARTESIAN_POINT('',(1.E0,0.E0,-1.E0));
#2822=DIRECTION('',(0.E0,-1.E0,0.E0));
#2823=DIRECTION('',(1.E0,0.E0,0.E0));
#2824=AXIS2_PLACEMENT_3D('',#2821,#2822,#2823);
#2825=CYLINDRICAL_SURFACE('',#2824,2.55E-1);
#2826=ORIENTED_EDGE('',*,*,#2815,.T.);
#2827=ORIENTED_EDGE('',*,*,#2767,.T.);
#2828=ORIENTED_EDGE('',*,*,#2737,.F.);
#2829=ORIENTED_EDGE('',*,*,#2764,.F.);
#2830=EDGE_LOOP('',(#2826,#2827,#2828,#2829));
#2831=FACE_OUTER_BOUND('',#2830,.F.);
#2833=CARTESIAN_POINT('',(-1.E0,0.E0,-1.E0));
#2834=DIRECTION('',(0.E0,-1.E0,0.E0));
#2835=DIRECTION('',(1.E0,0.E0,0.E0));
#2836=AXIS2_PLACEMENT_3D('',#2833,#2834,#2835);
#2837=CYLINDRICAL_SURFACE('',#2836,2.55E-1);
#2838=ORIENTED_EDGE('',*,*,#2797,.T.);
#2840=ORIENTED_EDGE('',*,*,#2839,.T.);
#2842=ORIENTED_EDGE('',*,*,#2841,.F.);
#2844=ORIENTED_EDGE('',*,*,#2843,.F.);
#2845=EDGE_LOOP('',(#2838,#2840,#2842,#2844));
#2846=FACE_OUTER_BOUND('',#2845,.F.);
#2848=CARTESIAN_POINT('',(-1.E0,0.E0,-1.E0));
#2849=DIRECTION('',(0.E0,-1.E0,0.E0));
#2850=DIRECTION('',(1.E0,0.E0,0.E0));
#2851=AXIS2_PLACEMENT_3D('',#2848,#2849,#2850);
#2852=CYLINDRICAL_SURFACE('',#2851,2.55E-1);
#2853=ORIENTED_EDGE('',*,*,#2799,.T.);
#2854=ORIENTED_EDGE('',*,*,#2843,.T.);
#2856=ORIENTED_EDGE('',*,*,#2855,.F.);
#2857=ORIENTED_EDGE('',*,*,#2839,.F.);
#2858=EDGE_LOOP('',(#2853,#2854,#2856,#2857));
#2859=FACE_OUTER_BOUND('',#2858,.F.);
#2861=CARTESIAN_POINT('',(-1.E0,-1.61E0,-1.E0));
#2862=DIRECTION('',(0.E0,-1.E0,0.E0));
#2863=DIRECTION('',(1.E0,0.E0,0.E0));
#2864=AXIS2_PLACEMENT_3D('',#2861,#2862,#2863);
#2865=CONICAL_SURFACE('',#2864,3.45E-1,4.5E1);
#2866=ORIENTED_EDGE('',*,*,#2718,.F.);
#2868=ORIENTED_EDGE('',*,*,#2867,.T.);
#2869=ORIENTED_EDGE('',*,*,#2855,.T.);
#2871=ORIENTED_EDGE('',*,*,#2870,.F.);
#2872=EDGE_LOOP('',(#2866,#2868,#2869,#2871));
#2873=FACE_OUTER_BOUND('',#2872,.F.);
#2875=CARTESIAN_POINT('',(-1.E0,-1.61E0,-1.E0));
#2876=DIRECTION('',(0.E0,-1.E0,0.E0));
#2877=DIRECTION('',(1.E0,0.E0,0.E0));
#2878=AXIS2_PLACEMENT_3D('',#2875,#2876,#2877);
#2879=CONICAL_SURFACE('',#2878,3.45E-1,4.5E1);
#2880=ORIENTED_EDGE('',*,*,#2716,.F.);
#2881=ORIENTED_EDGE('',*,*,#2870,.T.);
#2882=ORIENTED_EDGE('',*,*,#2841,.T.);
#2883=ORIENTED_EDGE('',*,*,#2867,.F.);
#2884=EDGE_LOOP('',(#2880,#2881,#2882,#2883));
#2885=FACE_OUTER_BOUND('',#2884,.F.);
#2887=CARTESIAN_POINT('',(-1.E0,0.E0,1.E0));
#2888=DIRECTION('',(0.E0,-1.E0,0.E0));
#2889=DIRECTION('',(1.E0,0.E0,0.E0));
#2890=AXIS2_PLACEMENT_3D('',#2887,#2888,#2889);
#2891=CYLINDRICAL_SURFACE('',#2890,2.55E-1);
#2892=ORIENTED_EDGE('',*,*,#2803,.T.);
#2894=ORIENTED_EDGE('',*,*,#2893,.T.);
#2896=ORIENTED_EDGE('',*,*,#2895,.F.);
#2898=ORIENTED_EDGE('',*,*,#2897,.F.);
#2899=EDGE_LOOP('',(#2892,#2894,#2896,#2898));
#2900=FACE_OUTER_BOUND('',#2899,.F.);
#2902=CARTESIAN_POINT('',(-1.E0,0.E0,1.E0));
#2903=DIRECTION('',(0.E0,-1.E0,0.E0));
#2904=DIRECTION('',(1.E0,0.E0,0.E0));
#2905=AXIS2_PLACEMENT_3D('',#2902,#2903,#2904);
#2906=CYLINDRICAL_SURFACE('',#2905,2.55E-1);
#2907=ORIENTED_EDGE('',*,*,#2805,.T.);
#2908=ORIENTED_EDGE('',*,*,#2897,.T.);
#2910=ORIENTED_EDGE('',*,*,#2909,.F.);
#2911=ORIENTED_EDGE('',*,*,#2893,.F.);
#2912=EDGE_LOOP('',(#2907,#2908,#2910,#2911));
#2913=FACE_OUTER_BOUND('',#2912,.F.);
#2915=CARTESIAN_POINT('',(-1.E0,-1.61E0,1.E0));
#2916=DIRECTION('',(0.E0,-1.E0,0.E0));
#2917=DIRECTION('',(1.E0,0.E0,0.E0));
#2918=AXIS2_PLACEMENT_3D('',#2915,#2916,#2917);
#2919=CONICAL_SURFACE('',#2918,3.45E-1,4.5E1);
#2920=ORIENTED_EDGE('',*,*,#2724,.F.);
#2922=ORIENTED_EDGE('',*,*,#2921,.T.);
#2923=ORIENTED_EDGE('',*,*,#2909,.T.);
#2925=ORIENTED_EDGE('',*,*,#2924,.F.);
#2926=EDGE_LOOP('',(#2920,#2922,#2923,#2925));
#2927=FACE_OUTER_BOUND('',#2926,.F.);
#2929=CARTESIAN_POINT('',(-1.E0,-1.61E0,1.E0));
#2930=DIRECTION('',(0.E0,-1.E0,0.E0));
#2931=DIRECTION('',(1.E0,0.E0,0.E0));
#2932=AXIS2_PLACEMENT_3D('',#2929,#2930,#2931);
#2933=CONICAL_SURFACE('',#2932,3.45E-1,4.5E1);
#2934=ORIENTED_EDGE('',*,*,#2722,.F.);
#2935=ORIENTED_EDGE('',*,*,#2924,.T.);
#2936=ORIENTED_EDGE('',*,*,#2895,.T.);
#2937=ORIENTED_EDGE('',*,*,#2921,.F.);
#2938=EDGE_LOOP('',(#2934,#2935,#2936,#2937));
#2939=FACE_OUTER_BOUND('',#2938,.F.);
#2941=CARTESIAN_POINT('',(1.E0,0.E0,1.E0));
#2942=DIRECTION('',(0.E0,-1.E0,0.E0));
#2943=DIRECTION('',(1.E0,0.E0,0.E0));
#2944=AXIS2_PLACEMENT_3D('',#2941,#2942,#2943);
#2945=CYLINDRICAL_SURFACE('',#2944,2.55E-1);
#2946=ORIENTED_EDGE('',*,*,#2809,.T.);
#2948=ORIENTED_EDGE('',*,*,#2947,.T.);
#2950=ORIENTED_EDGE('',*,*,#2949,.F.);
#2952=ORIENTED_EDGE('',*,*,#2951,.F.);
#2953=EDGE_LOOP('',(#2946,#2948,#2950,#2952));
#2954=FACE_OUTER_BOUND('',#2953,.F.);
#2956=CARTESIAN_POINT('',(1.E0,0.E0,1.E0));
#2957=DIRECTION('',(0.E0,-1.E0,0.E0));
#2958=DIRECTION('',(1.E0,0.E0,0.E0));
#2959=AXIS2_PLACEMENT_3D('',#2956,#2957,#2958);
#2960=CYLINDRICAL_SURFACE('',#2959,2.55E-1);
#2961=ORIENTED_EDGE('',*,*,#2811,.T.);
#2962=ORIENTED_EDGE('',*,*,#2951,.T.);
#2964=ORIENTED_EDGE('',*,*,#2963,.F.);
#2965=ORIENTED_EDGE('',*,*,#2947,.F.);
#2966=EDGE_LOOP('',(#2961,#2962,#2964,#2965));
#2967=FACE_OUTER_BOUND('',#2966,.F.);
#2969=CARTESIAN_POINT('',(1.E0,-1.61E0,1.E0));
#2970=DIRECTION('',(0.E0,-1.E0,0.E0));
#2971=DIRECTION('',(1.E0,0.E0,0.E0));
#2972=AXIS2_PLACEMENT_3D('',#2969,#2970,#2971);
#2973=CONICAL_SURFACE('',#2972,3.45E-1,4.5E1);
#2974=ORIENTED_EDGE('',*,*,#2693,.F.);
#2976=ORIENTED_EDGE('',*,*,#2975,.T.);
#2977=ORIENTED_EDGE('',*,*,#2963,.T.);
#2979=ORIENTED_EDGE('',*,*,#2978,.F.);
#2980=EDGE_LOOP('',(#2974,#2976,#2977,#2979));
#2981=FACE_OUTER_BOUND('',#2980,.F.);
#2983=CARTESIAN_POINT('',(1.E0,-1.61E0,1.E0));
#2984=DIRECTION('',(0.E0,-1.E0,0.E0));
#2985=DIRECTION('',(1.E0,0.E0,0.E0));
#2986=AXIS2_PLACEMENT_3D('',#2983,#2984,#2985);
#2987=CONICAL_SURFACE('',#2986,3.45E-1,4.5E1);
#2988=ORIENTED_EDGE('',*,*,#2691,.F.);
#2989=ORIENTED_EDGE('',*,*,#2978,.T.);
#2990=ORIENTED_EDGE('',*,*,#2949,.T.);
#2991=ORIENTED_EDGE('',*,*,#2975,.F.);
#2992=EDGE_LOOP('',(#2988,#2989,#2990,#2991));
#2993=FACE_OUTER_BOUND('',#2992,.F.);
#2995=CARTESIAN_POINT('',(-8.5E-1,3.4E0,2.625E0));
#2996=DIRECTION('',(0.E0,0.E0,-1.E0));
#2997=DIRECTION('',(-1.E0,0.E0,0.E0));
#2998=AXIS2_PLACEMENT_3D('',#2995,#2996,#2997);
#2999=PLANE('',#2998);
#3000=ORIENTED_EDGE('',*,*,#1943,.F.);
#3002=ORIENTED_EDGE('',*,*,#3001,.T.);
#3003=ORIENTED_EDGE('',*,*,#2778,.F.);
#3004=ORIENTED_EDGE('',*,*,#2666,.T.);
#3005=ORIENTED_EDGE('',*,*,#2712,.T.);
#3007=ORIENTED_EDGE('',*,*,#3006,.F.);
#3008=EDGE_LOOP('',(#3000,#3002,#3003,#3004,#3005,#3007));
#3009=FACE_OUTER_BOUND('',#3008,.F.);
#3011=CARTESIAN_POINT('',(-1.05E0,0.E0,2.775E0));
#3012=DIRECTION('',(-1.E0,0.E0,0.E0));
#3013=DIRECTION('',(0.E0,0.E0,-1.E0));
#3014=AXIS2_PLACEMENT_3D('',#3011,#3012,#3013);
#3015=PLANE('',#3014);
#3016=ORIENTED_EDGE('',*,*,#3001,.F.);
#3017=ORIENTED_EDGE('',*,*,#1993,.T.);
#3019=ORIENTED_EDGE('',*,*,#3018,.T.);
#3021=ORIENTED_EDGE('',*,*,#3020,.F.);
#3022=ORIENTED_EDGE('',*,*,#2780,.F.);
#3023=EDGE_LOOP('',(#3016,#3017,#3019,#3021,#3022));
#3024=FACE_OUTER_BOUND('',#3023,.F.);
#3026=CARTESIAN_POINT('',(-1.05E0,3.4E0,2.352072594216E0));
#3027=DIRECTION('',(0.E0,-5.E-1,8.660254037844E-1));
#3028=DIRECTION('',(-1.E0,0.E0,0.E0));
#3029=AXIS2_PLACEMENT_3D('',#3026,#3027,#3028);
#3030=PLANE('',#3029);
#3031=ORIENTED_EDGE('',*,*,#1991,.T.);
#3033=ORIENTED_EDGE('',*,*,#3032,.T.);
#3035=ORIENTED_EDGE('',*,*,#3034,.F.);
#3036=ORIENTED_EDGE('',*,*,#3018,.F.);
#3037=EDGE_LOOP('',(#3031,#3033,#3035,#3036));
#3038=FACE_OUTER_BOUND('',#3037,.F.);
#3040=CARTESIAN_POINT('',(-2.502072594216E0,3.4E0,2.15E0));
#3041=DIRECTION('',(-8.660254037844E-1,-5.E-1,0.E0));
#3042=DIRECTION('',(0.E0,0.E0,-1.E0));
#3043=AXIS2_PLACEMENT_3D('',#3040,#3041,#3042);
#3044=PLANE('',#3043);
#3045=ORIENTED_EDGE('',*,*,#1989,.T.);
#3047=ORIENTED_EDGE('',*,*,#3046,.T.);
#3049=ORIENTED_EDGE('',*,*,#3048,.F.);
#3050=ORIENTED_EDGE('',*,*,#3032,.F.);
#3051=EDGE_LOOP('',(#3045,#3047,#3049,#3050));
#3052=FACE_OUTER_BOUND('',#3051,.F.);
#3054=CARTESIAN_POINT('',(-2.3E0,3.4E0,-2.352072594216E0));
#3055=DIRECTION('',(0.E0,-5.E-1,-8.660254037844E-1));
#3056=DIRECTION('',(1.E0,0.E0,0.E0));
#3057=AXIS2_PLACEMENT_3D('',#3054,#3055,#3056);
#3058=PLANE('',#3057);
#3059=ORIENTED_EDGE('',*,*,#1987,.T.);
#3061=ORIENTED_EDGE('',*,*,#3060,.T.);
#3063=ORIENTED_EDGE('',*,*,#3062,.F.);
#3064=ORIENTED_EDGE('',*,*,#3046,.F.);
#3065=EDGE_LOOP('',(#3059,#3061,#3063,#3064));
#3066=FACE_OUTER_BOUND('',#3065,.F.);
#3068=CARTESIAN_POINT('',(2.502072594216E0,3.4E0,-2.15E0));
#3069=DIRECTION('',(8.660254037844E-1,-5.E-1,0.E0));
#3070=DIRECTION('',(0.E0,0.E0,1.E0));
#3071=AXIS2_PLACEMENT_3D('',#3068,#3069,#3070);
#3072=PLANE('',#3071);
#3073=ORIENTED_EDGE('',*,*,#1985,.T.);
#3075=ORIENTED_EDGE('',*,*,#3074,.T.);
#3077=ORIENTED_EDGE('',*,*,#3076,.F.);
#3078=ORIENTED_EDGE('',*,*,#3060,.F.);
#3079=EDGE_LOOP('',(#3073,#3075,#3077,#3078));
#3080=FACE_OUTER_BOUND('',#3079,.F.);
#3082=CARTESIAN_POINT('',(2.3E0,3.4E0,2.352072594216E0));
#3083=DIRECTION('',(0.E0,-5.E-1,8.660254037844E-1));
#3084=DIRECTION('',(-1.E0,0.E0,0.E0));
#3085=AXIS2_PLACEMENT_3D('',#3082,#3083,#3084);
#3086=PLANE('',#3085);
#3087=ORIENTED_EDGE('',*,*,#1983,.T.);
#3089=ORIENTED_EDGE('',*,*,#3088,.T.);
#3091=ORIENTED_EDGE('',*,*,#3090,.F.);
#3092=ORIENTED_EDGE('',*,*,#3074,.F.);
#3093=EDGE_LOOP('',(#3087,#3089,#3091,#3092));
#3094=FACE_OUTER_BOUND('',#3093,.F.);
#3096=CARTESIAN_POINT('',(1.05E0,0.E0,2.15E0));
#3097=DIRECTION('',(1.E0,0.E0,0.E0));
#3098=DIRECTION('',(0.E0,0.E0,1.E0));
#3099=AXIS2_PLACEMENT_3D('',#3096,#3097,#3098);
#3100=PLANE('',#3099);
#3101=ORIENTED_EDGE('',*,*,#1981,.F.);
#3102=ORIENTED_EDGE('',*,*,#2621,.T.);
#3103=ORIENTED_EDGE('',*,*,#2792,.F.);
#3105=ORIENTED_EDGE('',*,*,#3104,.T.);
#3106=ORIENTED_EDGE('',*,*,#3088,.F.);
#3107=EDGE_LOOP('',(#3101,#3102,#3103,#3105,#3106));
#3108=FACE_OUTER_BOUND('',#3107,.F.);
#3110=CARTESIAN_POINT('',(2.3E0,0.E0,2.15E0));
#3111=DIRECTION('',(0.E0,0.E0,1.E0));
#3112=DIRECTION('',(-1.E0,0.E0,0.E0));
#3113=AXIS2_PLACEMENT_3D('',#3110,#3111,#3112);
#3114=PLANE('',#3113);
#3115=ORIENTED_EDGE('',*,*,#3090,.T.);
#3116=ORIENTED_EDGE('',*,*,#3104,.F.);
#3117=ORIENTED_EDGE('',*,*,#2790,.F.);
#3119=ORIENTED_EDGE('',*,*,#3118,.T.);
#3120=EDGE_LOOP('',(#3115,#3116,#3117,#3119));
#3121=FACE_OUTER_BOUND('',#3120,.F.);
#3123=CARTESIAN_POINT('',(2.3E0,0.E0,-2.15E0));
#3124=DIRECTION('',(1.E0,0.E0,0.E0));
#3125=DIRECTION('',(0.E0,0.E0,1.E0));
#3126=AXIS2_PLACEMENT_3D('',#3123,#3124,#3125);
#3127=PLANE('',#3126);
#3128=ORIENTED_EDGE('',*,*,#3076,.T.);
#3129=ORIENTED_EDGE('',*,*,#3118,.F.);
#3130=ORIENTED_EDGE('',*,*,#2788,.F.);
#3132=ORIENTED_EDGE('',*,*,#3131,.T.);
#3133=EDGE_LOOP('',(#3128,#3129,#3130,#3132));
#3134=FACE_OUTER_BOUND('',#3133,.F.);
#3136=CARTESIAN_POINT('',(-2.3E0,0.E0,-2.15E0));
#3137=DIRECTION('',(0.E0,0.E0,-1.E0));
#3138=DIRECTION('',(1.E0,0.E0,0.E0));
#3139=AXIS2_PLACEMENT_3D('',#3136,#3137,#3138);
#3140=PLANE('',#3139);
#3141=ORIENTED_EDGE('',*,*,#3062,.T.);
#3142=ORIENTED_EDGE('',*,*,#3131,.F.);
#3143=ORIENTED_EDGE('',*,*,#2786,.F.);
#3145=ORIENTED_EDGE('',*,*,#3144,.T.);
#3146=EDGE_LOOP('',(#3141,#3142,#3143,#3145));
#3147=FACE_OUTER_BOUND('',#3146,.F.);
#3149=CARTESIAN_POINT('',(-2.3E0,0.E0,2.15E0));
#3150=DIRECTION('',(-1.E0,0.E0,0.E0));
#3151=DIRECTION('',(0.E0,0.E0,-1.E0));
#3152=AXIS2_PLACEMENT_3D('',#3149,#3150,#3151);
#3153=PLANE('',#3152);
#3154=ORIENTED_EDGE('',*,*,#3048,.T.);
#3155=ORIENTED_EDGE('',*,*,#3144,.F.);
#3156=ORIENTED_EDGE('',*,*,#2784,.F.);
#3158=ORIENTED_EDGE('',*,*,#3157,.T.);
#3159=EDGE_LOOP('',(#3154,#3155,#3156,#3158));
#3160=FACE_OUTER_BOUND('',#3159,.F.);
#3162=CARTESIAN_POINT('',(-1.05E0,0.E0,2.15E0));
#3163=DIRECTION('',(0.E0,0.E0,1.E0));
#3164=DIRECTION('',(-1.E0,0.E0,0.E0));
#3165=AXIS2_PLACEMENT_3D('',#3162,#3163,#3164);
#3166=PLANE('',#3165);
#3167=ORIENTED_EDGE('',*,*,#3034,.T.);
#3168=ORIENTED_EDGE('',*,*,#3157,.F.);
#3169=ORIENTED_EDGE('',*,*,#2782,.F.);
#3170=ORIENTED_EDGE('',*,*,#3020,.T.);
#3171=EDGE_LOOP('',(#3167,#3168,#3169,#3170));
#3172=FACE_OUTER_BOUND('',#3171,.F.);
#3174=CARTESIAN_POINT('',(-1.15E0,3.4E0,2.625E0));
#3175=DIRECTION('',(-1.E0,0.E0,0.E0));
#3176=DIRECTION('',(0.E0,0.E0,1.E0));
#3177=AXIS2_PLACEMENT_3D('',#3174,#3175,#3176);
#3178=PLANE('',#3177);
#3179=ORIENTED_EDGE('',*,*,#1945,.T.);
#3180=ORIENTED_EDGE('',*,*,#3006,.T.);
#3181=ORIENTED_EDGE('',*,*,#2710,.F.);
#3182=ORIENTED_EDGE('',*,*,#2646,.F.);
#3183=EDGE_LOOP('',(#3179,#3180,#3181,#3182));
#3184=FACE_OUTER_BOUND('',#3183,.F.);
#3186=CARTESIAN_POINT('',(2.5E-1,-1.7E0,2.775E0));
#3187=DIRECTION('',(1.E0,0.E0,0.E0));
#3188=DIRECTION('',(0.E0,-1.E0,0.E0));
#3189=AXIS2_PLACEMENT_3D('',#3186,#3187,#3188);
#3190=PLANE('',#3189);
#3191=ORIENTED_EDGE('',*,*,#2678,.F.);
#3192=ORIENTED_EDGE('',*,*,#2559,.T.);
#3194=ORIENTED_EDGE('',*,*,#3193,.F.);
#3195=ORIENTED_EDGE('',*,*,#2630,.F.);
#3196=EDGE_LOOP('',(#3191,#3192,#3194,#3195));
#3197=FACE_OUTER_BOUND('',#3196,.F.);
#3199=CARTESIAN_POINT('',(2.5E-1,-2.2E0,2.775E0));
#3200=DIRECTION('',(0.E0,-1.E0,0.E0));
#3201=DIRECTION('',(-1.E0,0.E0,0.E0));
#3202=AXIS2_PLACEMENT_3D('',#3199,#3200,#3201);
#3203=PLANE('',#3202);
#3204=ORIENTED_EDGE('',*,*,#2632,.F.);
#3205=ORIENTED_EDGE('',*,*,#3193,.T.);
#3206=ORIENTED_EDGE('',*,*,#2557,.T.);
#3208=ORIENTED_EDGE('',*,*,#3207,.F.);
#3209=EDGE_LOOP('',(#3204,#3205,#3206,#3208));
#3210=FACE_OUTER_BOUND('',#3209,.F.);
#3212=CARTESIAN_POINT('',(-2.5E-1,-2.2E0,2.775E0));
#3213=DIRECTION('',(-1.E0,0.E0,0.E0));
#3214=DIRECTION('',(0.E0,1.E0,0.E0));
#3215=AXIS2_PLACEMENT_3D('',#3212,#3213,#3214);
#3216=PLANE('',#3215);
#3217=ORIENTED_EDGE('',*,*,#2705,.T.);
#3218=ORIENTED_EDGE('',*,*,#2634,.F.);
#3219=ORIENTED_EDGE('',*,*,#3207,.T.);
#3220=ORIENTED_EDGE('',*,*,#2555,.T.);
#3221=EDGE_LOOP('',(#3217,#3218,#3219,#3220));
#3222=FACE_OUTER_BOUND('',#3221,.F.);
#3224=CARTESIAN_POINT('',(6.2E0,3.4E0,1.833030277982E0));
#3225=DIRECTION('',(1.E0,0.E0,0.E0));
#3226=DIRECTION('',(0.E0,0.E0,1.E0));
#3227=AXIS2_PLACEMENT_3D('',#3224,#3225,#3226);
#3228=PLANE('',#3227);
#3229=ORIENTED_EDGE('',*,*,#1977,.F.);
#3231=ORIENTED_EDGE('',*,*,#3230,.T.);
#3232=ORIENTED_EDGE('',*,*,#2231,.T.);
#3233=ORIENTED_EDGE('',*,*,#2624,.F.);
#3234=EDGE_LOOP('',(#3229,#3231,#3232,#3233));
#3235=FACE_OUTER_BOUND('',#3234,.F.);
#3237=CARTESIAN_POINT('',(4.5E0,3.4E0,0.E0));
#3238=DIRECTION('',(0.E0,-1.E0,0.E0));
#3239=DIRECTION('',(-1.E0,0.E0,0.E0));
#3240=AXIS2_PLACEMENT_3D('',#3237,#3238,#3239);
#3241=CYLINDRICAL_SURFACE('',#3240,2.5E0);
#3242=ORIENTED_EDGE('',*,*,#1975,.F.);
#3244=ORIENTED_EDGE('',*,*,#3243,.T.);
#3245=ORIENTED_EDGE('',*,*,#2233,.T.);
#3246=ORIENTED_EDGE('',*,*,#3230,.F.);
#3247=EDGE_LOOP('',(#3242,#3244,#3245,#3246));
#3248=FACE_OUTER_BOUND('',#3247,.F.);
#3250=CARTESIAN_POINT('',(6.2E0,3.4E0,-2.775E0));
#3251=DIRECTION('',(1.E0,0.E0,0.E0));
#3252=DIRECTION('',(0.E0,0.E0,1.E0));
#3253=AXIS2_PLACEMENT_3D('',#3250,#3251,#3252);
#3254=PLANE('',#3253);
#3255=ORIENTED_EDGE('',*,*,#1973,.F.);
#3256=ORIENTED_EDGE('',*,*,#2542,.T.);
#3257=ORIENTED_EDGE('',*,*,#2235,.T.);
#3258=ORIENTED_EDGE('',*,*,#3243,.F.);
#3259=EDGE_LOOP('',(#3255,#3256,#3257,#3258));
#3260=FACE_OUTER_BOUND('',#3259,.F.);
#3262=CARTESIAN_POINT('',(-6.2E0,3.4E0,2.775E0));
#3263=DIRECTION('',(-1.E0,0.E0,0.E0));
#3264=DIRECTION('',(0.E0,0.E0,-1.E0));
#3265=AXIS2_PLACEMENT_3D('',#3262,#3263,#3264);
#3266=PLANE('',#3265);
#3267=ORIENTED_EDGE('',*,*,#1949,.F.);
#3268=ORIENTED_EDGE('',*,*,#2652,.T.);
#3269=ORIENTED_EDGE('',*,*,#2273,.T.);
#3271=ORIENTED_EDGE('',*,*,#3270,.F.);
#3272=EDGE_LOOP('',(#3267,#3268,#3269,#3271));
#3273=FACE_OUTER_BOUND('',#3272,.F.);
#3275=CARTESIAN_POINT('',(-4.5E0,3.4E0,0.E0));
#3276=DIRECTION('',(0.E0,-1.E0,0.E0));
#3277=DIRECTION('',(-1.E0,0.E0,0.E0));
#3278=AXIS2_PLACEMENT_3D('',#3275,#3276,#3277);
#3279=CYLINDRICAL_SURFACE('',#3278,2.5E0);
#3280=ORIENTED_EDGE('',*,*,#1951,.F.);
#3281=ORIENTED_EDGE('',*,*,#3270,.T.);
#3282=ORIENTED_EDGE('',*,*,#2271,.T.);
#3284=ORIENTED_EDGE('',*,*,#3283,.F.);
#3285=EDGE_LOOP('',(#3280,#3281,#3282,#3284));
#3286=FACE_OUTER_BOUND('',#3285,.F.);
#3288=CARTESIAN_POINT('',(-6.2E0,3.4E0,-1.833030277982E0));
#3289=DIRECTION('',(-1.E0,0.E0,0.E0));
#3290=DIRECTION('',(0.E0,0.E0,-1.E0));
#3291=AXIS2_PLACEMENT_3D('',#3288,#3289,#3290);
#3292=PLANE('',#3291);
#3293=ORIENTED_EDGE('',*,*,#1953,.F.);
#3294=ORIENTED_EDGE('',*,*,#3283,.T.);
#3295=ORIENTED_EDGE('',*,*,#2269,.T.);
#3296=ORIENTED_EDGE('',*,*,#2528,.F.);
#3297=EDGE_LOOP('',(#3293,#3294,#3295,#3296));
#3298=FACE_OUTER_BOUND('',#3297,.F.);
#3300=CARTESIAN_POINT('',(2.75E0,3.4E0,-2.775E0));
#3301=DIRECTION('',(-1.E0,0.E0,0.E0));
#3302=DIRECTION('',(0.E0,0.E0,-1.E0));
#3303=AXIS2_PLACEMENT_3D('',#3300,#3301,#3302);
#3304=PLANE('',#3303);
#3305=ORIENTED_EDGE('',*,*,#2539,.F.);
#3306=ORIENTED_EDGE('',*,*,#1969,.T.);
#3308=ORIENTED_EDGE('',*,*,#3307,.T.);
#3309=ORIENTED_EDGE('',*,*,#2239,.F.);
#3310=EDGE_LOOP('',(#3305,#3306,#3308,#3309));
#3311=FACE_OUTER_BOUND('',#3310,.F.);
#3313=CARTESIAN_POINT('',(2.75E0,3.4E0,-3.275E0));
#3314=DIRECTION('',(0.E0,0.E0,1.E0));
#3315=DIRECTION('',(-1.E0,0.E0,0.E0));
#3316=AXIS2_PLACEMENT_3D('',#3313,#3314,#3315);
#3317=PLANE('',#3316);
#3318=ORIENTED_EDGE('',*,*,#1967,.T.);
#3319=ORIENTED_EDGE('',*,*,#2514,.T.);
#3320=ORIENTED_EDGE('',*,*,#2241,.F.);
#3321=ORIENTED_EDGE('',*,*,#3307,.F.);
#3322=EDGE_LOOP('',(#3318,#3319,#3320,#3321));
#3323=FACE_OUTER_BOUND('',#3322,.F.);
#3325=CLOSED_SHELL('',(#2009,#2024,#2037,#2053,#2068,#2081,#2109,#2124,#2138,
#2152,#2166,#2180,#2194,#2208,#2221,#2255,#2297,#2312,#2326,#2340,#2354,#2368,
#2382,#2396,#2409,#2431,#2446,#2463,#2477,#2489,#2501,#2519,#2533,#2547,#2569,
#2582,#2595,#2611,#2640,#2657,#2672,#2697,#2728,#2743,#2756,#2771,#2820,#2832,
#2847,#2860,#2874,#2886,#2901,#2914,#2928,#2940,#2955,#2968,#2982,#2994,#3010,
#3025,#3039,#3053,#3067,#3081,#3095,#3109,#3122,#3135,#3148,#3161,#3173,#3185,
#3198,#3211,#3223,#3236,#3249,#3261,#3274,#3287,#3299,#3312,#3324));
#3326=MANIFOLD_SOLID_BREP('',#3325);
#3327=FILL_AREA_STYLE_COLOUR('',#8);
#3328=FILL_AREA_STYLE('',(#3327));
#3329=SURFACE_STYLE_FILL_AREA(#3328);
#3330=SURFACE_SIDE_STYLE('',(#3329));
#3331=SURFACE_STYLE_USAGE(.BOTH.,#3330);
#3332=PRESENTATION_STYLE_ASSIGNMENT((#3331));
#9=STYLED_ITEM('',(#3332),#3326);
#3334=DIMENSIONAL_EXPONENTS(0.E0,0.E0,0.E0,0.E0,0.E0,0.E0,0.E0);
#3336=PLANE_ANGLE_MEASURE_WITH_UNIT(PLANE_ANGLE_MEASURE(1.745329251994E-2),
#3335);
#3337=(CONVERSION_BASED_UNIT('DEGREE',#3336)NAMED_UNIT(*)PLANE_ANGLE_UNIT());
#3339=UNCERTAINTY_MEASURE_WITH_UNIT(LENGTH_MEASURE(1.656529718892E-3),#3333,
'closure',
'Maximum model space distance between geometric entities at asserted connectivities');
#3341=CARTESIAN_POINT('',(0.E0,0.E0,0.E0));
#3342=DIRECTION('',(0.E0,0.E0,1.E0));
#3343=DIRECTION('',(1.E0,0.E0,0.E0));
#3346=APPLICATION_CONTEXT(
'CONFIGURATION CONTROLLED 3D DESIGNS OF MECHANICAL PARTS AND ASSEMBLIES');
#3347=APPLICATION_PROTOCOL_DEFINITION('international standard',
'config_control_design',1994,#3346);
#3348=DESIGN_CONTEXT('',#3346,'design');
#3349=MECHANICAL_CONTEXT('',#3346,'mechanical');
#3350=PRODUCT('M80-2702098_SEPARATE_ROWS','M80-2702098_SEPARATE_ROWS',
'NOT SPECIFIED',(#3349));
#3351=PRODUCT_DEFINITION_FORMATION_WITH_SPECIFIED_SOURCE('20','LAST_VERSION',
#3350,.MADE.);
#3360=CARTESIAN_POINT('',(0.E0,0.E0,0.E0));
#3361=DIRECTION('',(0.E0,0.E0,1.E0));
#3362=DIRECTION('',(1.E0,0.E0,0.E0));
#3363=AXIS2_PLACEMENT_3D('',#3360,#3361,#3362);
#3364=ITEM_DEFINED_TRANSFORMATION('','',#3344,#3363);
#3365=(REPRESENTATION_RELATIONSHIP('','',#3345,#3357)REPRESENTATION_RELATIONSHIP_WITH_TRANSFORMATION(#3364)SHAPE_REPRESENTATION_RELATIONSHIP());
#3366=CONTEXT_DEPENDENT_SHAPE_REPRESENTATION(#3365,#3359);
#3370=CARTESIAN_POINT('',(-2.236626924635E-1,-3.29E0,1.E-1));
#3371=CARTESIAN_POINT('',(-2.436340017761E-1,-3.350648168492E0,1.E-1));
#3372=CARTESIAN_POINT('',(-2.770675688846E-1,-3.477098645423E0,1.E-1));
#3373=CARTESIAN_POINT('',(-3.052292417394E-1,-3.692653900997E0,1.E-1));
#3374=CARTESIAN_POINT('',(-3.052289987857E-1,-3.907348647785E0,1.E-1));
#3375=CARTESIAN_POINT('',(-2.770674743547E-1,-4.122901462778E0,1.E-1));
#3376=CARTESIAN_POINT('',(-2.436340081732E-1,-4.249351812082E0,1.E-1));
#3377=CARTESIAN_POINT('',(-2.236626924635E-1,-4.31E0,1.E-1));
#3379=CURVE_STYLE('',#15,POSITIVE_LENGTH_MEASURE(2.E-2),#3368);
#3380=PRESENTATION_STYLE_ASSIGNMENT((#3379));
#3381=STYLED_ITEM('',(#3380),#3378);
#3382=CARTESIAN_POINT('',(-2.236626924635E-1,-4.31E0,-1.E-1));
#3383=CARTESIAN_POINT('',(-2.436461298711E-1,-4.249315001336E0,-1.E-1));
#3384=CARTESIAN_POINT('',(-2.770771896893E-1,-4.122794953128E0,-1.E-1));
#3385=CARTESIAN_POINT('',(-3.052206341822E-1,-3.907551523253E0,-1.E-1));
#3386=CARTESIAN_POINT('',(-3.052208314033E-1,-3.692450582334E0,-1.E-1));
#3387=CARTESIAN_POINT('',(-2.770772847944E-1,-3.477205230138E0,-1.E-1));
#3388=CARTESIAN_POINT('',(-2.436461373689E-1,-3.350685021433E0,-1.E-1));
#3389=CARTESIAN_POINT('',(-2.236626924635E-1,-3.29E0,-1.E-1));
#3391=CURVE_STYLE('',#15,POSITIVE_LENGTH_MEASURE(2.E-2),#3368);
#3392=PRESENTATION_STYLE_ASSIGNMENT((#3391));
#3393=STYLED_ITEM('',(#3392),#3390);
#3394=CARTESIAN_POINT('',(-1.E-1,-4.31E0,2.236626924635E-1));
#3395=CARTESIAN_POINT('',(-1.E-1,-4.249351812082E0,2.436340081732E-1));
#3396=CARTESIAN_POINT('',(-1.E-1,-4.122901462778E0,2.770674743547E-1));
#3397=CARTESIAN_POINT('',(-1.E-1,-3.907348647785E0,3.052289987857E-1));
#3398=CARTESIAN_POINT('',(-1.E-1,-3.692653900997E0,3.052292417394E-1));
#3399=CARTESIAN_POINT('',(-1.E-1,-3.477098645423E0,2.770675688846E-1));
#3400=CARTESIAN_POINT('',(-1.E-1,-3.350648168492E0,2.436340017761E-1));
#3401=CARTESIAN_POINT('',(-1.E-1,-3.29E0,2.236626924635E-1));
#3403=CURVE_STYLE('',#15,POSITIVE_LENGTH_MEASURE(2.E-2),#3368);
#3404=PRESENTATION_STYLE_ASSIGNMENT((#3403));
#3405=STYLED_ITEM('',(#3404),#3402);
#3406=CARTESIAN_POINT('',(1.E-1,-3.29E0,2.236626924635E-1));
#3407=CARTESIAN_POINT('',(1.E-1,-3.350684659723E0,2.436460182586E-1));
#3408=CARTESIAN_POINT('',(1.E-1,-3.477204165435E0,2.770771960220E-1));
#3409=CARTESIAN_POINT('',(1.E-1,-3.692452797489E0,3.052209210011E-1));
#3410=CARTESIAN_POINT('',(1.E-1,-3.907549316922E0,3.052207229451E-1));
#3411=CARTESIAN_POINT('',(1.E-1,-4.122796018327E0,2.770771005671E-1));
#3412=CARTESIAN_POINT('',(1.E-1,-4.249315363029E0,2.436460107665E-1));
#3413=CARTESIAN_POINT('',(1.E-1,-4.31E0,2.236626924635E-1));
#3415=CURVE_STYLE('',#15,POSITIVE_LENGTH_MEASURE(2.E-2),#3368);
#3416=PRESENTATION_STYLE_ASSIGNMENT((#3415));
#3417=STYLED_ITEM('',(#3416),#3414);
#3418=CARTESIAN_POINT('',(2.236626924635E-1,-4.31E0,1.E-1));
#3419=CARTESIAN_POINT('',(2.436439847935E-1,-4.249321515432E0,1.E-1));
#3420=CARTESIAN_POINT('',(2.770755606709E-1,-4.122814029201E0,1.E-1));
#3421=CARTESIAN_POINT('',(3.052222188312E-1,-3.907512667445E0,1.E-1));
#3422=CARTESIAN_POINT('',(3.052223902841E-1,-3.692489156678E0,1.E-1));
#3423=CARTESIAN_POINT('',(2.770756401602E-1,-3.477186113551E0,1.E-1));
#3424=CARTESIAN_POINT('',(2.436439891082E-1,-3.350678497670E0,1.E-1));
#3425=CARTESIAN_POINT('',(2.236626924635E-1,-3.29E0,1.E-1));
#3427=CURVE_STYLE('',#15,POSITIVE_LENGTH_MEASURE(2.E-2),#3368);
#3428=PRESENTATION_STYLE_ASSIGNMENT((#3427));
#3429=STYLED_ITEM('',(#3428),#3426);
#3430=CARTESIAN_POINT('',(2.236626924635E-1,-3.29E0,-1.E-1));
#3431=CARTESIAN_POINT('',(2.436446139385E-1,-3.350680395133E0,-1.E-1));
#3432=CARTESIAN_POINT('',(2.770761360379E-1,-3.477191642612E0,-1.E-1));
#3433=CARTESIAN_POINT('',(3.052219609005E-1,-3.692478484477E0,-1.E-1));
#3434=CARTESIAN_POINT('',(3.052217616840E-1,-3.907523640062E0,-1.E-1));
#3435=CARTESIAN_POINT('',(2.770760412196E-1,-4.122808535969E0,-1.E-1));
#3436=CARTESIAN_POINT('',(2.436446072356E-1,-4.249319625222E0,-1.E-1));
#3437=CARTESIAN_POINT('',(2.236626924635E-1,-4.31E0,-1.E-1));
#3439=CURVE_STYLE('',#15,POSITIVE_LENGTH_MEASURE(2.E-2),#3368);
#3440=PRESENTATION_STYLE_ASSIGNMENT((#3439));
#3441=STYLED_ITEM('',(#3440),#3438);
#3442=CARTESIAN_POINT('',(-1.E-1,-3.29E0,-2.236626924635E-1));
#3443=CARTESIAN_POINT('',(-1.E-1,-3.350678305402E0,-2.436439257946E-1));
#3444=CARTESIAN_POINT('',(-1.E-1,-3.477185551339E0,-2.770755914469E-1));
#3445=CARTESIAN_POINT('',(-1.E-1,-3.692490284421E0,-3.052224361110E-1));
#3446=CARTESIAN_POINT('',(-1.E-1,-3.907511536955E0,-3.052222649062E-1));
#3447=CARTESIAN_POINT('',(-1.E-1,-4.122814590916E0,-2.770755121284E-1));
#3448=CARTESIAN_POINT('',(-1.E-1,-4.249321707565E0,-2.436439215249E-1));
#3449=CARTESIAN_POINT('',(-1.E-1,-4.31E0,-2.236626924635E-1));
#3451=CURVE_STYLE('',#15,POSITIVE_LENGTH_MEASURE(2.E-2),#3368);
#3452=PRESENTATION_STYLE_ASSIGNMENT((#3451));
#3453=STYLED_ITEM('',(#3452),#3450);
#3454=CARTESIAN_POINT('',(1.E-1,-4.31E0,-2.236626924635E-1));
#3455=CARTESIAN_POINT('',(1.E-1,-4.249319378676E0,-2.436446884229E-1));
#3456=CARTESIAN_POINT('',(1.E-1,-4.122807813537E0,-2.770761029612E-1));
#3457=CARTESIAN_POINT('',(1.E-1,-3.907525109182E0,-3.052217019970E-1));
#3458=CARTESIAN_POINT('',(1.E-1,-3.692477018310E0,-3.052219014743E-1));
#3459=CARTESIAN_POINT('',(1.E-1,-3.477192365744E0,-2.770761979931E-1));
#3460=CARTESIAN_POINT('',(1.E-1,-3.350680641894E0,-2.436446951966E-1));
#3461=CARTESIAN_POINT('',(1.E-1,-3.29E0,-2.236626924635E-1));
#3463=CURVE_STYLE('',#15,POSITIVE_LENGTH_MEASURE(2.E-2),#3368);
#3464=PRESENTATION_STYLE_ASSIGNMENT((#3463));
#3465=STYLED_ITEM('',(#3464),#3462);
#3466=DIRECTION('',(0.E0,-1.E0,0.E0));
#3467=VECTOR('',#3466,1.02E0);
#3468=CARTESIAN_POINT('',(-2.236626924635E-1,-3.29E0,1.E-1));
#3469=LINE('',#3468,#3467);
#3470=CURVE_STYLE('',#15,POSITIVE_LENGTH_MEASURE(2.E-2),#3368);
#3471=PRESENTATION_STYLE_ASSIGNMENT((#3470));
#3472=STYLED_ITEM('',(#3471),#3469);
#3473=CARTESIAN_POINT('',(0.E0,-3.29E0,0.E0));
#3474=DIRECTION('',(0.E0,-1.E0,0.E0));
#3475=DIRECTION('',(-9.129089488304E-1,0.E0,4.081632653061E-1));
#3476=AXIS2_PLACEMENT_3D('',#3473,#3474,#3475);
#3478=CURVE_STYLE('',#15,POSITIVE_LENGTH_MEASURE(2.E-2),#3368);
#3479=PRESENTATION_STYLE_ASSIGNMENT((#3478));
#3480=STYLED_ITEM('',(#3479),#3477);
#3481=CARTESIAN_POINT('',(0.E0,-3.29E0,0.E0));
#3482=DIRECTION('',(0.E0,-1.E0,0.E0));
#3483=DIRECTION('',(1.E0,0.E0,0.E0));
#3484=AXIS2_PLACEMENT_3D('',#3481,#3482,#3483);
#3486=CURVE_STYLE('',#15,POSITIVE_LENGTH_MEASURE(2.E-2),#3368);
#3487=PRESENTATION_STYLE_ASSIGNMENT((#3486));
#3488=STYLED_ITEM('',(#3487),#3485);
#3489=DIRECTION('',(0.E0,-1.E0,0.E0));
#3490=VECTOR('',#3489,1.02E0);
#3491=CARTESIAN_POINT('',(1.E-1,-3.29E0,2.236626924635E-1));
#3492=LINE('',#3491,#3490);
#3493=CURVE_STYLE('',#15,POSITIVE_LENGTH_MEASURE(2.E-2),#3368);
#3494=PRESENTATION_STYLE_ASSIGNMENT((#3493));
#3495=STYLED_ITEM('',(#3494),#3492);
#3496=CARTESIAN_POINT('',(0.E0,-3.29E0,0.E0));
#3497=DIRECTION('',(0.E0,-1.E0,0.E0));
#3498=DIRECTION('',(4.081632653061E-1,0.E0,9.129089488304E-1));
#3499=AXIS2_PLACEMENT_3D('',#3496,#3497,#3498);
#3501=CURVE_STYLE('',#15,POSITIVE_LENGTH_MEASURE(2.E-2),#3368);
#3502=PRESENTATION_STYLE_ASSIGNMENT((#3501));
#3503=STYLED_ITEM('',(#3502),#3500);
#3504=DIRECTION('',(0.E0,-1.E0,0.E0));
#3505=VECTOR('',#3504,1.02E0);
#3506=CARTESIAN_POINT('',(-1.E-1,-3.29E0,2.236626924635E-1));
#3507=LINE('',#3506,#3505);
#3508=CURVE_STYLE('',#15,POSITIVE_LENGTH_MEASURE(2.E-2),#3368);
#3509=PRESENTATION_STYLE_ASSIGNMENT((#3508));
#3510=STYLED_ITEM('',(#3509),#3507);
#3511=DIRECTION('',(0.E0,-1.E0,0.E0));
#3512=VECTOR('',#3511,1.02E0);
#3513=CARTESIAN_POINT('',(-1.E-1,-3.29E0,-2.236626924635E-1));
#3514=LINE('',#3513,#3512);
#3515=CURVE_STYLE('',#15,POSITIVE_LENGTH_MEASURE(2.E-2),#3368);
#3516=PRESENTATION_STYLE_ASSIGNMENT((#3515));
#3517=STYLED_ITEM('',(#3516),#3514);
#3518=CARTESIAN_POINT('',(0.E0,-3.29E0,0.E0));
#3519=DIRECTION('',(0.E0,1.E0,0.E0));
#3520=DIRECTION('',(4.081632653061E-1,0.E0,-9.129089488304E-1));
#3521=AXIS2_PLACEMENT_3D('',#3518,#3519,#3520);
#3523=CURVE_STYLE('',#15,POSITIVE_LENGTH_MEASURE(2.E-2),#3368);
#3524=PRESENTATION_STYLE_ASSIGNMENT((#3523));
#3525=STYLED_ITEM('',(#3524),#3522);
#3526=DIRECTION('',(0.E0,-1.E0,0.E0));
#3527=VECTOR('',#3526,1.02E0);
#3528=CARTESIAN_POINT('',(1.E-1,-3.29E0,-2.236626924635E-1));
#3529=LINE('',#3528,#3527);
#3530=CURVE_STYLE('',#15,POSITIVE_LENGTH_MEASURE(2.E-2),#3368);
#3531=PRESENTATION_STYLE_ASSIGNMENT((#3530));
#3532=STYLED_ITEM('',(#3531),#3529);
#3533=CARTESIAN_POINT('',(0.E0,-3.29E0,0.E0));
#3534=DIRECTION('',(0.E0,1.E0,0.E0));
#3535=DIRECTION('',(1.E0,0.E0,0.E0));
#3536=AXIS2_PLACEMENT_3D('',#3533,#3534,#3535);
#3538=CURVE_STYLE('',#15,POSITIVE_LENGTH_MEASURE(2.E-2),#3368);
#3539=PRESENTATION_STYLE_ASSIGNMENT((#3538));
#3540=STYLED_ITEM('',(#3539),#3537);
#3541=DIRECTION('',(0.E0,1.E0,0.E0));
#3542=VECTOR('',#3541,3.038852632903E0);
#3543=CARTESIAN_POINT('',(2.45E-1,-3.29E0,0.E0));
#3544=LINE('',#3543,#3542);
#3545=CURVE_STYLE('',#15,POSITIVE_LENGTH_MEASURE(2.E-2),#3368);
#3546=PRESENTATION_STYLE_ASSIGNMENT((#3545));
#3547=STYLED_ITEM('',(#3546),#3544);
#3548=DIRECTION('',(0.E0,1.E0,0.E0));
#3549=VECTOR('',#3548,3.038852632903E0);
#3550=CARTESIAN_POINT('',(-2.45E-1,-3.29E0,0.E0));
#3551=LINE('',#3550,#3549);
#3552=CURVE_STYLE('',#15,POSITIVE_LENGTH_MEASURE(2.E-2),#3368);
#3553=PRESENTATION_STYLE_ASSIGNMENT((#3552));
#3554=STYLED_ITEM('',(#3553),#3551);
#3555=CARTESIAN_POINT('',(0.E0,-3.29E0,0.E0));
#3556=DIRECTION('',(0.E0,1.E0,0.E0));
#3557=DIRECTION('',(-9.129089488304E-1,0.E0,-4.081632653061E-1));
#3558=AXIS2_PLACEMENT_3D('',#3555,#3556,#3557);
#3560=CURVE_STYLE('',#15,POSITIVE_LENGTH_MEASURE(2.E-2),#3368);
#3561=PRESENTATION_STYLE_ASSIGNMENT((#3560));
#3562=STYLED_ITEM('',(#3561),#3559);
#3563=DIRECTION('',(0.E0,-1.E0,0.E0));
#3564=VECTOR('',#3563,1.02E0);
#3565=CARTESIAN_POINT('',(-2.236626924635E-1,-3.29E0,-1.E-1));
#3566=LINE('',#3565,#3564);
#3567=CURVE_STYLE('',#15,POSITIVE_LENGTH_MEASURE(2.E-2),#3368);
#3568=PRESENTATION_STYLE_ASSIGNMENT((#3567));
#3569=STYLED_ITEM('',(#3568),#3566);
#3570=CARTESIAN_POINT('',(0.E0,-4.31E0,0.E0));
#3571=DIRECTION('',(0.E0,-1.E0,0.E0));
#3572=DIRECTION('',(0.E0,0.E0,-1.E0));
#3573=AXIS2_PLACEMENT_3D('',#3570,#3571,#3572);
#3575=CURVE_STYLE('',#15,POSITIVE_LENGTH_MEASURE(2.E-2),#3368);
#3576=PRESENTATION_STYLE_ASSIGNMENT((#3575));
#3577=STYLED_ITEM('',(#3576),#3574);
#3578=CARTESIAN_POINT('',(0.E0,-4.31E0,0.E0));
#3579=DIRECTION('',(0.E0,-1.E0,0.E0));
#3580=DIRECTION('',(0.E0,0.E0,1.E0));
#3581=AXIS2_PLACEMENT_3D('',#3578,#3579,#3580);
#3583=CURVE_STYLE('',#15,POSITIVE_LENGTH_MEASURE(2.E-2),#3368);
#3584=PRESENTATION_STYLE_ASSIGNMENT((#3583));
#3585=STYLED_ITEM('',(#3584),#3582);
#3586=CARTESIAN_POINT('',(0.E0,-4.31E0,0.E0));
#3587=DIRECTION('',(0.E0,-1.E0,0.E0));
#3588=DIRECTION('',(-9.129089488304E-1,0.E0,4.081632653061E-1));
#3589=AXIS2_PLACEMENT_3D('',#3586,#3587,#3588);
#3591=CURVE_STYLE('',#15,POSITIVE_LENGTH_MEASURE(2.E-2),#3368);
#3592=PRESENTATION_STYLE_ASSIGNMENT((#3591));
#3593=STYLED_ITEM('',(#3592),#3590);
#3594=CARTESIAN_POINT('',(0.E0,-4.31E0,0.E0));
#3595=DIRECTION('',(0.E0,-1.E0,0.E0));
#3596=DIRECTION('',(-4.081632653061E-1,0.E0,9.129089488304E-1));
#3597=AXIS2_PLACEMENT_3D('',#3594,#3595,#3596);
#3599=CURVE_STYLE('',#15,POSITIVE_LENGTH_MEASURE(2.E-2),#3368);
#3600=PRESENTATION_STYLE_ASSIGNMENT((#3599));
#3601=STYLED_ITEM('',(#3600),#3598);
#3602=CARTESIAN_POINT('',(0.E0,-4.31E0,0.E0));
#3603=DIRECTION('',(0.E0,-1.E0,0.E0));
#3604=DIRECTION('',(4.081632653061E-1,0.E0,9.129089488304E-1));
#3605=AXIS2_PLACEMENT_3D('',#3602,#3603,#3604);
#3607=CURVE_STYLE('',#15,POSITIVE_LENGTH_MEASURE(2.E-2),#3368);
#3608=PRESENTATION_STYLE_ASSIGNMENT((#3607));
#3609=STYLED_ITEM('',(#3608),#3606);
#3610=CARTESIAN_POINT('',(0.E0,-4.31E0,0.E0));
#3611=DIRECTION('',(0.E0,-1.E0,0.E0));
#3612=DIRECTION('',(9.129089488304E-1,0.E0,4.081632653061E-1));
#3613=AXIS2_PLACEMENT_3D('',#3610,#3611,#3612);
#3615=CURVE_STYLE('',#15,POSITIVE_LENGTH_MEASURE(2.E-2),#3368);
#3616=PRESENTATION_STYLE_ASSIGNMENT((#3615));
#3617=STYLED_ITEM('',(#3616),#3614);
#3618=CARTESIAN_POINT('',(0.E0,-4.31E0,0.E0));
#3619=DIRECTION('',(0.E0,-1.E0,0.E0));
#3620=DIRECTION('',(9.129089488304E-1,0.E0,-4.081632653061E-1));
#3621=AXIS2_PLACEMENT_3D('',#3618,#3619,#3620);
#3623=CURVE_STYLE('',#15,POSITIVE_LENGTH_MEASURE(2.E-2),#3368);
#3624=PRESENTATION_STYLE_ASSIGNMENT((#3623));
#3625=STYLED_ITEM('',(#3624),#3622);
#3626=CARTESIAN_POINT('',(0.E0,-4.31E0,0.E0));
#3627=DIRECTION('',(0.E0,-1.E0,0.E0));
#3628=DIRECTION('',(4.081632653061E-1,0.E0,-9.129089488304E-1));
#3629=AXIS2_PLACEMENT_3D('',#3626,#3627,#3628);
#3631=CURVE_STYLE('',#15,POSITIVE_LENGTH_MEASURE(2.E-2),#3368);
#3632=PRESENTATION_STYLE_ASSIGNMENT((#3631));
#3633=STYLED_ITEM('',(#3632),#3630);
#3634=CARTESIAN_POINT('',(0.E0,-4.31E0,0.E0));
#3635=DIRECTION('',(0.E0,-1.E0,0.E0));
#3636=DIRECTION('',(-4.081632653061E-1,0.E0,-9.129089488304E-1));
#3637=AXIS2_PLACEMENT_3D('',#3634,#3635,#3636);
#3639=CURVE_STYLE('',#15,POSITIVE_LENGTH_MEASURE(2.E-2),#3368);
#3640=PRESENTATION_STYLE_ASSIGNMENT((#3639));
#3641=STYLED_ITEM('',(#3640),#3638);
#3642=CARTESIAN_POINT('',(0.E0,-4.31E0,0.E0));
#3643=DIRECTION('',(0.E0,-1.E0,0.E0));
#3644=DIRECTION('',(-9.129089488304E-1,0.E0,-4.081632653061E-1));
#3645=AXIS2_PLACEMENT_3D('',#3642,#3643,#3644);
#3647=CURVE_STYLE('',#15,POSITIVE_LENGTH_MEASURE(2.E-2),#3368);
#3648=PRESENTATION_STYLE_ASSIGNMENT((#3647));
#3649=STYLED_ITEM('',(#3648),#3646);
#3650=DIRECTION('',(0.E0,-1.E0,0.E0));
#3651=VECTOR('',#3650,3.15E-1);
#3652=CARTESIAN_POINT('',(0.E0,-4.31E0,-2.46E-1));
#3653=LINE('',#3652,#3651);
#3654=CURVE_STYLE('',#15,POSITIVE_LENGTH_MEASURE(2.E-2),#3368);
#3655=PRESENTATION_STYLE_ASSIGNMENT((#3654));
#3656=STYLED_ITEM('',(#3655),#3653);
#3657=DIRECTION('',(0.E0,-1.E0,0.E0));
#3658=VECTOR('',#3657,3.15E-1);
#3659=CARTESIAN_POINT('',(0.E0,-4.31E0,2.46E-1));
#3660=LINE('',#3659,#3658);
#3661=CURVE_STYLE('',#15,POSITIVE_LENGTH_MEASURE(2.E-2),#3368);
#3662=PRESENTATION_STYLE_ASSIGNMENT((#3661));
#3663=STYLED_ITEM('',(#3662),#3660);
#3664=CARTESIAN_POINT('',(0.E0,-4.625E0,0.E0));
#3665=DIRECTION('',(0.E0,-1.E0,0.E0));
#3666=DIRECTION('',(0.E0,0.E0,1.E0));
#3667=AXIS2_PLACEMENT_3D('',#3664,#3665,#3666);
#3669=CURVE_STYLE('',#15,POSITIVE_LENGTH_MEASURE(2.E-2),#3368);
#3670=PRESENTATION_STYLE_ASSIGNMENT((#3669));
#3671=STYLED_ITEM('',(#3670),#3668);
#3672=CARTESIAN_POINT('',(0.E0,-4.625E0,-4.25E-1));
#3673=DIRECTION('',(1.E0,0.E0,0.E0));
#3674=DIRECTION('',(0.E0,0.E0,1.E0));
#3675=AXIS2_PLACEMENT_3D('',#3672,#3673,#3674);
#3677=CURVE_STYLE('',#15,POSITIVE_LENGTH_MEASURE(2.E-2),#3368);
#3678=PRESENTATION_STYLE_ASSIGNMENT((#3677));
#3679=STYLED_ITEM('',(#3678),#3676);
#3680=CARTESIAN_POINT('',(0.E0,-4.625E0,0.E0));
#3681=DIRECTION('',(0.E0,-1.E0,0.E0));
#3682=DIRECTION('',(0.E0,0.E0,-1.E0));
#3683=AXIS2_PLACEMENT_3D('',#3680,#3681,#3682);
#3685=CURVE_STYLE('',#15,POSITIVE_LENGTH_MEASURE(2.E-2),#3368);
#3686=PRESENTATION_STYLE_ASSIGNMENT((#3685));
#3687=STYLED_ITEM('',(#3686),#3684);
#3688=CARTESIAN_POINT('',(0.E0,-4.625E0,-4.25E-1));
#3689=DIRECTION('',(1.E0,0.E0,0.E0));
#3690=DIRECTION('',(0.E0,0.E0,1.E0));
#3691=AXIS2_PLACEMENT_3D('',#3688,#3689,#3690);
#3693=CURVE_STYLE('',#15,POSITIVE_LENGTH_MEASURE(2.E-2),#3368);
#3694=PRESENTATION_STYLE_ASSIGNMENT((#3693));
#3695=STYLED_ITEM('',(#3694),#3692);
#3696=CARTESIAN_POINT('',(0.E0,-5.047664363093E0,-3.805046500009E-1));
#3697=DIRECTION('',(0.E0,-1.046949411744E-1,-9.945043837472E-1));
#3698=DIRECTION('',(0.E0,9.945043837472E-1,-1.046949411744E-1));
#3699=AXIS2_PLACEMENT_3D('',#3696,#3697,#3698);
#3701=CURVE_STYLE('',#15,POSITIVE_LENGTH_MEASURE(2.E-2),#3368);
#3702=PRESENTATION_STYLE_ASSIGNMENT((#3701));
#3703=STYLED_ITEM('',(#3702),#3700);
#3704=DIRECTION('',(0.E0,-1.046949411744E-1,-9.945043837472E-1));
#3705=VECTOR('',#3704,1.980378751653E0);
#3706=CARTESIAN_POINT('',(0.E0,-4.803016284691E0,-4.062596055298E-1));
#3707=LINE('',#3706,#3705);
#3708=CURVE_STYLE('',#15,POSITIVE_LENGTH_MEASURE(2.E-2),#3368);
#3709=PRESENTATION_STYLE_ASSIGNMENT((#3708));
#3710=STYLED_ITEM('',(#3709),#3707);
#3711=CARTESIAN_POINT('',(0.E0,-5.047664363093E0,-3.805046500009E-1));
#3712=DIRECTION('',(0.E0,-1.046949411744E-1,-9.945043837472E-1));
#3713=DIRECTION('',(0.E0,-9.945043837472E-1,1.046949411744E-1));
#3714=AXIS2_PLACEMENT_3D('',#3711,#3712,#3713);
#3716=CURVE_STYLE('',#15,POSITIVE_LENGTH_MEASURE(2.E-2),#3368);
#3717=PRESENTATION_STYLE_ASSIGNMENT((#3716));
#3718=STYLED_ITEM('',(#3717),#3715);
#3719=DIRECTION('',(0.E0,-1.046949411744E-1,-9.945043837472E-1));
#3720=VECTOR('',#3719,1.980378751653E0);
#3721=CARTESIAN_POINT('',(0.E0,-5.292312441494E0,-3.547496944720E-1));
#3722=LINE('',#3721,#3720);
#3723=CURVE_STYLE('',#15,POSITIVE_LENGTH_MEASURE(2.E-2),#3368);
#3724=PRESENTATION_STYLE_ASSIGNMENT((#3723));
#3725=STYLED_ITEM('',(#3724),#3722);
#3726=CARTESIAN_POINT('',(0.E0,-5.255E0,-2.35E0));
#3727=DIRECTION('',(0.E0,-1.046949411744E-1,-9.945043837472E-1));
#3728=DIRECTION('',(0.E0,9.945043837472E-1,-1.046949411744E-1));
#3729=AXIS2_PLACEMENT_3D('',#3726,#3727,#3728);
#3731=CURVE_STYLE('',#15,POSITIVE_LENGTH_MEASURE(2.E-2),#3368);
#3732=PRESENTATION_STYLE_ASSIGNMENT((#3731));
#3733=STYLED_ITEM('',(#3732),#3730);
#3734=CARTESIAN_POINT('',(0.E0,-5.255E0,-2.35E0));
#3735=DIRECTION('',(0.E0,-1.046949411744E-1,-9.945043837472E-1));
#3736=DIRECTION('',(0.E0,-9.945043837472E-1,1.046949411744E-1));
#3737=AXIS2_PLACEMENT_3D('',#3734,#3735,#3736);
#3739=CURVE_STYLE('',#15,POSITIVE_LENGTH_MEASURE(2.E-2),#3368);
#3740=PRESENTATION_STYLE_ASSIGNMENT((#3739));
#3741=STYLED_ITEM('',(#3740),#3738);
#3742=DIRECTION('',(0.E0,-1.E0,0.E0));
#3743=VECTOR('',#3742,1.02E0);
#3744=CARTESIAN_POINT('',(2.236626924635E-1,-3.29E0,-1.E-1));
#3745=LINE('',#3744,#3743);
#3746=CURVE_STYLE('',#15,POSITIVE_LENGTH_MEASURE(2.E-2),#3368);
#3747=PRESENTATION_STYLE_ASSIGNMENT((#3746));
#3748=STYLED_ITEM('',(#3747),#3745);
#3749=DIRECTION('',(-5.E-1,8.660254037844E-1,0.E0));
#3750=VECTOR('',#3749,2.9E-1);
#3751=CARTESIAN_POINT('',(2.45E-1,-2.511473670975E-1,0.E0));
#3752=LINE('',#3751,#3750);
#3753=CURVE_STYLE('',#15,POSITIVE_LENGTH_MEASURE(2.E-2),#3368);
#3754=PRESENTATION_STYLE_ASSIGNMENT((#3753));
#3755=STYLED_ITEM('',(#3754),#3752);
#3756=DIRECTION('',(5.E-1,8.660254037844E-1,0.E0));
#3757=VECTOR('',#3756,2.9E-1);
#3758=CARTESIAN_POINT('',(-2.45E-1,-2.511473670975E-1,0.E0));
#3759=LINE('',#3758,#3757);
#3760=CURVE_STYLE('',#15,POSITIVE_LENGTH_MEASURE(2.E-2),#3368);
#3761=PRESENTATION_STYLE_ASSIGNMENT((#3760));
#3762=STYLED_ITEM('',(#3761),#3759);
#3763=CARTESIAN_POINT('',(0.E0,-2.511473670975E-1,0.E0));
#3764=DIRECTION('',(0.E0,1.E0,0.E0));
#3765=DIRECTION('',(1.E0,0.E0,0.E0));
#3766=AXIS2_PLACEMENT_3D('',#3763,#3764,#3765);
#3768=CURVE_STYLE('',#15,POSITIVE_LENGTH_MEASURE(2.E-2),#3368);
#3769=PRESENTATION_STYLE_ASSIGNMENT((#3768));
#3770=STYLED_ITEM('',(#3769),#3767);
#3771=CARTESIAN_POINT('',(0.E0,-2.511473670975E-1,0.E0));
#3772=DIRECTION('',(0.E0,-1.E0,0.E0));
#3773=DIRECTION('',(1.E0,0.E0,0.E0));
#3774=AXIS2_PLACEMENT_3D('',#3771,#3772,#3773);
#3776=CURVE_STYLE('',#15,POSITIVE_LENGTH_MEASURE(2.E-2),#3368);
#3777=PRESENTATION_STYLE_ASSIGNMENT((#3776));
#3778=STYLED_ITEM('',(#3777),#3775);
#3779=CARTESIAN_POINT('',(0.E0,0.E0,0.E0));
#3780=DIRECTION('',(0.E0,1.E0,0.E0));
#3781=DIRECTION('',(1.E0,0.E0,0.E0));
#3782=AXIS2_PLACEMENT_3D('',#3779,#3780,#3781);
#3784=CURVE_STYLE('',#15,POSITIVE_LENGTH_MEASURE(2.E-2),#3368);
#3785=PRESENTATION_STYLE_ASSIGNMENT((#3784));
#3786=STYLED_ITEM('',(#3785),#3783);
#3787=CARTESIAN_POINT('',(0.E0,0.E0,0.E0));
#3788=DIRECTION('',(0.E0,-1.E0,0.E0));
#3789=DIRECTION('',(1.E0,0.E0,0.E0));
#3790=AXIS2_PLACEMENT_3D('',#3787,#3788,#3789);
#3792=CURVE_STYLE('',#15,POSITIVE_LENGTH_MEASURE(2.E-2),#3368);
#3793=PRESENTATION_STYLE_ASSIGNMENT((#3792));
#3794=STYLED_ITEM('',(#3793),#3791);
#3795=DIRECTION('',(0.E0,-1.E0,0.E0));
#3796=VECTOR('',#3795,1.02E0);
#3797=CARTESIAN_POINT('',(2.236626924635E-1,-3.29E0,1.E-1));
#3798=LINE('',#3797,#3796);
#3799=CURVE_STYLE('',#15,POSITIVE_LENGTH_MEASURE(2.E-2),#3368);
#3800=PRESENTATION_STYLE_ASSIGNMENT((#3799));
#3801=STYLED_ITEM('',(#3800),#3798);
#3802=CARTESIAN_POINT('',(2.45E-1,-3.29E0,0.E0));
#3803=CARTESIAN_POINT('',(2.45E-1,-2.511473670975E-1,0.E0));
#3804=VERTEX_POINT('',#3802);
#3805=VERTEX_POINT('',#3803);
#3806=CARTESIAN_POINT('',(1.E-1,0.E0,0.E0));
#3807=VERTEX_POINT('',#3806);
#3808=CARTESIAN_POINT('',(-2.45E-1,-3.29E0,0.E0));
#3809=CARTESIAN_POINT('',(-2.45E-1,-2.511473670975E-1,0.E0));
#3810=VERTEX_POINT('',#3808);
#3811=VERTEX_POINT('',#3809);
#3812=CARTESIAN_POINT('',(-1.E-1,0.E0,0.E0));
#3813=VERTEX_POINT('',#3812);
#3814=CARTESIAN_POINT('',(-2.236626924635E-1,-3.29E0,1.E-1));
#3815=VERTEX_POINT('',#3814);
#3816=CARTESIAN_POINT('',(2.236626924635E-1,-3.29E0,1.E-1));
#3817=VERTEX_POINT('',#3816);
#3818=CARTESIAN_POINT('',(1.E-1,-3.29E0,2.236626924635E-1));
#3819=CARTESIAN_POINT('',(-1.E-1,-3.29E0,2.236626924635E-1));
#3820=VERTEX_POINT('',#3818);
#3821=VERTEX_POINT('',#3819);
#3822=CARTESIAN_POINT('',(-2.236626924635E-1,-3.29E0,-1.E-1));
#3823=VERTEX_POINT('',#3822);
#3824=CARTESIAN_POINT('',(2.236626924635E-1,-3.29E0,-1.E-1));
#3825=VERTEX_POINT('',#3824);
#3826=CARTESIAN_POINT('',(1.E-1,-3.29E0,-2.236626924635E-1));
#3827=CARTESIAN_POINT('',(-1.E-1,-3.29E0,-2.236626924635E-1));
#3828=VERTEX_POINT('',#3826);
#3829=VERTEX_POINT('',#3827);
#3830=CARTESIAN_POINT('',(0.E0,-4.31E0,-2.46E-1));
#3831=CARTESIAN_POINT('',(0.E0,-4.31E0,2.46E-1));
#3832=VERTEX_POINT('',#3830);
#3833=VERTEX_POINT('',#3831);
#3834=CARTESIAN_POINT('',(0.E0,-4.625E0,-2.46E-1));
#3835=CARTESIAN_POINT('',(0.E0,-4.625E0,2.46E-1));
#3836=VERTEX_POINT('',#3834);
#3837=VERTEX_POINT('',#3835);
#3838=CARTESIAN_POINT('',(0.E0,-4.803016284691E0,-4.062596055298E-1));
#3839=CARTESIAN_POINT('',(0.E0,-5.292312441494E0,-3.547496944720E-1));
#3840=VERTEX_POINT('',#3838);
#3841=VERTEX_POINT('',#3839);
#3842=CARTESIAN_POINT('',(0.E0,-5.010351921598E0,-2.375754955529E0));
#3843=CARTESIAN_POINT('',(0.E0,-5.499648078402E0,-2.324245044471E0));
#3844=VERTEX_POINT('',#3842);
#3845=VERTEX_POINT('',#3843);
#3846=VERTEX_POINT('',#3377);
#3847=VERTEX_POINT('',#3394);
#3848=VERTEX_POINT('',#3418);
#3849=VERTEX_POINT('',#3413);
#3850=VERTEX_POINT('',#3382);
#3851=VERTEX_POINT('',#3449);
#3852=VERTEX_POINT('',#3437);
#3853=VERTEX_POINT('',#3454);
#3854=CARTESIAN_POINT('',(-2.059657761368E-1,-3.270218460190E0,
1.210960639886E-1));
#3855=CARTESIAN_POINT('',(-2.998835054946E-1,-3.617848703242E0,
1.763143025586E-1));
#3856=CARTESIAN_POINT('',(-2.998835054946E-1,-3.982151296758E0,
1.763143025586E-1));
#3857=CARTESIAN_POINT('',(-2.059657761368E-1,-4.329781539810E0,
1.210960639886E-1));
#3858=CARTESIAN_POINT('',(-3.976680641009E-1,-3.270218460190E0,
-2.049600374835E-1));
#3859=CARTESIAN_POINT('',(-5.789995567351E-1,-3.617848703242E0,
-2.984191630265E-1));
#3860=CARTESIAN_POINT('',(-5.789995567351E-1,-3.982151296758E0,
-2.984191630265E-1));
#3861=CARTESIAN_POINT('',(-3.976680641009E-1,-4.329781539810E0,
-2.049600374835E-1));
#3862=CARTESIAN_POINT('',(-9.850615489198E-2,-3.270218460190E0,
-4.364000958059E-1));
#3863=CARTESIAN_POINT('',(-1.434236871575E-1,-3.617848703242E0,
-6.353928938248E-1));
#3864=CARTESIAN_POINT('',(-1.434236871575E-1,-3.982151296758E0,
-6.353928938248E-1));
#3865=CARTESIAN_POINT('',(-9.850615489198E-2,-4.329781539810E0,
-4.364000958059E-1));
#3866=CARTESIAN_POINT('',(1.689469704570E-1,-3.270218460190E0,
-1.689469704570E-1));
#3867=CARTESIAN_POINT('',(2.459846033337E-1,-3.617848703242E0,
-2.459846033337E-1));
#3868=CARTESIAN_POINT('',(2.459846033337E-1,-3.982151296758E0,
-2.459846033337E-1));
#3869=CARTESIAN_POINT('',(1.689469704570E-1,-4.329781539810E0,
-1.689469704570E-1));
#3870=CARTESIAN_POINT('',(4.364000958059E-1,-3.270218460190E0,
9.850615489198E-2));
#3871=CARTESIAN_POINT('',(6.353928938248E-1,-3.617848703242E0,
1.434236871575E-1));
#3872=CARTESIAN_POINT('',(6.353928938248E-1,-3.982151296758E0,
1.434236871575E-1));
#3873=CARTESIAN_POINT('',(4.364000958059E-1,-4.329781539810E0,
9.850615489198E-2));
#3874=CARTESIAN_POINT('',(2.049600374835E-1,-3.270218460190E0,
3.976680641009E-1));
#3875=CARTESIAN_POINT('',(2.984191630265E-1,-3.617848703242E0,
5.789995567351E-1));
#3876=CARTESIAN_POINT('',(2.984191630265E-1,-3.982151296758E0,
5.789995567351E-1));
#3877=CARTESIAN_POINT('',(2.049600374835E-1,-4.329781539810E0,
3.976680641009E-1));
#3878=CARTESIAN_POINT('',(-1.210960639886E-1,-3.270218460190E0,
2.059657761368E-1));
#3879=CARTESIAN_POINT('',(-1.763143025586E-1,-3.617848703242E0,
2.998835054946E-1));
#3880=CARTESIAN_POINT('',(-1.763143025586E-1,-3.982151296758E0,
2.998835054946E-1));
#3881=CARTESIAN_POINT('',(-1.210960639886E-1,-4.329781539810E0,
2.059657761368E-1));
#3882=(BOUNDED_SURFACE()B_SPLINE_SURFACE(3,3,((#3854,#3855,#3856,#3857),(#3858,
#3859,#3860,#3861),(#3862,#3863,#3864,#3865),(#3866,#3867,#3868,#3869),(#3870,
#3871,#3872,#3873),(#3874,#3875,#3876,#3877),(#3878,#3879,#3880,#3881)),
.UNSPECIFIED.,.F.,.F.,.F.)B_SPLINE_SURFACE_WITH_KNOTS((4,3,4),(4,4),(0.E0,1.E0,
2.E0),(0.E0,1.E0),.UNSPECIFIED.)GEOMETRIC_REPRESENTATION_ITEM()RATIONAL_B_SPLINE_SURFACE(((1.816818414952E0,1.761387144567E0,1.761387144567E0,1.816818414952E0),(
7.589517705344E-1,7.357960933048E-1,7.357960933048E-1,7.589517705344E-1),(
7.589517705344E-1,7.357960933048E-1,7.357960933048E-1,7.589517705344E-1),(
1.816818414952E0,1.761387144567E0,1.761387144567E0,1.816818414952E0),(
7.589517705344E-1,7.357960933048E-1,7.357960933048E-1,7.589517705344E-1),(
7.589517705344E-1,7.357960933048E-1,7.357960933048E-1,7.589517705344E-1),(
1.816818414952E0,1.761387144567E0,1.761387144567E0,1.816818414952E0)))REPRESENTATION_ITEM('')SURFACE());
#3884=ORIENTED_EDGE('',*,*,#3883,.T.);
#3886=ORIENTED_EDGE('',*,*,#3885,.T.);
#3888=ORIENTED_EDGE('',*,*,#3887,.T.);
#3890=ORIENTED_EDGE('',*,*,#3889,.T.);
#3892=ORIENTED_EDGE('',*,*,#3891,.F.);
#3893=EDGE_LOOP('',(#3884,#3886,#3888,#3890,#3892));
#3894=FACE_OUTER_BOUND('',#3893,.F.);
#3896=CARTESIAN_POINT('',(-2.059657761368E-1,-3.270218460190E0,
1.210960639886E-1));
#3897=CARTESIAN_POINT('',(-2.998835054946E-1,-3.617848703242E0,
1.763143025586E-1));
#3898=CARTESIAN_POINT('',(-2.998835054946E-1,-3.982151296758E0,
1.763143025586E-1));
#3899=CARTESIAN_POINT('',(-2.059657761368E-1,-4.329781539810E0,
1.210960639886E-1));
#3900=CARTESIAN_POINT('',(-3.976680641009E-1,-3.270218460190E0,
-2.049600374835E-1));
#3901=CARTESIAN_POINT('',(-5.789995567351E-1,-3.617848703242E0,
-2.984191630265E-1));
#3902=CARTESIAN_POINT('',(-5.789995567351E-1,-3.982151296758E0,
-2.984191630265E-1));
#3903=CARTESIAN_POINT('',(-3.976680641009E-1,-4.329781539810E0,
-2.049600374835E-1));
#3904=CARTESIAN_POINT('',(-9.850615489198E-2,-3.270218460190E0,
-4.364000958059E-1));
#3905=CARTESIAN_POINT('',(-1.434236871575E-1,-3.617848703242E0,
-6.353928938248E-1));
#3906=CARTESIAN_POINT('',(-1.434236871575E-1,-3.982151296758E0,
-6.353928938248E-1));
#3907=CARTESIAN_POINT('',(-9.850615489198E-2,-4.329781539810E0,
-4.364000958059E-1));
#3908=CARTESIAN_POINT('',(1.689469704570E-1,-3.270218460190E0,
-1.689469704570E-1));
#3909=CARTESIAN_POINT('',(2.459846033337E-1,-3.617848703242E0,
-2.459846033337E-1));
#3910=CARTESIAN_POINT('',(2.459846033337E-1,-3.982151296758E0,
-2.459846033337E-1));
#3911=CARTESIAN_POINT('',(1.689469704570E-1,-4.329781539810E0,
-1.689469704570E-1));
#3912=CARTESIAN_POINT('',(4.364000958059E-1,-3.270218460190E0,
9.850615489198E-2));
#3913=CARTESIAN_POINT('',(6.353928938248E-1,-3.617848703242E0,
1.434236871575E-1));
#3914=CARTESIAN_POINT('',(6.353928938248E-1,-3.982151296758E0,
1.434236871575E-1));
#3915=CARTESIAN_POINT('',(4.364000958059E-1,-4.329781539810E0,
9.850615489198E-2));
#3916=CARTESIAN_POINT('',(2.049600374835E-1,-3.270218460190E0,
3.976680641009E-1));
#3917=CARTESIAN_POINT('',(2.984191630265E-1,-3.617848703242E0,
5.789995567351E-1));
#3918=CARTESIAN_POINT('',(2.984191630265E-1,-3.982151296758E0,
5.789995567351E-1));
#3919=CARTESIAN_POINT('',(2.049600374835E-1,-4.329781539810E0,
3.976680641009E-1));
#3920=CARTESIAN_POINT('',(-1.210960639886E-1,-3.270218460190E0,
2.059657761368E-1));
#3921=CARTESIAN_POINT('',(-1.763143025586E-1,-3.617848703242E0,
2.998835054946E-1));
#3922=CARTESIAN_POINT('',(-1.763143025586E-1,-3.982151296758E0,
2.998835054946E-1));
#3923=CARTESIAN_POINT('',(-1.210960639886E-1,-4.329781539810E0,
2.059657761368E-1));
#3924=(BOUNDED_SURFACE()B_SPLINE_SURFACE(3,3,((#3896,#3897,#3898,#3899),(#3900,
#3901,#3902,#3903),(#3904,#3905,#3906,#3907),(#3908,#3909,#3910,#3911),(#3912,
#3913,#3914,#3915),(#3916,#3917,#3918,#3919),(#3920,#3921,#3922,#3923)),
.UNSPECIFIED.,.F.,.F.,.F.)B_SPLINE_SURFACE_WITH_KNOTS((4,3,4),(4,4),(0.E0,1.E0,
2.E0),(0.E0,1.E0),.UNSPECIFIED.)GEOMETRIC_REPRESENTATION_ITEM()RATIONAL_B_SPLINE_SURFACE(((1.816818414952E0,1.761387144567E0,1.761387144567E0,1.816818414952E0),(
7.589517705344E-1,7.357960933048E-1,7.357960933048E-1,7.589517705344E-1),(
7.589517705344E-1,7.357960933048E-1,7.357960933048E-1,7.589517705344E-1),(
1.816818414952E0,1.761387144567E0,1.761387144567E0,1.816818414952E0),(
7.589517705344E-1,7.357960933048E-1,7.357960933048E-1,7.589517705344E-1),(
7.589517705344E-1,7.357960933048E-1,7.357960933048E-1,7.589517705344E-1),(
1.816818414952E0,1.761387144567E0,1.761387144567E0,1.816818414952E0)))REPRESENTATION_ITEM('')SURFACE());
#3926=ORIENTED_EDGE('',*,*,#3925,.T.);
#3928=ORIENTED_EDGE('',*,*,#3927,.F.);
#3930=ORIENTED_EDGE('',*,*,#3929,.T.);
#3932=ORIENTED_EDGE('',*,*,#3931,.T.);
#3933=EDGE_LOOP('',(#3926,#3928,#3930,#3932));
#3934=FACE_OUTER_BOUND('',#3933,.F.);
#3936=CARTESIAN_POINT('',(-2.059657761368E-1,-3.270218460190E0,
1.210960639886E-1));
#3937=CARTESIAN_POINT('',(-2.998835054946E-1,-3.617848703242E0,
1.763143025586E-1));
#3938=CARTESIAN_POINT('',(-2.998835054946E-1,-3.982151296758E0,
1.763143025586E-1));
#3939=CARTESIAN_POINT('',(-2.059657761368E-1,-4.329781539810E0,
1.210960639886E-1));
#3940=CARTESIAN_POINT('',(-3.976680641009E-1,-3.270218460190E0,
-2.049600374835E-1));
#3941=CARTESIAN_POINT('',(-5.789995567351E-1,-3.617848703242E0,
-2.984191630265E-1));
#3942=CARTESIAN_POINT('',(-5.789995567351E-1,-3.982151296758E0,
-2.984191630265E-1));
#3943=CARTESIAN_POINT('',(-3.976680641009E-1,-4.329781539810E0,
-2.049600374835E-1));
#3944=CARTESIAN_POINT('',(-9.850615489198E-2,-3.270218460190E0,
-4.364000958059E-1));
#3945=CARTESIAN_POINT('',(-1.434236871575E-1,-3.617848703242E0,
-6.353928938248E-1));
#3946=CARTESIAN_POINT('',(-1.434236871575E-1,-3.982151296758E0,
-6.353928938248E-1));
#3947=CARTESIAN_POINT('',(-9.850615489198E-2,-4.329781539810E0,
-4.364000958059E-1));
#3948=CARTESIAN_POINT('',(1.689469704570E-1,-3.270218460190E0,
-1.689469704570E-1));
#3949=CARTESIAN_POINT('',(2.459846033337E-1,-3.617848703242E0,
-2.459846033337E-1));
#3950=CARTESIAN_POINT('',(2.459846033337E-1,-3.982151296758E0,
-2.459846033337E-1));
#3951=CARTESIAN_POINT('',(1.689469704570E-1,-4.329781539810E0,
-1.689469704570E-1));
#3952=CARTESIAN_POINT('',(4.364000958059E-1,-3.270218460190E0,
9.850615489198E-2));
#3953=CARTESIAN_POINT('',(6.353928938248E-1,-3.617848703242E0,
1.434236871575E-1));
#3954=CARTESIAN_POINT('',(6.353928938248E-1,-3.982151296758E0,
1.434236871575E-1));
#3955=CARTESIAN_POINT('',(4.364000958059E-1,-4.329781539810E0,
9.850615489198E-2));
#3956=CARTESIAN_POINT('',(2.049600374835E-1,-3.270218460190E0,
3.976680641009E-1));
#3957=CARTESIAN_POINT('',(2.984191630265E-1,-3.617848703242E0,
5.789995567351E-1));
#3958=CARTESIAN_POINT('',(2.984191630265E-1,-3.982151296758E0,
5.789995567351E-1));
#3959=CARTESIAN_POINT('',(2.049600374835E-1,-4.329781539810E0,
3.976680641009E-1));
#3960=CARTESIAN_POINT('',(-1.210960639886E-1,-3.270218460190E0,
2.059657761368E-1));
#3961=CARTESIAN_POINT('',(-1.763143025586E-1,-3.617848703242E0,
2.998835054946E-1));
#3962=CARTESIAN_POINT('',(-1.763143025586E-1,-3.982151296758E0,
2.998835054946E-1));
#3963=CARTESIAN_POINT('',(-1.210960639886E-1,-4.329781539810E0,
2.059657761368E-1));
#3964=(BOUNDED_SURFACE()B_SPLINE_SURFACE(3,3,((#3936,#3937,#3938,#3939),(#3940,
#3941,#3942,#3943),(#3944,#3945,#3946,#3947),(#3948,#3949,#3950,#3951),(#3952,
#3953,#3954,#3955),(#3956,#3957,#3958,#3959),(#3960,#3961,#3962,#3963)),
.UNSPECIFIED.,.F.,.F.,.F.)B_SPLINE_SURFACE_WITH_KNOTS((4,3,4),(4,4),(0.E0,1.E0,
2.E0),(0.E0,1.E0),.UNSPECIFIED.)GEOMETRIC_REPRESENTATION_ITEM()RATIONAL_B_SPLINE_SURFACE(((1.816818414952E0,1.761387144567E0,1.761387144567E0,1.816818414952E0),(
7.589517705344E-1,7.357960933048E-1,7.357960933048E-1,7.589517705344E-1),(
7.589517705344E-1,7.357960933048E-1,7.357960933048E-1,7.589517705344E-1),(
1.816818414952E0,1.761387144567E0,1.761387144567E0,1.816818414952E0),(
7.589517705344E-1,7.357960933048E-1,7.357960933048E-1,7.589517705344E-1),(
7.589517705344E-1,7.357960933048E-1,7.357960933048E-1,7.589517705344E-1),(
1.816818414952E0,1.761387144567E0,1.761387144567E0,1.816818414952E0)))REPRESENTATION_ITEM('')SURFACE());
#3966=ORIENTED_EDGE('',*,*,#3965,.T.);
#3968=ORIENTED_EDGE('',*,*,#3967,.F.);
#3970=ORIENTED_EDGE('',*,*,#3969,.T.);
#3972=ORIENTED_EDGE('',*,*,#3971,.T.);
#3974=ORIENTED_EDGE('',*,*,#3973,.T.);
#3975=EDGE_LOOP('',(#3966,#3968,#3970,#3972,#3974));
#3976=FACE_OUTER_BOUND('',#3975,.F.);
#3978=CARTESIAN_POINT('',(-2.059657761368E-1,-3.270218460190E0,
1.210960639886E-1));
#3979=CARTESIAN_POINT('',(-2.998835054946E-1,-3.617848703242E0,
1.763143025586E-1));
#3980=CARTESIAN_POINT('',(-2.998835054946E-1,-3.982151296758E0,
1.763143025586E-1));
#3981=CARTESIAN_POINT('',(-2.059657761368E-1,-4.329781539810E0,
1.210960639886E-1));
#3982=CARTESIAN_POINT('',(-3.976680641009E-1,-3.270218460190E0,
-2.049600374835E-1));
#3983=CARTESIAN_POINT('',(-5.789995567351E-1,-3.617848703242E0,
-2.984191630265E-1));
#3984=CARTESIAN_POINT('',(-5.789995567351E-1,-3.982151296758E0,
-2.984191630265E-1));
#3985=CARTESIAN_POINT('',(-3.976680641009E-1,-4.329781539810E0,
-2.049600374835E-1));
#3986=CARTESIAN_POINT('',(-9.850615489198E-2,-3.270218460190E0,
-4.364000958059E-1));
#3987=CARTESIAN_POINT('',(-1.434236871575E-1,-3.617848703242E0,
-6.353928938248E-1));
#3988=CARTESIAN_POINT('',(-1.434236871575E-1,-3.982151296758E0,
-6.353928938248E-1));
#3989=CARTESIAN_POINT('',(-9.850615489198E-2,-4.329781539810E0,
-4.364000958059E-1));
#3990=CARTESIAN_POINT('',(1.689469704570E-1,-3.270218460190E0,
-1.689469704570E-1));
#3991=CARTESIAN_POINT('',(2.459846033337E-1,-3.617848703242E0,
-2.459846033337E-1));
#3992=CARTESIAN_POINT('',(2.459846033337E-1,-3.982151296758E0,
-2.459846033337E-1));
#3993=CARTESIAN_POINT('',(1.689469704570E-1,-4.329781539810E0,
-1.689469704570E-1));
#3994=CARTESIAN_POINT('',(4.364000958059E-1,-3.270218460190E0,
9.850615489198E-2));
#3995=CARTESIAN_POINT('',(6.353928938248E-1,-3.617848703242E0,
1.434236871575E-1));
#3996=CARTESIAN_POINT('',(6.353928938248E-1,-3.982151296758E0,
1.434236871575E-1));
#3997=CARTESIAN_POINT('',(4.364000958059E-1,-4.329781539810E0,
9.850615489198E-2));
#3998=CARTESIAN_POINT('',(2.049600374835E-1,-3.270218460190E0,
3.976680641009E-1));
#3999=CARTESIAN_POINT('',(2.984191630265E-1,-3.617848703242E0,
5.789995567351E-1));
#4000=CARTESIAN_POINT('',(2.984191630265E-1,-3.982151296758E0,
5.789995567351E-1));
#4001=CARTESIAN_POINT('',(2.049600374835E-1,-4.329781539810E0,
3.976680641009E-1));
#4002=CARTESIAN_POINT('',(-1.210960639886E-1,-3.270218460190E0,
2.059657761368E-1));
#4003=CARTESIAN_POINT('',(-1.763143025586E-1,-3.617848703242E0,
2.998835054946E-1));
#4004=CARTESIAN_POINT('',(-1.763143025586E-1,-3.982151296758E0,
2.998835054946E-1));
#4005=CARTESIAN_POINT('',(-1.210960639886E-1,-4.329781539810E0,
2.059657761368E-1));
#4006=(BOUNDED_SURFACE()B_SPLINE_SURFACE(3,3,((#3978,#3979,#3980,#3981),(#3982,
#3983,#3984,#3985),(#3986,#3987,#3988,#3989),(#3990,#3991,#3992,#3993),(#3994,
#3995,#3996,#3997),(#3998,#3999,#4000,#4001),(#4002,#4003,#4004,#4005)),
.UNSPECIFIED.,.F.,.F.,.F.)B_SPLINE_SURFACE_WITH_KNOTS((4,3,4),(4,4),(0.E0,1.E0,
2.E0),(0.E0,1.E0),.UNSPECIFIED.)GEOMETRIC_REPRESENTATION_ITEM()RATIONAL_B_SPLINE_SURFACE(((1.816818414952E0,1.761387144567E0,1.761387144567E0,1.816818414952E0),(
7.589517705344E-1,7.357960933048E-1,7.357960933048E-1,7.589517705344E-1),(
7.589517705344E-1,7.357960933048E-1,7.357960933048E-1,7.589517705344E-1),(
1.816818414952E0,1.761387144567E0,1.761387144567E0,1.816818414952E0),(
7.589517705344E-1,7.357960933048E-1,7.357960933048E-1,7.589517705344E-1),(
7.589517705344E-1,7.357960933048E-1,7.357960933048E-1,7.589517705344E-1),(
1.816818414952E0,1.761387144567E0,1.761387144567E0,1.816818414952E0)))REPRESENTATION_ITEM('')SURFACE());
#4008=ORIENTED_EDGE('',*,*,#4007,.T.);
#4010=ORIENTED_EDGE('',*,*,#4009,.T.);
#4012=ORIENTED_EDGE('',*,*,#4011,.T.);
#4014=ORIENTED_EDGE('',*,*,#4013,.T.);
#4015=EDGE_LOOP('',(#4008,#4010,#4012,#4014));
#4016=FACE_OUTER_BOUND('',#4015,.F.);
#4018=CARTESIAN_POINT('',(-2.236626924635E-1,0.E0,1.E-1));
#4019=DIRECTION('',(0.E0,0.E0,-1.E0));
#4020=DIRECTION('',(-1.E0,0.E0,0.E0));
#4021=AXIS2_PLACEMENT_3D('',#4018,#4019,#4020);
#4022=PLANE('',#4021);
#4023=ORIENTED_EDGE('',*,*,#3883,.F.);
#4025=ORIENTED_EDGE('',*,*,#4024,.T.);
#4026=EDGE_LOOP('',(#4023,#4025));
#4027=FACE_OUTER_BOUND('',#4026,.F.);
#4029=CARTESIAN_POINT('',(0.E0,2.155E-1,0.E0));
#4030=DIRECTION('',(0.E0,-1.E0,0.E0));
#4031=DIRECTION('',(-1.E0,0.E0,0.E0));
#4032=AXIS2_PLACEMENT_3D('',#4029,#4030,#4031);
#4033=CYLINDRICAL_SURFACE('',#4032,2.45E-1);
#4034=ORIENTED_EDGE('',*,*,#4024,.F.);
#4035=ORIENTED_EDGE('',*,*,#3891,.T.);
#4037=ORIENTED_EDGE('',*,*,#4036,.T.);
#4039=ORIENTED_EDGE('',*,*,#4038,.F.);
#4041=ORIENTED_EDGE('',*,*,#4040,.F.);
#4042=ORIENTED_EDGE('',*,*,#3967,.T.);
#4044=ORIENTED_EDGE('',*,*,#4043,.T.);
#4046=ORIENTED_EDGE('',*,*,#4045,.T.);
#4048=ORIENTED_EDGE('',*,*,#4047,.F.);
#4049=ORIENTED_EDGE('',*,*,#3927,.T.);
#4051=ORIENTED_EDGE('',*,*,#4050,.T.);
#4053=ORIENTED_EDGE('',*,*,#4052,.T.);
#4054=EDGE_LOOP('',(#4034,#4035,#4037,#4039,#4041,#4042,#4044,#4046,#4048,#4049,
#4051,#4053));
#4055=FACE_OUTER_BOUND('',#4054,.F.);
#4057=CARTESIAN_POINT('',(0.E0,2.155E-1,0.E0));
#4058=DIRECTION('',(0.E0,-1.E0,0.E0));
#4059=DIRECTION('',(-1.E0,0.E0,0.E0));
#4060=AXIS2_PLACEMENT_3D('',#4057,#4058,#4059);
#4061=CYLINDRICAL_SURFACE('',#4060,2.45E-1);
#4063=ORIENTED_EDGE('',*,*,#4062,.T.);
#4065=ORIENTED_EDGE('',*,*,#4064,.T.);
#4067=ORIENTED_EDGE('',*,*,#4066,.F.);
#4068=ORIENTED_EDGE('',*,*,#4013,.F.);
#4070=ORIENTED_EDGE('',*,*,#4069,.T.);
#4072=ORIENTED_EDGE('',*,*,#4071,.T.);
#4074=ORIENTED_EDGE('',*,*,#4073,.F.);
#4075=ORIENTED_EDGE('',*,*,#3969,.F.);
#4076=ORIENTED_EDGE('',*,*,#4040,.T.);
#4078=ORIENTED_EDGE('',*,*,#4077,.T.);
#4079=ORIENTED_EDGE('',*,*,#4036,.F.);
#4080=ORIENTED_EDGE('',*,*,#3889,.F.);
#4081=EDGE_LOOP('',(#4063,#4065,#4067,#4068,#4070,#4072,#4074,#4075,#4076,#4078,
#4079,#4080));
#4082=FACE_OUTER_BOUND('',#4081,.F.);
#4084=CARTESIAN_POINT('',(-2.236626924635E-1,0.E0,-1.E-1));
#4085=DIRECTION('',(0.E0,0.E0,-1.E0));
#4086=DIRECTION('',(-1.E0,0.E0,0.E0));
#4087=AXIS2_PLACEMENT_3D('',#4084,#4085,#4086);
#4088=PLANE('',#4087);
#4089=ORIENTED_EDGE('',*,*,#3887,.F.);
#4090=ORIENTED_EDGE('',*,*,#4062,.F.);
#4091=EDGE_LOOP('',(#4089,#4090));
#4092=FACE_OUTER_BOUND('',#4091,.F.);
#4094=CARTESIAN_POINT('',(0.E0,-4.31E0,0.E0));
#4095=DIRECTION('',(0.E0,-1.E0,0.E0));
#4096=DIRECTION('',(0.E0,0.E0,-1.E0));
#4097=AXIS2_PLACEMENT_3D('',#4094,#4095,#4096);
#4098=PLANE('',#4097);
#4100=ORIENTED_EDGE('',*,*,#4099,.T.);
#4102=ORIENTED_EDGE('',*,*,#4101,.T.);
#4103=EDGE_LOOP('',(#4100,#4102));
#4104=FACE_OUTER_BOUND('',#4103,.F.);
#4105=ORIENTED_EDGE('',*,*,#3885,.F.);
#4106=ORIENTED_EDGE('',*,*,#4052,.F.);
#4107=ORIENTED_EDGE('',*,*,#3931,.F.);
#4108=ORIENTED_EDGE('',*,*,#4045,.F.);
#4109=ORIENTED_EDGE('',*,*,#3973,.F.);
#4110=ORIENTED_EDGE('',*,*,#4071,.F.);
#4111=ORIENTED_EDGE('',*,*,#4009,.F.);
#4112=ORIENTED_EDGE('',*,*,#4064,.F.);
#4113=EDGE_LOOP('',(#4105,#4106,#4107,#4108,#4109,#4110,#4111,#4112));
#4114=FACE_BOUND('',#4113,.F.);
#4116=CARTESIAN_POINT('',(0.E0,-4.31E0,0.E0));
#4117=DIRECTION('',(0.E0,-1.E0,0.E0));
#4118=DIRECTION('',(0.E0,0.E0,-1.E0));
#4119=AXIS2_PLACEMENT_3D('',#4116,#4117,#4118);
#4120=CYLINDRICAL_SURFACE('',#4119,2.46E-1);
#4121=ORIENTED_EDGE('',*,*,#4099,.F.);
#4123=ORIENTED_EDGE('',*,*,#4122,.T.);
#4125=ORIENTED_EDGE('',*,*,#4124,.T.);
#4127=ORIENTED_EDGE('',*,*,#4126,.F.);
#4128=EDGE_LOOP('',(#4121,#4123,#4125,#4127));
#4129=FACE_OUTER_BOUND('',#4128,.F.);
#4131=FILL_AREA_STYLE_COLOUR('',#3367);
#4132=FILL_AREA_STYLE('',(#4131));
#4133=SURFACE_STYLE_FILL_AREA(#4132);
#4134=SURFACE_SIDE_STYLE('',(#4133));
#4135=SURFACE_STYLE_USAGE(.POSITIVE.,#4134);
#4136=FILL_AREA_STYLE_COLOUR('',#3368);
#4137=FILL_AREA_STYLE('',(#4136));
#4138=SURFACE_STYLE_FILL_AREA(#4137);
#4139=SURFACE_SIDE_STYLE('',(#4138));
#4140=SURFACE_STYLE_USAGE(.NEGATIVE.,#4139);
#4141=PRESENTATION_STYLE_ASSIGNMENT((#4135,#4140));
#4142=OVER_RIDING_STYLED_ITEM('',(#4141),#4130,#3369);
#4143=CARTESIAN_POINT('',(0.E0,-4.31E0,0.E0));
#4144=DIRECTION('',(0.E0,-1.E0,0.E0));
#4145=DIRECTION('',(0.E0,0.E0,-1.E0));
#4146=AXIS2_PLACEMENT_3D('',#4143,#4144,#4145);
#4147=CYLINDRICAL_SURFACE('',#4146,2.46E-1);
#4148=ORIENTED_EDGE('',*,*,#4101,.F.);
#4149=ORIENTED_EDGE('',*,*,#4126,.T.);
#4151=ORIENTED_EDGE('',*,*,#4150,.T.);
#4152=ORIENTED_EDGE('',*,*,#4122,.F.);
#4153=EDGE_LOOP('',(#4148,#4149,#4151,#4152));
#4154=FACE_OUTER_BOUND('',#4153,.F.);
#4156=FILL_AREA_STYLE_COLOUR('',#3367);
#4157=FILL_AREA_STYLE('',(#4156));
#4158=SURFACE_STYLE_FILL_AREA(#4157);
#4159=SURFACE_SIDE_STYLE('',(#4158));
#4160=SURFACE_STYLE_USAGE(.POSITIVE.,#4159);
#4161=FILL_AREA_STYLE_COLOUR('',#3368);
#4162=FILL_AREA_STYLE('',(#4161));
#4163=SURFACE_STYLE_FILL_AREA(#4162);
#4164=SURFACE_SIDE_STYLE('',(#4163));
#4165=SURFACE_STYLE_USAGE(.NEGATIVE.,#4164);
#4166=PRESENTATION_STYLE_ASSIGNMENT((#4160,#4165));
#4167=OVER_RIDING_STYLED_ITEM('',(#4166),#4155,#3369);
#4168=CARTESIAN_POINT('',(0.E0,-4.625E0,-4.25E-1));
#4169=DIRECTION('',(1.E0,0.E0,0.E0));
#4170=DIRECTION('',(0.E0,0.E0,-1.E0));
#4171=AXIS2_PLACEMENT_3D('',#4168,#4169,#4170);
#4172=TOROIDAL_SURFACE('',#4171,4.25E-1,2.46E-1);
#4173=ORIENTED_EDGE('',*,*,#4150,.F.);
#4175=ORIENTED_EDGE('',*,*,#4174,.T.);
#4177=ORIENTED_EDGE('',*,*,#4176,.T.);
#4179=ORIENTED_EDGE('',*,*,#4178,.F.);
#4180=EDGE_LOOP('',(#4173,#4175,#4177,#4179));
#4181=FACE_OUTER_BOUND('',#4180,.F.);
#4183=FILL_AREA_STYLE_COLOUR('',#3367);
#4184=FILL_AREA_STYLE('',(#4183));
#4185=SURFACE_STYLE_FILL_AREA(#4184);
#4186=SURFACE_SIDE_STYLE('',(#4185));
#4187=SURFACE_STYLE_USAGE(.POSITIVE.,#4186);
#4188=FILL_AREA_STYLE_COLOUR('',#3368);
#4189=FILL_AREA_STYLE('',(#4188));
#4190=SURFACE_STYLE_FILL_AREA(#4189);
#4191=SURFACE_SIDE_STYLE('',(#4190));
#4192=SURFACE_STYLE_USAGE(.NEGATIVE.,#4191);
#4193=PRESENTATION_STYLE_ASSIGNMENT((#4187,#4192));
#4194=OVER_RIDING_STYLED_ITEM('',(#4193),#4182,#3369);
#4195=CARTESIAN_POINT('',(0.E0,-4.625E0,-4.25E-1));
#4196=DIRECTION('',(1.E0,0.E0,0.E0));
#4197=DIRECTION('',(0.E0,0.E0,-1.E0));
#4198=AXIS2_PLACEMENT_3D('',#4195,#4196,#4197);
#4199=TOROIDAL_SURFACE('',#4198,4.25E-1,2.46E-1);
#4200=ORIENTED_EDGE('',*,*,#4124,.F.);
#4201=ORIENTED_EDGE('',*,*,#4178,.T.);
#4203=ORIENTED_EDGE('',*,*,#4202,.T.);
#4204=ORIENTED_EDGE('',*,*,#4174,.F.);
#4205=EDGE_LOOP('',(#4200,#4201,#4203,#4204));
#4206=FACE_OUTER_BOUND('',#4205,.F.);
#4208=FILL_AREA_STYLE_COLOUR('',#3367);
#4209=FILL_AREA_STYLE('',(#4208));
#4210=SURFACE_STYLE_FILL_AREA(#4209);
#4211=SURFACE_SIDE_STYLE('',(#4210));
#4212=SURFACE_STYLE_USAGE(.POSITIVE.,#4211);
#4213=FILL_AREA_STYLE_COLOUR('',#3368);
#4214=FILL_AREA_STYLE('',(#4213));
#4215=SURFACE_STYLE_FILL_AREA(#4214);
#4216=SURFACE_SIDE_STYLE('',(#4215));
#4217=SURFACE_STYLE_USAGE(.NEGATIVE.,#4216);
#4218=PRESENTATION_STYLE_ASSIGNMENT((#4212,#4217));
#4219=OVER_RIDING_STYLED_ITEM('',(#4218),#4207,#3369);
#4220=CARTESIAN_POINT('',(0.E0,-5.047664363093E0,-3.805046500009E-1));
#4221=DIRECTION('',(0.E0,-1.046949411744E-1,-9.945043837472E-1));
#4222=DIRECTION('',(0.E0,9.945043837472E-1,-1.046949411744E-1));
#4223=AXIS2_PLACEMENT_3D('',#4220,#4221,#4222);
#4224=CYLINDRICAL_SURFACE('',#4223,2.46E-1);
#4225=ORIENTED_EDGE('',*,*,#4202,.F.);
#4227=ORIENTED_EDGE('',*,*,#4226,.T.);
#4229=ORIENTED_EDGE('',*,*,#4228,.T.);
#4231=ORIENTED_EDGE('',*,*,#4230,.F.);
#4232=EDGE_LOOP('',(#4225,#4227,#4229,#4231));
#4233=FACE_OUTER_BOUND('',#4232,.F.);
#4235=FILL_AREA_STYLE_COLOUR('',#3367);
#4236=FILL_AREA_STYLE('',(#4235));
#4237=SURFACE_STYLE_FILL_AREA(#4236);
#4238=SURFACE_SIDE_STYLE('',(#4237));
#4239=SURFACE_STYLE_USAGE(.POSITIVE.,#4238);
#4240=FILL_AREA_STYLE_COLOUR('',#3368);
#4241=FILL_AREA_STYLE('',(#4240));
#4242=SURFACE_STYLE_FILL_AREA(#4241);
#4243=SURFACE_SIDE_STYLE('',(#4242));
#4244=SURFACE_STYLE_USAGE(.NEGATIVE.,#4243);
#4245=PRESENTATION_STYLE_ASSIGNMENT((#4239,#4244));
#4246=OVER_RIDING_STYLED_ITEM('',(#4245),#4234,#3369);
#4247=CARTESIAN_POINT('',(0.E0,-5.047664363093E0,-3.805046500009E-1));
#4248=DIRECTION('',(0.E0,-1.046949411744E-1,-9.945043837472E-1));
#4249=DIRECTION('',(0.E0,9.945043837472E-1,-1.046949411744E-1));
#4250=AXIS2_PLACEMENT_3D('',#4247,#4248,#4249);
#4251=CYLINDRICAL_SURFACE('',#4250,2.46E-1);
#4252=ORIENTED_EDGE('',*,*,#4176,.F.);
#4253=ORIENTED_EDGE('',*,*,#4230,.T.);
#4255=ORIENTED_EDGE('',*,*,#4254,.T.);
#4256=ORIENTED_EDGE('',*,*,#4226,.F.);
#4257=EDGE_LOOP('',(#4252,#4253,#4255,#4256));
#4258=FACE_OUTER_BOUND('',#4257,.F.);
#4260=FILL_AREA_STYLE_COLOUR('',#3367);
#4261=FILL_AREA_STYLE('',(#4260));
#4262=SURFACE_STYLE_FILL_AREA(#4261);
#4263=SURFACE_SIDE_STYLE('',(#4262));
#4264=SURFACE_STYLE_USAGE(.POSITIVE.,#4263);
#4265=FILL_AREA_STYLE_COLOUR('',#3368);
#4266=FILL_AREA_STYLE('',(#4265));
#4267=SURFACE_STYLE_FILL_AREA(#4266);
#4268=SURFACE_SIDE_STYLE('',(#4267));
#4269=SURFACE_STYLE_USAGE(.NEGATIVE.,#4268);
#4270=PRESENTATION_STYLE_ASSIGNMENT((#4264,#4269));
#4271=OVER_RIDING_STYLED_ITEM('',(#4270),#4259,#3369);
#4272=CARTESIAN_POINT('',(0.E0,-5.255E0,-2.35E0));
#4273=DIRECTION('',(0.E0,-1.046949411744E-1,-9.945043837472E-1));
#4274=DIRECTION('',(0.E0,9.945043837472E-1,-1.046949411744E-1));
#4275=AXIS2_PLACEMENT_3D('',#4272,#4273,#4274);
#4276=PLANE('',#4275);
#4277=ORIENTED_EDGE('',*,*,#4228,.F.);
#4278=ORIENTED_EDGE('',*,*,#4254,.F.);
#4279=EDGE_LOOP('',(#4277,#4278));
#4280=FACE_OUTER_BOUND('',#4279,.F.);
#4282=CARTESIAN_POINT('',(-1.E-1,0.E0,-3.039736830714E-1));
#4283=DIRECTION('',(-1.E0,0.E0,0.E0));
#4284=DIRECTION('',(0.E0,0.E0,1.E0));
#4285=AXIS2_PLACEMENT_3D('',#4282,#4283,#4284);
#4286=PLANE('',#4285);
#4287=ORIENTED_EDGE('',*,*,#4007,.F.);
#4288=ORIENTED_EDGE('',*,*,#4066,.T.);
#4289=EDGE_LOOP('',(#4287,#4288));
#4290=FACE_OUTER_BOUND('',#4289,.F.);
#4292=CARTESIAN_POINT('',(1.E-1,0.E0,-3.039736830714E-1));
#4293=DIRECTION('',(-1.E0,0.E0,0.E0));
#4294=DIRECTION('',(0.E0,0.E0,1.E0));
#4295=AXIS2_PLACEMENT_3D('',#4292,#4293,#4294);
#4296=PLANE('',#4295);
#4297=ORIENTED_EDGE('',*,*,#4011,.F.);
#4298=ORIENTED_EDGE('',*,*,#4069,.F.);
#4299=EDGE_LOOP('',(#4297,#4298));
#4300=FACE_OUTER_BOUND('',#4299,.F.);
#4302=CARTESIAN_POINT('',(2.236626924635E-1,0.E0,-1.E-1));
#4303=DIRECTION('',(0.E0,0.E0,1.E0));
#4304=DIRECTION('',(1.E0,0.E0,0.E0));
#4305=AXIS2_PLACEMENT_3D('',#4302,#4303,#4304);
#4306=PLANE('',#4305);
#4307=ORIENTED_EDGE('',*,*,#3971,.F.);
#4308=ORIENTED_EDGE('',*,*,#4073,.T.);
#4309=EDGE_LOOP('',(#4307,#4308));
#4310=FACE_OUTER_BOUND('',#4309,.F.);
#4312=CARTESIAN_POINT('',(0.E0,-1.255736835487E-1,0.E0));
#4313=DIRECTION('',(0.E0,-1.E0,0.E0));
#4314=DIRECTION('',(-1.E0,0.E0,0.E0));
#4315=AXIS2_PLACEMENT_3D('',#4312,#4313,#4314);
#4316=CONICAL_SURFACE('',#4315,1.725E-1,3.E1);
#4318=ORIENTED_EDGE('',*,*,#4317,.T.);
#4320=ORIENTED_EDGE('',*,*,#4319,.T.);
#4322=ORIENTED_EDGE('',*,*,#4321,.F.);
#4323=ORIENTED_EDGE('',*,*,#4077,.F.);
#4324=EDGE_LOOP('',(#4318,#4320,#4322,#4323));
#4325=FACE_OUTER_BOUND('',#4324,.F.);
#4327=CARTESIAN_POINT('',(0.E0,-1.255736835487E-1,0.E0));
#4328=DIRECTION('',(0.E0,-1.E0,0.E0));
#4329=DIRECTION('',(-1.E0,0.E0,0.E0));
#4330=AXIS2_PLACEMENT_3D('',#4327,#4328,#4329);
#4331=CONICAL_SURFACE('',#4330,1.725E-1,3.E1);
#4332=ORIENTED_EDGE('',*,*,#4317,.F.);
#4333=ORIENTED_EDGE('',*,*,#4038,.T.);
#4334=ORIENTED_EDGE('',*,*,#4321,.T.);
#4336=ORIENTED_EDGE('',*,*,#4335,.F.);
#4337=EDGE_LOOP('',(#4332,#4333,#4334,#4336));
#4338=FACE_OUTER_BOUND('',#4337,.F.);
#4340=CARTESIAN_POINT('',(0.E0,0.E0,0.E0));
#4341=DIRECTION('',(0.E0,-1.E0,0.E0));
#4342=DIRECTION('',(-1.E0,0.E0,0.E0));
#4343=AXIS2_PLACEMENT_3D('',#4340,#4341,#4342);
#4344=PLANE('',#4343);
#4345=ORIENTED_EDGE('',*,*,#4319,.F.);
#4346=ORIENTED_EDGE('',*,*,#4335,.T.);
#4347=EDGE_LOOP('',(#4345,#4346));
#4348=FACE_OUTER_BOUND('',#4347,.F.);
#4350=CARTESIAN_POINT('',(2.236626924635E-1,0.E0,1.E-1));
#4351=DIRECTION('',(0.E0,0.E0,1.E0));
#4352=DIRECTION('',(1.E0,0.E0,0.E0));
#4353=AXIS2_PLACEMENT_3D('',#4350,#4351,#4352);
#4354=PLANE('',#4353);
#4355=ORIENTED_EDGE('',*,*,#3965,.F.);
#4356=ORIENTED_EDGE('',*,*,#4043,.F.);
#4357=EDGE_LOOP('',(#4355,#4356));
#4358=FACE_OUTER_BOUND('',#4357,.F.);
#4360=CARTESIAN_POINT('',(1.E-1,0.E0,3.039736830714E-1));
#4361=DIRECTION('',(1.E0,0.E0,0.E0));
#4362=DIRECTION('',(0.E0,0.E0,-1.E0));
#4363=AXIS2_PLACEMENT_3D('',#4360,#4361,#4362);
#4364=PLANE('',#4363);
#4365=ORIENTED_EDGE('',*,*,#3929,.F.);
#4366=ORIENTED_EDGE('',*,*,#4047,.T.);
#4367=EDGE_LOOP('',(#4365,#4366));
#4368=FACE_OUTER_BOUND('',#4367,.F.);
#4370=CARTESIAN_POINT('',(-1.E-1,0.E0,3.039736830714E-1));
#4371=DIRECTION('',(1.E0,0.E0,0.E0));
#4372=DIRECTION('',(0.E0,0.E0,-1.E0));
#4373=AXIS2_PLACEMENT_3D('',#4370,#4371,#4372);
#4374=PLANE('',#4373);
#4375=ORIENTED_EDGE('',*,*,#3925,.F.);
#4376=ORIENTED_EDGE('',*,*,#4050,.F.);
#4377=EDGE_LOOP('',(#4375,#4376));
#4378=FACE_OUTER_BOUND('',#4377,.F.);
#4380=CLOSED_SHELL('',(#3895,#3935,#3977,#4017,#4028,#4056,#4083,#4093,#4115,
#4130,#4155,#4182,#4207,#4234,#4259,#4281,#4291,#4301,#4311,#4326,#4339,#4349,
#4359,#4369,#4379));
#4381=MANIFOLD_SOLID_BREP('',#4380);
#4382=FILL_AREA_STYLE_COLOUR('',#3368);
#4383=FILL_AREA_STYLE('',(#4382));
#4384=SURFACE_STYLE_FILL_AREA(#4383);
#4385=SURFACE_SIDE_STYLE('',(#4384));
#4386=SURFACE_STYLE_USAGE(.BOTH.,#4385);
#4387=PRESENTATION_STYLE_ASSIGNMENT((#4386));
#3369=STYLED_ITEM('',(#4387),#4381);
#4389=DIMENSIONAL_EXPONENTS(0.E0,0.E0,0.E0,0.E0,0.E0,0.E0,0.E0);
#4391=PLANE_ANGLE_MEASURE_WITH_UNIT(PLANE_ANGLE_MEASURE(1.745329251994E-2),
#4390);
#4392=(CONVERSION_BASED_UNIT('DEGREE',#4391)NAMED_UNIT(*)PLANE_ANGLE_UNIT());
#4394=UNCERTAINTY_MEASURE_WITH_UNIT(LENGTH_MEASURE(6.157904676211E-4),#4388,
'closure',
'Maximum model space distance between geometric entities at asserted connectivities');
#4396=CARTESIAN_POINT('',(0.E0,0.E0,0.E0));
#4397=DIRECTION('',(0.E0,0.E0,1.E0));
#4398=DIRECTION('',(1.E0,0.E0,0.E0));
#4401=MECHANICAL_CONTEXT('',#3346,'mechanical');
#4402=PRODUCT('M80-502XX22-PIN','M80-502XX22-PIN','NOT SPECIFIED',(#4401));
#4403=PRODUCT_DEFINITION_FORMATION_WITH_SPECIFIED_SOURCE('4','LAST_VERSION',
#4402,.MADE.);
#4409=CARTESIAN_POINT('',(-1.E0,3.1E0,-1.E0));
#4410=DIRECTION('',(0.E0,0.E0,1.E0));
#4411=DIRECTION('',(1.E0,0.E0,0.E0));
#4412=AXIS2_PLACEMENT_3D('',#4409,#4410,#4411);
#4413=ITEM_DEFINED_TRANSFORMATION('','',#4399,#4412);
#4414=(REPRESENTATION_RELATIONSHIP('','',#4400,#3357)REPRESENTATION_RELATIONSHIP_WITH_TRANSFORMATION(#4413)SHAPE_REPRESENTATION_RELATIONSHIP());
#4415=CONTEXT_DEPENDENT_SHAPE_REPRESENTATION(#4414,#4408);
#4418=CARTESIAN_POINT('',(1.E0,3.1E0,-1.E0));
#4419=DIRECTION('',(0.E0,0.E0,1.E0));
#4420=DIRECTION('',(1.E0,0.E0,0.E0));
#4421=AXIS2_PLACEMENT_3D('',#4418,#4419,#4420);
#4422=ITEM_DEFINED_TRANSFORMATION('','',#4399,#4421);
#4423=(REPRESENTATION_RELATIONSHIP('','',#4400,#3357)REPRESENTATION_RELATIONSHIP_WITH_TRANSFORMATION(#4422)SHAPE_REPRESENTATION_RELATIONSHIP());
#4424=CONTEXT_DEPENDENT_SHAPE_REPRESENTATION(#4423,#4417);
#4427=CARTESIAN_POINT('',(-1.E0,3.1E0,1.E0));
#4428=DIRECTION('',(0.E0,0.E0,-1.E0));
#4429=DIRECTION('',(-1.E0,0.E0,0.E0));
#4430=AXIS2_PLACEMENT_3D('',#4427,#4428,#4429);
#4431=ITEM_DEFINED_TRANSFORMATION('','',#4399,#4430);
#4432=(REPRESENTATION_RELATIONSHIP('','',#4400,#3357)REPRESENTATION_RELATIONSHIP_WITH_TRANSFORMATION(#4431)SHAPE_REPRESENTATION_RELATIONSHIP());
#4433=CONTEXT_DEPENDENT_SHAPE_REPRESENTATION(#4432,#4426);
#4436=CARTESIAN_POINT('',(1.E0,3.1E0,1.E0));
#4437=DIRECTION('',(0.E0,0.E0,-1.E0));
#4438=DIRECTION('',(-1.E0,0.E0,0.E0));
#4439=AXIS2_PLACEMENT_3D('',#4436,#4437,#4438);
#4440=ITEM_DEFINED_TRANSFORMATION('','',#4399,#4439);
#4441=(REPRESENTATION_RELATIONSHIP('','',#4400,#3357)REPRESENTATION_RELATIONSHIP_WITH_TRANSFORMATION(#4440)SHAPE_REPRESENTATION_RELATIONSHIP());
#4442=CONTEXT_DEPENDENT_SHAPE_REPRESENTATION(#4441,#4435);
#4445=DIRECTION('',(0.E0,0.E0,-1.E0));
#4446=VECTOR('',#4445,3.E0);
#4447=CARTESIAN_POINT('',(1.5E0,0.E0,1.5E0));
#4448=LINE('',#4447,#4446);
#4449=CURVE_STYLE('',#15,POSITIVE_LENGTH_MEASURE(2.E-2),#4443);
#4450=PRESENTATION_STYLE_ASSIGNMENT((#4449));
#4451=STYLED_ITEM('',(#4450),#4448);
#4452=DIRECTION('',(-1.E0,0.E0,0.E0));
#4453=VECTOR('',#4452,3.E0);
#4454=CARTESIAN_POINT('',(1.5E0,0.E0,-1.5E0));
#4455=LINE('',#4454,#4453);
#4456=CURVE_STYLE('',#15,POSITIVE_LENGTH_MEASURE(2.E-2),#4443);
#4457=PRESENTATION_STYLE_ASSIGNMENT((#4456));
#4458=STYLED_ITEM('',(#4457),#4455);
#4459=DIRECTION('',(0.E0,0.E0,1.E0));
#4460=VECTOR('',#4459,3.E0);
#4461=CARTESIAN_POINT('',(-1.5E0,0.E0,-1.5E0));
#4462=LINE('',#4461,#4460);
#4463=CURVE_STYLE('',#15,POSITIVE_LENGTH_MEASURE(2.E-2),#4443);
#4464=PRESENTATION_STYLE_ASSIGNMENT((#4463));
#4465=STYLED_ITEM('',(#4464),#4462);
#4466=DIRECTION('',(1.E0,0.E0,0.E0));
#4467=VECTOR('',#4466,3.E0);
#4468=CARTESIAN_POINT('',(-1.5E0,0.E0,1.5E0));
#4469=LINE('',#4468,#4467);
#4470=CURVE_STYLE('',#15,POSITIVE_LENGTH_MEASURE(2.E-2),#4443);
#4471=PRESENTATION_STYLE_ASSIGNMENT((#4470));
#4472=STYLED_ITEM('',(#4471),#4469);
#4473=DIRECTION('',(0.E0,0.E0,-1.E0));
#4474=VECTOR('',#4473,3.E0);
#4475=CARTESIAN_POINT('',(1.5E0,6.5E-1,1.5E0));
#4476=LINE('',#4475,#4474);
#4477=CURVE_STYLE('',#15,POSITIVE_LENGTH_MEASURE(2.E-2),#4443);
#4478=PRESENTATION_STYLE_ASSIGNMENT((#4477));
#4479=STYLED_ITEM('',(#4478),#4476);
#4480=DIRECTION('',(0.E0,1.E0,0.E0));
#4481=VECTOR('',#4480,6.5E-1);
#4482=CARTESIAN_POINT('',(1.5E0,0.E0,1.5E0));
#4483=LINE('',#4482,#4481);
#4484=CURVE_STYLE('',#15,POSITIVE_LENGTH_MEASURE(2.E-2),#4443);
#4485=PRESENTATION_STYLE_ASSIGNMENT((#4484));
#4486=STYLED_ITEM('',(#4485),#4483);
#4487=CARTESIAN_POINT('',(0.E0,6.5E-1,0.E0));
#4488=DIRECTION('',(0.E0,1.E0,0.E0));
#4489=DIRECTION('',(-1.E0,0.E0,0.E0));
#4490=AXIS2_PLACEMENT_3D('',#4487,#4488,#4489);
#4492=CURVE_STYLE('',#15,POSITIVE_LENGTH_MEASURE(2.E-2),#4443);
#4493=PRESENTATION_STYLE_ASSIGNMENT((#4492));
#4494=STYLED_ITEM('',(#4493),#4491);
#4495=CARTESIAN_POINT('',(0.E0,6.5E-1,0.E0));
#4496=DIRECTION('',(0.E0,1.E0,0.E0));
#4497=DIRECTION('',(1.E0,0.E0,0.E0));
#4498=AXIS2_PLACEMENT_3D('',#4495,#4496,#4497);
#4500=CURVE_STYLE('',#15,POSITIVE_LENGTH_MEASURE(2.E-2),#4443);
#4501=PRESENTATION_STYLE_ASSIGNMENT((#4500));
#4502=STYLED_ITEM('',(#4501),#4499);
#4503=CARTESIAN_POINT('',(0.E0,1.5E0,0.E0));
#4504=DIRECTION('',(0.E0,1.E0,0.E0));
#4505=DIRECTION('',(-1.E0,0.E0,0.E0));
#4506=AXIS2_PLACEMENT_3D('',#4503,#4504,#4505);
#4508=CURVE_STYLE('',#15,POSITIVE_LENGTH_MEASURE(2.E-2),#4443);
#4509=PRESENTATION_STYLE_ASSIGNMENT((#4508));
#4510=STYLED_ITEM('',(#4509),#4507);
#4511=DIRECTION('',(0.E0,1.E0,0.E0));
#4512=VECTOR('',#4511,8.5E-1);
#4513=CARTESIAN_POINT('',(-1.49E0,6.5E-1,0.E0));
#4514=LINE('',#4513,#4512);
#4515=CURVE_STYLE('',#15,POSITIVE_LENGTH_MEASURE(2.E-2),#4443);
#4516=PRESENTATION_STYLE_ASSIGNMENT((#4515));
#4517=STYLED_ITEM('',(#4516),#4514);
#4518=DIRECTION('',(0.E0,1.E0,0.E0));
#4519=VECTOR('',#4518,2.45E0);
#4520=CARTESIAN_POINT('',(-1.49E0,1.75E0,0.E0));
#4521=LINE('',#4520,#4519);
#4522=CURVE_STYLE('',#15,POSITIVE_LENGTH_MEASURE(2.E-2),#4443);
#4523=PRESENTATION_STYLE_ASSIGNMENT((#4522));
#4524=STYLED_ITEM('',(#4523),#4521);
#4525=DIRECTION('',(-1.E0,0.E0,0.E0));
#4526=VECTOR('',#4525,7.810249675908E-1);
#4527=CARTESIAN_POINT('',(3.905124837954E-1,1.5E0,-1.5E0));
#4528=LINE('',#4527,#4526);
#4529=CURVE_STYLE('',#15,POSITIVE_LENGTH_MEASURE(2.E-2),#4443);
#4530=PRESENTATION_STYLE_ASSIGNMENT((#4529));
#4531=STYLED_ITEM('',(#4530),#4528);
#4532=DIRECTION('',(0.E0,0.E0,1.E0));
#4533=VECTOR('',#4532,7.810249675908E-1);
#4534=CARTESIAN_POINT('',(-1.5E0,1.5E0,-3.905124837954E-1));
#4535=LINE('',#4534,#4533);
#4536=CURVE_STYLE('',#15,POSITIVE_LENGTH_MEASURE(2.E-2),#4443);
#4537=PRESENTATION_STYLE_ASSIGNMENT((#4536));
#4538=STYLED_ITEM('',(#4537),#4535);
#4539=DIRECTION('',(1.E0,0.E0,0.E0));
#4540=VECTOR('',#4539,7.810249675908E-1);
#4541=CARTESIAN_POINT('',(-3.905124837954E-1,1.5E0,1.5E0));
#4542=LINE('',#4541,#4540);
#4543=CURVE_STYLE('',#15,POSITIVE_LENGTH_MEASURE(2.E-2),#4443);
#4544=PRESENTATION_STYLE_ASSIGNMENT((#4543));
#4545=STYLED_ITEM('',(#4544),#4542);
#4546=DIRECTION('',(0.E0,0.E0,-1.E0));
#4547=VECTOR('',#4546,7.810249675908E-1);
#4548=CARTESIAN_POINT('',(1.5E0,1.5E0,3.905124837954E-1));
#4549=LINE('',#4548,#4547);
#4550=CURVE_STYLE('',#15,POSITIVE_LENGTH_MEASURE(2.E-2),#4443);
#4551=PRESENTATION_STYLE_ASSIGNMENT((#4550));
#4552=STYLED_ITEM('',(#4551),#4549);
#4553=CARTESIAN_POINT('',(0.E0,1.5E0,0.E0));
#4554=DIRECTION('',(0.E0,1.E0,0.E0));
#4555=DIRECTION('',(1.E0,0.E0,0.E0));
#4556=AXIS2_PLACEMENT_3D('',#4553,#4554,#4555);
#4558=CURVE_STYLE('',#15,POSITIVE_LENGTH_MEASURE(2.E-2),#4443);
#4559=PRESENTATION_STYLE_ASSIGNMENT((#4558));
#4560=STYLED_ITEM('',(#4559),#4557);
#4561=DIRECTION('',(0.E0,1.E0,0.E0));
#4562=VECTOR('',#4561,8.5E-1);
#4563=CARTESIAN_POINT('',(1.49E0,6.5E-1,0.E0));
#4564=LINE('',#4563,#4562);
#4565=CURVE_STYLE('',#15,POSITIVE_LENGTH_MEASURE(2.E-2),#4443);
#4566=PRESENTATION_STYLE_ASSIGNMENT((#4565));
#4567=STYLED_ITEM('',(#4566),#4564);
#4568=DIRECTION('',(0.E0,1.E0,0.E0));
#4569=VECTOR('',#4568,2.45E0);
#4570=CARTESIAN_POINT('',(1.49E0,1.75E0,0.E0));
#4571=LINE('',#4570,#4569);
#4572=CURVE_STYLE('',#15,POSITIVE_LENGTH_MEASURE(2.E-2),#4443);
#4573=PRESENTATION_STYLE_ASSIGNMENT((#4572));
#4574=STYLED_ITEM('',(#4573),#4571);
#4575=CARTESIAN_POINT('',(0.E0,1.5E0,0.E0));
#4576=DIRECTION('',(0.E0,-1.E0,0.E0));
#4577=DIRECTION('',(2.519435379325E-1,0.E0,-9.677419354839E-1));
#4578=AXIS2_PLACEMENT_3D('',#4575,#4576,#4577);
#4580=CURVE_STYLE('',#15,POSITIVE_LENGTH_MEASURE(2.E-2),#4443);
#4581=PRESENTATION_STYLE_ASSIGNMENT((#4580));
#4582=STYLED_ITEM('',(#4581),#4579);
#4583=CARTESIAN_POINT('',(0.E0,1.5E0,0.E0));
#4584=DIRECTION('',(0.E0,-1.E0,0.E0));
#4585=DIRECTION('',(9.677419354839E-1,0.E0,2.519435379325E-1));
#4586=AXIS2_PLACEMENT_3D('',#4583,#4584,#4585);
#4588=CURVE_STYLE('',#15,POSITIVE_LENGTH_MEASURE(2.E-2),#4443);
#4589=PRESENTATION_STYLE_ASSIGNMENT((#4588));
#4590=STYLED_ITEM('',(#4589),#4587);
#4591=CARTESIAN_POINT('',(0.E0,1.75E0,0.E0));
#4592=DIRECTION('',(0.E0,-1.E0,0.E0));
#4593=DIRECTION('',(1.E0,0.E0,0.E0));
#4594=AXIS2_PLACEMENT_3D('',#4591,#4592,#4593);
#4596=CURVE_STYLE('',#15,POSITIVE_LENGTH_MEASURE(2.E-2),#4443);
#4597=PRESENTATION_STYLE_ASSIGNMENT((#4596));
#4598=STYLED_ITEM('',(#4597),#4595);
#4599=CARTESIAN_POINT('',(0.E0,1.75E0,0.E0));
#4600=DIRECTION('',(0.E0,-1.E0,0.E0));
#4601=DIRECTION('',(0.E0,0.E0,-1.E0));
#4602=AXIS2_PLACEMENT_3D('',#4599,#4600,#4601);
#4604=CURVE_STYLE('',#15,POSITIVE_LENGTH_MEASURE(2.E-2),#4443);
#4605=PRESENTATION_STYLE_ASSIGNMENT((#4604));
#4606=STYLED_ITEM('',(#4605),#4603);
#4607=CARTESIAN_POINT('',(0.E0,1.708333333333E0,-1.5E0));
#4608=CARTESIAN_POINT('',(2.349485665169E-2,1.708333333333E0,-1.5E0));
#4609=CARTESIAN_POINT('',(7.163108385847E-2,1.703688692150E0,-1.5E0));
#4610=CARTESIAN_POINT('',(1.465513158150E-1,1.681314010519E0,-1.5E0));
#4611=CARTESIAN_POINT('',(2.263911908374E-1,1.640504188402E0,-1.5E0));
#4612=CARTESIAN_POINT('',(3.079848248007E-1,1.580874897491E0,-1.5E0));
#4613=CARTESIAN_POINT('',(3.628840130020E-1,1.529003394497E0,-1.5E0));
#4614=CARTESIAN_POINT('',(3.905124837954E-1,1.5E0,-1.5E0));
#4616=CURVE_STYLE('',#15,POSITIVE_LENGTH_MEASURE(2.E-2),#4443);
#4617=PRESENTATION_STYLE_ASSIGNMENT((#4616));
#4618=STYLED_ITEM('',(#4617),#4615);
#4619=CARTESIAN_POINT('',(-3.905124837954E-1,1.5E0,-1.5E0));
#4620=CARTESIAN_POINT('',(-3.628710823502E-1,1.529016968640E0,-1.5E0));
#4621=CARTESIAN_POINT('',(-3.079483957070E-1,1.580907627963E0,-1.5E0));
#4622=CARTESIAN_POINT('',(-2.263309659903E-1,1.640542904480E0,-1.5E0));
#4623=CARTESIAN_POINT('',(-1.464784193605E-1,1.681344440764E0,-1.5E0));
#4624=CARTESIAN_POINT('',(-7.155804093785E-2,1.703701300565E0,-1.5E0));
#4625=CARTESIAN_POINT('',(-2.346525070211E-2,1.708333333333E0,-1.5E0));
#4626=CARTESIAN_POINT('',(0.E0,1.708333333333E0,-1.5E0));
#4628=CURVE_STYLE('',#15,POSITIVE_LENGTH_MEASURE(2.E-2),#4443);
#4629=PRESENTATION_STYLE_ASSIGNMENT((#4628));
#4630=STYLED_ITEM('',(#4629),#4627);
#4631=DIRECTION('',(-3.442854490966E-14,9.723873019805E-1,2.333729524753E-1));
#4632=VECTOR('',#4631,4.284986710722E-2);
#4633=CARTESIAN_POINT('',(0.E0,1.708333333333E0,-1.5E0));
#4634=LINE('',#4633,#4632);
#4635=CURVE_STYLE('',#15,POSITIVE_LENGTH_MEASURE(2.E-2),#4443);
#4636=PRESENTATION_STYLE_ASSIGNMENT((#4635));
#4637=STYLED_ITEM('',(#4636),#4634);
#4638=CARTESIAN_POINT('',(0.E0,1.75E0,0.E0));
#4639=DIRECTION('',(0.E0,-1.E0,0.E0));
#4640=DIRECTION('',(-1.E0,0.E0,0.E0));
#4641=AXIS2_PLACEMENT_3D('',#4638,#4639,#4640);
#4643=CURVE_STYLE('',#15,POSITIVE_LENGTH_MEASURE(2.E-2),#4443);
#4644=PRESENTATION_STYLE_ASSIGNMENT((#4643));
#4645=STYLED_ITEM('',(#4644),#4642);
#4646=CARTESIAN_POINT('',(0.E0,1.75E0,0.E0));
#4647=DIRECTION('',(0.E0,-1.E0,0.E0));
#4648=DIRECTION('',(0.E0,0.E0,1.E0));
#4649=AXIS2_PLACEMENT_3D('',#4646,#4647,#4648);
#4651=CURVE_STYLE('',#15,POSITIVE_LENGTH_MEASURE(2.E-2),#4443);
#4652=PRESENTATION_STYLE_ASSIGNMENT((#4651));
#4653=STYLED_ITEM('',(#4652),#4650);
#4654=DIRECTION('',(0.E0,9.723873019805E-1,-2.333729524753E-1));
#4655=VECTOR('',#4654,4.284986710722E-2);
#4656=CARTESIAN_POINT('',(0.E0,1.708333333333E0,1.5E0));
#4657=LINE('',#4656,#4655);
#4658=CURVE_STYLE('',#15,POSITIVE_LENGTH_MEASURE(2.E-2),#4443);
#4659=PRESENTATION_STYLE_ASSIGNMENT((#4658));
#4660=STYLED_ITEM('',(#4659),#4657);
#4661=CARTESIAN_POINT('',(0.E0,1.5E0,0.E0));
#4662=DIRECTION('',(0.E0,1.E0,0.E0));
#4663=DIRECTION('',(-9.677419354839E-1,0.E0,2.519435379325E-1));
#4664=AXIS2_PLACEMENT_3D('',#4661,#4662,#4663);
#4666=CURVE_STYLE('',#15,POSITIVE_LENGTH_MEASURE(2.E-2),#4443);
#4667=PRESENTATION_STYLE_ASSIGNMENT((#4666));
#4668=STYLED_ITEM('',(#4667),#4665);
#4669=CARTESIAN_POINT('',(0.E0,1.5E0,0.E0));
#4670=DIRECTION('',(0.E0,1.E0,0.E0));
#4671=DIRECTION('',(-2.519435379325E-1,0.E0,-9.677419354839E-1));
#4672=AXIS2_PLACEMENT_3D('',#4669,#4670,#4671);
#4674=CURVE_STYLE('',#15,POSITIVE_LENGTH_MEASURE(2.E-2),#4443);
#4675=PRESENTATION_STYLE_ASSIGNMENT((#4674));
#4676=STYLED_ITEM('',(#4675),#4673);
#4677=CARTESIAN_POINT('',(0.E0,1.708333333333E0,1.5E0));
#4678=CARTESIAN_POINT('',(-2.349485665170E-2,1.708333333333E0,1.5E0));
#4679=CARTESIAN_POINT('',(-7.163108385846E-2,1.703688692150E0,1.5E0));
#4680=CARTESIAN_POINT('',(-1.465513158150E-1,1.681314010519E0,1.5E0));
#4681=CARTESIAN_POINT('',(-2.263911908374E-1,1.640504188402E0,1.5E0));
#4682=CARTESIAN_POINT('',(-3.079848248007E-1,1.580874897491E0,1.5E0));
#4683=CARTESIAN_POINT('',(-3.628840130020E-1,1.529003394497E0,1.5E0));
#4684=CARTESIAN_POINT('',(-3.905124837954E-1,1.5E0,1.5E0));
#4686=CURVE_STYLE('',#15,POSITIVE_LENGTH_MEASURE(2.E-2),#4443);
#4687=PRESENTATION_STYLE_ASSIGNMENT((#4686));
#4688=STYLED_ITEM('',(#4687),#4685);
#4689=CARTESIAN_POINT('',(3.905124837954E-1,1.5E0,1.5E0));
#4690=CARTESIAN_POINT('',(3.628710823502E-1,1.529016968640E0,1.5E0));
#4691=CARTESIAN_POINT('',(3.079483957070E-1,1.580907627963E0,1.5E0));
#4692=CARTESIAN_POINT('',(2.263309659903E-1,1.640542904480E0,1.5E0));
#4693=CARTESIAN_POINT('',(1.464784193605E-1,1.681344440764E0,1.5E0));
#4694=CARTESIAN_POINT('',(7.155804093785E-2,1.703701300565E0,1.5E0));
#4695=CARTESIAN_POINT('',(2.346525070211E-2,1.708333333333E0,1.5E0));
#4696=CARTESIAN_POINT('',(0.E0,1.708333333333E0,1.5E0));
#4698=CURVE_STYLE('',#15,POSITIVE_LENGTH_MEASURE(2.E-2),#4443);
#4699=PRESENTATION_STYLE_ASSIGNMENT((#4698));
#4700=STYLED_ITEM('',(#4699),#4697);
#4701=CARTESIAN_POINT('',(-1.5E0,1.5E0,3.905124837954E-1));
#4702=CARTESIAN_POINT('',(-1.5E0,1.528980969406E0,3.629053750178E-1));
#4703=CARTESIAN_POINT('',(-1.5E0,1.580813577006E0,3.080565603141E-1));
#4704=CARTESIAN_POINT('',(-1.5E0,1.640409118980E0,2.265175544286E-1));
#4705=CARTESIAN_POINT('',(-1.5E0,1.681204630882E0,1.468587975319E-1));
#4706=CARTESIAN_POINT('',(-1.5E0,1.703667799784E0,7.163231837503E-2));
#4707=CARTESIAN_POINT('',(-1.5E0,1.710656173206E0,7.539842948437E-5));
#4708=CARTESIAN_POINT('',(-1.5E0,1.703707430012E0,-7.135574683523E-2));
#4709=CARTESIAN_POINT('',(-1.5E0,1.681391240456E0,-1.463906353269E-1));
#4710=CARTESIAN_POINT('',(-1.5E0,1.640644637146E0,-2.261595089262E-1));
#4711=CARTESIAN_POINT('',(-1.5E0,1.580989133747E0,-3.078618561247E-1));
#4712=CARTESIAN_POINT('',(-1.5E0,1.529051934263E0,-3.628377742932E-1));
#4713=CARTESIAN_POINT('',(-1.5E0,1.5E0,-3.905124837954E-1));
#4715=CURVE_STYLE('',#15,POSITIVE_LENGTH_MEASURE(2.E-2),#4443);
#4716=PRESENTATION_STYLE_ASSIGNMENT((#4715));
#4717=STYLED_ITEM('',(#4716),#4714);
#4718=CARTESIAN_POINT('',(1.5E0,1.5E0,-3.905124837954E-1));
#4719=CARTESIAN_POINT('',(1.5E0,1.528980969406E0,-3.629053750178E-1));
#4720=CARTESIAN_POINT('',(1.5E0,1.580813577006E0,-3.080565603141E-1));
#4721=CARTESIAN_POINT('',(1.5E0,1.640409118980E0,-2.265175544286E-1));
#4722=CARTESIAN_POINT('',(1.5E0,1.681204630882E0,-1.468587975319E-1));
#4723=CARTESIAN_POINT('',(1.5E0,1.703667799784E0,-7.163231837503E-2));
#4724=CARTESIAN_POINT('',(1.5E0,1.710656173206E0,-7.539842948437E-5));
#4725=CARTESIAN_POINT('',(1.5E0,1.703707430012E0,7.135574683523E-2));
#4726=CARTESIAN_POINT('',(1.5E0,1.681391240456E0,1.463906353269E-1));
#4727=CARTESIAN_POINT('',(1.5E0,1.640644637146E0,2.261595089262E-1));
#4728=CARTESIAN_POINT('',(1.5E0,1.580989133747E0,3.078618561247E-1));
#4729=CARTESIAN_POINT('',(1.5E0,1.529051934263E0,3.628377742932E-1));
#4730=CARTESIAN_POINT('',(1.5E0,1.5E0,3.905124837954E-1));
#4732=CURVE_STYLE('',#15,POSITIVE_LENGTH_MEASURE(2.E-2),#4443);
#4733=PRESENTATION_STYLE_ASSIGNMENT((#4732));
#4734=STYLED_ITEM('',(#4733),#4731);
#4735=CARTESIAN_POINT('',(0.E0,4.5E0,0.E0));
#4736=DIRECTION('',(0.E0,-1.E0,0.E0));
#4737=DIRECTION('',(-1.E0,0.E0,0.E0));
#4738=AXIS2_PLACEMENT_3D('',#4735,#4736,#4737);
#4740=CURVE_STYLE('',#15,POSITIVE_LENGTH_MEASURE(2.E-2),#4443);
#4741=PRESENTATION_STYLE_ASSIGNMENT((#4740));
#4742=STYLED_ITEM('',(#4741),#4739);
#4743=DIRECTION('',(-5.E-1,-8.660254037844E-1,-1.006735251657E-14));
#4744=VECTOR('',#4743,3.464101615138E-1);
#4745=CARTESIAN_POINT('',(-1.316794919243E0,4.5E0,0.E0));
#4746=LINE('',#4745,#4744);
#4747=CURVE_STYLE('',#15,POSITIVE_LENGTH_MEASURE(2.E-2),#4443);
#4748=PRESENTATION_STYLE_ASSIGNMENT((#4747));
#4749=STYLED_ITEM('',(#4748),#4746);
#4750=CARTESIAN_POINT('',(0.E0,4.2E0,0.E0));
#4751=DIRECTION('',(0.E0,-1.E0,0.E0));
#4752=DIRECTION('',(-1.E0,0.E0,0.E0));
#4753=AXIS2_PLACEMENT_3D('',#4750,#4751,#4752);
#4755=CURVE_STYLE('',#15,POSITIVE_LENGTH_MEASURE(2.E-2),#4443);
#4756=PRESENTATION_STYLE_ASSIGNMENT((#4755));
#4757=STYLED_ITEM('',(#4756),#4754);
#4758=DIRECTION('',(5.E-1,-8.660254037844E-1,0.E0));
#4759=VECTOR('',#4758,3.464101615138E-1);
#4760=CARTESIAN_POINT('',(1.316794919243E0,4.5E0,0.E0));
#4761=LINE('',#4760,#4759);
#4762=CURVE_STYLE('',#15,POSITIVE_LENGTH_MEASURE(2.E-2),#4443);
#4763=PRESENTATION_STYLE_ASSIGNMENT((#4762));
#4764=STYLED_ITEM('',(#4763),#4761);
#4765=CARTESIAN_POINT('',(0.E0,4.5E0,0.E0));
#4766=DIRECTION('',(0.E0,-1.E0,0.E0));
#4767=DIRECTION('',(1.E0,0.E0,0.E0));
#4768=AXIS2_PLACEMENT_3D('',#4765,#4766,#4767);
#4770=CURVE_STYLE('',#15,POSITIVE_LENGTH_MEASURE(2.E-2),#4443);
#4771=PRESENTATION_STYLE_ASSIGNMENT((#4770));
#4772=STYLED_ITEM('',(#4771),#4769);
#4773=CARTESIAN_POINT('',(0.E0,4.2E0,0.E0));
#4774=DIRECTION('',(0.E0,-1.E0,0.E0));
#4775=DIRECTION('',(1.E0,0.E0,0.E0));
#4776=AXIS2_PLACEMENT_3D('',#4773,#4774,#4775);
#4778=CURVE_STYLE('',#15,POSITIVE_LENGTH_MEASURE(2.E-2),#4443);
#4779=PRESENTATION_STYLE_ASSIGNMENT((#4778));
#4780=STYLED_ITEM('',(#4779),#4777);
#4781=CARTESIAN_POINT('',(-9.438546479834E-1,4.3885E0,3.303610199164E-1));
#4782=CARTESIAN_POINT('',(-9.534506478734E-1,4.380819520085E0,
2.796961169634E-1));
#4783=CARTESIAN_POINT('',(-9.645372816211E-1,4.365416732344E0,
1.777324275338E-1));
#4784=CARTESIAN_POINT('',(-9.571268761195E-1,4.342192552520E0,
2.680142967524E-2));
#4785=CARTESIAN_POINT('',(-9.265512693583E-1,4.318831917931E0,
-1.184424987083E-1));
#4786=CARTESIAN_POINT('',(-8.742976505655E-1,4.295344450146E0,
-2.543670255448E-1));
#4787=CARTESIAN_POINT('',(-8.024039318461E-1,4.271723979931E0,
-3.777470723691E-1));
#4788=CARTESIAN_POINT('',(-7.133994351827E-1,4.247966814442E0,
-4.857303242232E-1));
#4789=CARTESIAN_POINT('',(-6.102398841170E-1,4.224068791951E0,
-5.759375137209E-1));
#4790=CARTESIAN_POINT('',(-5.342233965806E-1,4.208039010514E0,
-6.229970608793E-1));
#4791=CARTESIAN_POINT('',(-4.949999563872E-1,4.2E0,-6.430453274667E-1));
#4793=CURVE_STYLE('',#15,POSITIVE_LENGTH_MEASURE(2.E-2),#4443);
#4794=PRESENTATION_STYLE_ASSIGNMENT((#4793));
#4795=STYLED_ITEM('',(#4794),#4792);
#4796=CARTESIAN_POINT('',(0.E0,4.2E0,0.E0));
#4797=DIRECTION('',(0.E0,1.E0,0.E0));
#4798=DIRECTION('',(-6.099814619682E-1,0.E0,-7.924156838776E-1));
#4799=AXIS2_PLACEMENT_3D('',#4796,#4797,#4798);
#4801=CURVE_STYLE('',#15,POSITIVE_LENGTH_MEASURE(2.E-2),#4443);
#4802=PRESENTATION_STYLE_ASSIGNMENT((#4801));
#4803=STYLED_ITEM('',(#4802),#4800);
#4804=CARTESIAN_POINT('',(8.913151361056E-1,4.279815136106E0,0.E0));
#4805=CARTESIAN_POINT('',(8.891386713E-1,4.277638671300E0,4.806522191341E-2));
#4806=CARTESIAN_POINT('',(8.769626412562E-1,4.273280600188E0,
1.435937177893E-1));
#4807=CARTESIAN_POINT('',(8.362160530973E-1,4.266751792717E0,
2.809031182467E-1));
#4808=CARTESIAN_POINT('',(7.735674910024E-1,4.260160113343E0,
4.100285417063E-1));
#4809=CARTESIAN_POINT('',(6.919347245464E-1,4.253611296962E0,
5.256464734933E-1));
#4810=CARTESIAN_POINT('',(5.918591451587E-1,4.246961370677E0,
6.272780849048E-1));
#4811=CARTESIAN_POINT('',(4.754941388194E-1,4.240214332114E0,
7.114578376698E-1));
#4812=CARTESIAN_POINT('',(3.477276762463E-1,4.233470657753E0,
7.743103561731E-1));
#4813=CARTESIAN_POINT('',(2.155949591584E-1,4.226884003667E0,
8.140687205780E-1));
#4814=CARTESIAN_POINT('',(7.773131126348E-2,4.220195707732E0,
8.319662674980E-1));
#4815=CARTESIAN_POINT('',(-6.204682532688E-2,4.213412040885E0,
8.264816171651E-1));
#4816=CARTESIAN_POINT('',(-1.971817538745E-1,4.206658480335E0,
7.979370844304E-1));
#4817=CARTESIAN_POINT('',(-2.810995161315E-1,4.202212151221E0,
7.649110243640E-1));
#4818=CARTESIAN_POINT('',(-3.210734183457E-1,4.2E0,7.452812288202E-1));
#4820=CURVE_STYLE('',#15,POSITIVE_LENGTH_MEASURE(2.E-2),#4443);
#4821=PRESENTATION_STYLE_ASSIGNMENT((#4820));
#4822=STYLED_ITEM('',(#4821),#4819);
#4823=DIRECTION('',(-7.071067811865E-1,-7.071067811865E-1,1.174118081715E-14));
#4824=VECTOR('',#4823,3.113884207487E-1);
#4825=CARTESIAN_POINT('',(1.1115E0,4.5E0,0.E0));
#4826=LINE('',#4825,#4824);
#4827=CURVE_STYLE('',#15,POSITIVE_LENGTH_MEASURE(2.E-2),#4443);
#4828=PRESENTATION_STYLE_ASSIGNMENT((#4827));
#4829=STYLED_ITEM('',(#4828),#4826);
#4830=CARTESIAN_POINT('',(0.E0,4.5E0,0.E0));
#4831=DIRECTION('',(0.E0,-1.E0,0.E0));
#4832=DIRECTION('',(1.E0,0.E0,0.E0));
#4833=AXIS2_PLACEMENT_3D('',#4830,#4831,#4832);
#4835=CURVE_STYLE('',#15,POSITIVE_LENGTH_MEASURE(2.E-2),#4443);
#4836=PRESENTATION_STYLE_ASSIGNMENT((#4835));
#4837=STYLED_ITEM('',(#4836),#4834);
#4838=DIRECTION('',(7.071067811865E-1,-7.071067811865E-1,0.E0));
#4839=VECTOR('',#4838,1.576848122046E-1);
#4840=CARTESIAN_POINT('',(-1.1115E0,4.5E0,0.E0));
#4841=LINE('',#4840,#4839);
#4842=CURVE_STYLE('',#15,POSITIVE_LENGTH_MEASURE(2.E-2),#4443);
#4843=PRESENTATION_STYLE_ASSIGNMENT((#4842));
#4844=STYLED_ITEM('',(#4843),#4841);
#4845=CARTESIAN_POINT('',(0.E0,4.3885E0,0.E0));
#4846=DIRECTION('',(0.E0,-1.E0,0.E0));
#4847=DIRECTION('',(-9.438546479834E-1,0.E0,3.303610199164E-1));
#4848=AXIS2_PLACEMENT_3D('',#4845,#4846,#4847);
#4850=CURVE_STYLE('',#15,POSITIVE_LENGTH_MEASURE(2.E-2),#4443);
#4851=PRESENTATION_STYLE_ASSIGNMENT((#4850));
#4852=STYLED_ITEM('',(#4851),#4849);
#4853=CARTESIAN_POINT('',(-8.115E-1,3.858235374937E0,0.E0));
#4854=CARTESIAN_POINT('',(-8.115E-1,3.861920193178E0,4.697042303789E-2));
#4855=CARTESIAN_POINT('',(-8.033617711074E-1,3.869324716107E0,
1.413686810574E-1));
#4856=CARTESIAN_POINT('',(-7.658984625723E-1,3.880613732722E0,
2.808948621089E-1));
#4857=CARTESIAN_POINT('',(-7.045312846014E-1,3.891852262927E0,
4.109601222587E-1));
#4858=CARTESIAN_POINT('',(-6.233275307392E-1,3.902847978324E0,
5.258477334382E-1));
#4859=CARTESIAN_POINT('',(-5.238330606473E-1,3.913833466351E0,
6.251234466254E-1));
#4860=CARTESIAN_POINT('',(-4.073776738900E-1,3.924942026394E0,
7.066265858158E-1));
#4861=CARTESIAN_POINT('',(-2.787078005332E-1,3.936032435167E0,
7.664605630267E-1));
#4862=CARTESIAN_POINT('',(-1.426034796241E-1,3.947047531752E0,
8.030705642121E-1));
#4863=CARTESIAN_POINT('',(7.857259736643E-4,3.958296534358E0,
8.157839599945E-1));
#4864=CARTESIAN_POINT('',(1.438991512688E-1,3.969526785657E0,
8.027915727091E-1));
#4865=CARTESIAN_POINT('',(2.791155937246E-1,3.980472380383E0,
7.663037900798E-1));
#4866=CARTESIAN_POINT('',(4.086717420729E-1,3.991641319615E0,
7.059946825274E-1));
#4867=CARTESIAN_POINT('',(5.267845154341E-1,4.002926224797E0,
6.228749320525E-1));
#4868=CARTESIAN_POINT('',(6.276603699132E-1,4.014141703068E0,
5.208057744168E-1));
#4869=CARTESIAN_POINT('',(7.076595039E-1,4.025114909079E0,4.054121510893E-1));
#4870=CARTESIAN_POINT('',(7.672588723577E-1,4.036208541848E0,
2.766005731554E-1));
#4871=CARTESIAN_POINT('',(8.033264630100E-1,4.047202411849E0,
1.406275248487E-1));
#4872=CARTESIAN_POINT('',(8.115E-1,4.054558439794E0,4.686993709416E-2));
#4873=CARTESIAN_POINT('',(8.115E-1,4.058235374937E0,0.E0));
#4875=CURVE_STYLE('',#15,POSITIVE_LENGTH_MEASURE(2.E-2),#4443);
#4876=PRESENTATION_STYLE_ASSIGNMENT((#4875));
#4877=STYLED_ITEM('',(#4876),#4874);
#4878=CARTESIAN_POINT('',(8.115E-1,3.925896426422E0,0.E0));
#4879=CARTESIAN_POINT('',(8.115E-1,3.922245497409E0,4.653843663317E-2));
#4880=CARTESIAN_POINT('',(8.034854614694E-1,3.914906718464E0,
1.400920637972E-1));
#4881=CARTESIAN_POINT('',(7.668637789918E-1,3.903752703908E0,
2.780488745071E-1));
#4882=CARTESIAN_POINT('',(7.062963278867E-1,3.892558093342E0,
4.078519842812E-1));
#4883=CARTESIAN_POINT('',(6.258204278677E-1,3.881580557744E0,
5.229777148663E-1));
#4884=CARTESIAN_POINT('',(5.251209276154E-1,3.870421419364E0,
6.242065264764E-1));
#4885=CARTESIAN_POINT('',(4.080911175930E-1,3.859256710367E0,
7.061493968156E-1));
#4886=CARTESIAN_POINT('',(2.809831425025E-1,3.848289889586E0,
7.655798480093E-1));
#4887=CARTESIAN_POINT('',(1.446125556075E-1,3.837242779423E0,
8.027511695338E-1));
#4888=CARTESIAN_POINT('',(9.434202612221E-4,3.825970188180E0,
8.157961752920E-1));
#4889=CARTESIAN_POINT('',(-1.428094501563E-1,3.814692524024E0,
8.030609355668E-1));
#4890=CARTESIAN_POINT('',(-2.791507194425E-1,3.803656758691E0,
7.662904864092E-1));
#4891=CARTESIAN_POINT('',(-4.069971776011E-1,3.792632708352E0,
7.067350814324E-1));
#4892=CARTESIAN_POINT('',(-5.226008124803E-1,3.781621993411E0,
6.261913467373E-1));
#4893=CARTESIAN_POINT('',(-6.234366074730E-1,3.770501313648E0,
5.258163767632E-1));
#4894=CARTESIAN_POINT('',(-7.044387305653E-1,3.759524786307E0,
4.110706088489E-1));
#4895=CARTESIAN_POINT('',(-7.658932976942E-1,3.748278117704E0,
2.809414271726E-1));
#4896=CARTESIAN_POINT('',(-8.033545819540E-1,3.736988401117E0,
1.414003282064E-1));
#4897=CARTESIAN_POINT('',(-8.115E-1,3.729582003460E0,4.698009544476E-2));
#4898=CARTESIAN_POINT('',(-8.115E-1,3.725896426422E0,0.E0));
#4900=CURVE_STYLE('',#15,POSITIVE_LENGTH_MEASURE(2.E-2),#4443);
#4901=PRESENTATION_STYLE_ASSIGNMENT((#4900));
#4902=STYLED_ITEM('',(#4901),#4899);
#4903=DIRECTION('',(0.E0,-1.E0,0.E0));
#4904=VECTOR('',#4903,1.323389485156E-1);
#4905=CARTESIAN_POINT('',(8.115E-1,4.058235374937E0,0.E0));
#4906=LINE('',#4905,#4904);
#4907=CURVE_STYLE('',#15,POSITIVE_LENGTH_MEASURE(2.E-2),#4443);
#4908=PRESENTATION_STYLE_ASSIGNMENT((#4907));
#4909=STYLED_ITEM('',(#4908),#4906);
#4910=CARTESIAN_POINT('',(-8.115E-1,3.458235374937E0,0.E0));
#4911=CARTESIAN_POINT('',(-8.115E-1,3.461920951976E0,4.698009544476E-2));
#4912=CARTESIAN_POINT('',(-8.033545819540E-1,3.469327349633E0,
1.414003282064E-1));
#4913=CARTESIAN_POINT('',(-7.658932976942E-1,3.480617066219E0,
2.809414271726E-1));
#4914=CARTESIAN_POINT('',(-7.044387305653E-1,3.491863734823E0,
4.110706088489E-1));
#4915=CARTESIAN_POINT('',(-6.234366074730E-1,3.502840262163E0,
5.258163767632E-1));
#4916=CARTESIAN_POINT('',(-5.226008124803E-1,3.513960941926E0,
6.261913467373E-1));
#4917=CARTESIAN_POINT('',(-4.069971776011E-1,3.524971656867E0,
7.067350814324E-1));
#4918=CARTESIAN_POINT('',(-2.791507194425E-1,3.535995707207E0,
7.662904864092E-1));
#4919=CARTESIAN_POINT('',(-1.428094501563E-1,3.547031472539E0,
8.030609355668E-1));
#4920=CARTESIAN_POINT('',(9.434202612228E-4,3.558309136695E0,
8.157961752920E-1));
#4921=CARTESIAN_POINT('',(1.446125556075E-1,3.569581727938E0,
8.027511695338E-1));
#4922=CARTESIAN_POINT('',(2.809831425025E-1,3.580628838101E0,
7.655798480093E-1));
#4923=CARTESIAN_POINT('',(4.080911175930E-1,3.591595658883E0,
7.061493968156E-1));
#4924=CARTESIAN_POINT('',(5.251209276154E-1,3.602760367879E0,
6.242065264764E-1));
#4925=CARTESIAN_POINT('',(6.258204278677E-1,3.613919506260E0,
5.229777148663E-1));
#4926=CARTESIAN_POINT('',(7.062963278867E-1,3.624897041858E0,
4.078519842812E-1));
#4927=CARTESIAN_POINT('',(7.668637789918E-1,3.636091652423E0,
2.780488745071E-1));
#4928=CARTESIAN_POINT('',(8.034854614694E-1,3.647245666979E0,
1.400920637972E-1));
#4929=CARTESIAN_POINT('',(8.115E-1,3.654584445925E0,4.653843663317E-2));
#4930=CARTESIAN_POINT('',(8.115E-1,3.658235374937E0,0.E0));
#4932=CURVE_STYLE('',#15,POSITIVE_LENGTH_MEASURE(2.E-2),#4443);
#4933=PRESENTATION_STYLE_ASSIGNMENT((#4932));
#4934=STYLED_ITEM('',(#4933),#4931);
#4935=CARTESIAN_POINT('',(8.115E-1,3.525896426422E0,0.E0));
#4936=CARTESIAN_POINT('',(8.115E-1,3.522211070490E0,4.697727699672E-2));
#4937=CARTESIAN_POINT('',(8.033572213885E-1,3.514805502237E0,
1.413876190799E-1));
#4938=CARTESIAN_POINT('',(7.658971401707E-1,3.503516630658E0,
2.809160243447E-1));
#4939=CARTESIAN_POINT('',(7.044894219239E-1,3.492275089974E0,
4.109975595691E-1));
#4940=CARTESIAN_POINT('',(6.234286237942E-1,3.481292505818E0,
5.257930166428E-1));
#4941=CARTESIAN_POINT('',(5.231613900703E-1,3.470230439692E0,
6.256713333008E-1));
#4942=CARTESIAN_POINT('',(4.077923946681E-1,3.459230595760E0,
7.063065968691E-1));
#4943=CARTESIAN_POINT('',(2.794345210740E-1,3.448159202820E0,
7.662039546131E-1));
#4944=CARTESIAN_POINT('',(1.432666733354E-1,3.437136810971E0,
8.029651510110E-1));
#4945=CARTESIAN_POINT('',(-4.738207145606E-4,3.425859372645E0,
8.158076048848E-1));
#4946=CARTESIAN_POINT('',(-1.441994459868E-1,3.414582396701E0,
8.028036081416E-1));
#4947=CARTESIAN_POINT('',(-2.802480589133E-1,3.403564673975E0,
7.658707243974E-1));
#4948=CARTESIAN_POINT('',(-4.084886536628E-1,3.392503943193E0,
7.060165392583E-1));
#4949=CARTESIAN_POINT('',(-5.263067940802E-1,3.381253513961E0,
6.232655274665E-1));
#4950=CARTESIAN_POINT('',(-6.270653924719E-1,3.370061032253E0,
5.214931231536E-1));
#4951=CARTESIAN_POINT('',(-7.072166849471E-1,3.359090127096E0,
4.062403778088E-1));
#4952=CARTESIAN_POINT('',(-7.672707718714E-1,3.347930826333E0,
2.767082224022E-1));
#4953=CARTESIAN_POINT('',(-8.033912574083E-1,3.336902246314E0,
1.402842472151E-1));
#4954=CARTESIAN_POINT('',(-8.115E-1,3.329559158352E0,4.668888857590E-2));
#4955=CARTESIAN_POINT('',(-8.115E-1,3.325896426422E0,0.E0));
#4957=CURVE_STYLE('',#15,POSITIVE_LENGTH_MEASURE(2.E-2),#4443);
#4958=PRESENTATION_STYLE_ASSIGNMENT((#4957));
#4959=STYLED_ITEM('',(#4958),#4956);
#4960=DIRECTION('',(0.E0,-1.E0,0.E0));
#4961=VECTOR('',#4960,1.323389485154E-1);
#4962=CARTESIAN_POINT('',(8.115E-1,3.658235374937E0,0.E0));
#4963=LINE('',#4962,#4961);
#4964=CURVE_STYLE('',#15,POSITIVE_LENGTH_MEASURE(2.E-2),#4443);
#4965=PRESENTATION_STYLE_ASSIGNMENT((#4964));
#4966=STYLED_ITEM('',(#4965),#4963);
#4967=CARTESIAN_POINT('',(-8.115E-1,3.058235374937E0,0.E0));
#4968=CARTESIAN_POINT('',(-8.115E-1,3.061898106868E0,4.668888857590E-2));
#4969=CARTESIAN_POINT('',(-8.033912574083E-1,3.069241194829E0,
1.402842472151E-1));
#4970=CARTESIAN_POINT('',(-7.672707718714E-1,3.080269774849E0,
2.767082224022E-1));
#4971=CARTESIAN_POINT('',(-7.072166849471E-1,3.091429075612E0,
4.062403778088E-1));
#4972=CARTESIAN_POINT('',(-6.270653924719E-1,3.102399980769E0,
5.214931231536E-1));
#4973=CARTESIAN_POINT('',(-5.263067940802E-1,3.113592462477E0,
6.232655274665E-1));
#4974=CARTESIAN_POINT('',(-4.084886536628E-1,3.124842891709E0,
7.060165392583E-1));
#4975=CARTESIAN_POINT('',(-2.802480589133E-1,3.135903622490E0,
7.658707243974E-1));
#4976=CARTESIAN_POINT('',(-1.441994459868E-1,3.146921345216E0,
8.028036081416E-1));
#4977=CARTESIAN_POINT('',(-4.738207145643E-4,3.158198321161E0,
8.158076048848E-1));
#4978=CARTESIAN_POINT('',(1.432666733354E-1,3.169475759486E0,
8.029651510110E-1));
#4979=CARTESIAN_POINT('',(2.794345210740E-1,3.180498151335E0,
7.662039546131E-1));
#4980=CARTESIAN_POINT('',(4.077923946681E-1,3.191569544276E0,
7.063065968691E-1));
#4981=CARTESIAN_POINT('',(5.231613900703E-1,3.202569388208E0,
6.256713333008E-1));
#4982=CARTESIAN_POINT('',(6.234286237942E-1,3.213631454334E0,
5.257930166428E-1));
#4983=CARTESIAN_POINT('',(7.044894219239E-1,3.224614038490E0,
4.109975595691E-1));
#4984=CARTESIAN_POINT('',(7.658971401707E-1,3.235855579173E0,
2.809160243447E-1));
#4985=CARTESIAN_POINT('',(8.033572213885E-1,3.247144450752E0,
1.413876190799E-1));
#4986=CARTESIAN_POINT('',(8.115E-1,3.254550019005E0,4.697727699672E-2));
#4987=CARTESIAN_POINT('',(8.115E-1,3.258235374937E0,0.E0));
#4989=CURVE_STYLE('',#15,POSITIVE_LENGTH_MEASURE(2.E-2),#4443);
#4990=PRESENTATION_STYLE_ASSIGNMENT((#4989));
#4991=STYLED_ITEM('',(#4990),#4988);
#4992=CARTESIAN_POINT('',(8.115E-1,3.125896426422E0,0.E0));
#4993=CARTESIAN_POINT('',(8.115E-1,3.122210245095E0,4.698779831419E-2));
#4994=CARTESIAN_POINT('',(8.033542039993E-1,3.114803030376E0,
1.414197850549E-1));
#4995=CARTESIAN_POINT('',(7.658745796792E-1,3.103511571731E0,
2.809753098790E-1));
#4996=CARTESIAN_POINT('',(7.044506798865E-1,3.092267717637E0,
4.110882422484E-1));
#4997=CARTESIAN_POINT('',(6.233284386127E-1,3.081283773162E0,
5.258477086486E-1));
#4998=CARTESIAN_POINT('',(5.234959950294E-1,3.070259984180E0,
6.254861804221E-1));
#4999=CARTESIAN_POINT('',(4.059152757738E-1,3.059055813810E0,
7.075268021095E-1));
#5000=CARTESIAN_POINT('',(2.768206156342E-1,3.047942832194E0,
7.671418672509E-1));
#5001=CARTESIAN_POINT('',(1.407249753629E-1,3.036935677972E0,
8.033926714598E-1));
#5002=CARTESIAN_POINT('',(-2.133448147593E-3,3.025729987943E0,
8.157037030274E-1));
#5003=CARTESIAN_POINT('',(-1.436112207480E-1,3.014627028767E0,
8.027791237990E-1));
#5004=CARTESIAN_POINT('',(-2.786599606480E-1,3.003697337683E0,
7.664801746158E-1));
#5005=CARTESIAN_POINT('',(-4.083386366913E-1,2.992520842752E0,
7.061925012522E-1));
#5006=CARTESIAN_POINT('',(-5.265094461438E-1,2.981233235550E0,
6.231017192951E-1));
#5007=CARTESIAN_POINT('',(-6.274506284944E-1,2.970017863915E0,
5.210892899093E-1));
#5008=CARTESIAN_POINT('',(-7.075354974569E-1,2.959030117531E0,
4.055408342679E-1));
#5009=CARTESIAN_POINT('',(-7.668238605545E-1,2.948022649215E0,
2.777939262676E-1));
#5010=CARTESIAN_POINT('',(-8.033554809689E-1,2.936942134227E0,
1.408027208311E-1));
#5011=CARTESIAN_POINT('',(-8.115E-1,2.929578443434E0,4.693471574308E-2));
#5012=CARTESIAN_POINT('',(-8.115E-1,2.925896426422E0,0.E0));
#5014=CURVE_STYLE('',#15,POSITIVE_LENGTH_MEASURE(2.E-2),#4443);
#5015=PRESENTATION_STYLE_ASSIGNMENT((#5014));
#5016=STYLED_ITEM('',(#5015),#5013);
#5017=DIRECTION('',(0.E0,-1.E0,0.E0));
#5018=VECTOR('',#5017,1.323389485155E-1);
#5019=CARTESIAN_POINT('',(8.115E-1,3.258235374937E0,0.E0));
#5020=LINE('',#5019,#5018);
#5021=CURVE_STYLE('',#15,POSITIVE_LENGTH_MEASURE(2.E-2),#4443);
#5022=PRESENTATION_STYLE_ASSIGNMENT((#5021));
#5023=STYLED_ITEM('',(#5022),#5020);
#5024=CARTESIAN_POINT('',(-8.115E-1,2.658235374937E0,0.E0));
#5025=CARTESIAN_POINT('',(-8.115E-1,2.661917391949E0,4.693471574308E-2));
#5026=CARTESIAN_POINT('',(-8.033554809689E-1,2.669281082743E0,
1.408027208311E-1));
#5027=CARTESIAN_POINT('',(-7.668238605545E-1,2.680361597731E0,
2.777939262676E-1));
#5028=CARTESIAN_POINT('',(-7.075354974569E-1,2.691369066047E0,
4.055408342679E-1));
#5029=CARTESIAN_POINT('',(-6.274506284944E-1,2.702356812430E0,
5.210892899092E-1));
#5030=CARTESIAN_POINT('',(-5.265094461438E-1,2.713572184066E0,
6.231017192951E-1));
#5031=CARTESIAN_POINT('',(-4.083386366913E-1,2.724859791268E0,
7.061925012522E-1));
#5032=CARTESIAN_POINT('',(-2.786599606480E-1,2.736036286199E0,
7.664801746158E-1));
#5033=CARTESIAN_POINT('',(-1.436112207480E-1,2.746965977283E0,
8.027791237990E-1));
#5034=CARTESIAN_POINT('',(-2.133448147591E-3,2.758068936459E0,
8.157037030274E-1));
#5035=CARTESIAN_POINT('',(1.407249753629E-1,2.769274626488E0,
8.033926714598E-1));
#5036=CARTESIAN_POINT('',(2.768206156343E-1,2.780281780709E0,
7.671418672509E-1));
#5037=CARTESIAN_POINT('',(4.059152757738E-1,2.791394762326E0,
7.075268021095E-1));
#5038=CARTESIAN_POINT('',(5.234959950294E-1,2.802598932696E0,
6.254861804221E-1));
#5039=CARTESIAN_POINT('',(6.233284386127E-1,2.813622721678E0,
5.258477086486E-1));
#5040=CARTESIAN_POINT('',(7.044506798865E-1,2.824606666153E0,
4.110882422484E-1));
#5041=CARTESIAN_POINT('',(7.658745796792E-1,2.835850520246E0,
2.809753098790E-1));
#5042=CARTESIAN_POINT('',(8.033542039993E-1,2.847141978892E0,
1.414197850549E-1));
#5043=CARTESIAN_POINT('',(8.115E-1,2.854549193610E0,4.698779831419E-2));
#5044=CARTESIAN_POINT('',(8.115E-1,2.858235374937E0,0.E0));
#5046=CURVE_STYLE('',#15,POSITIVE_LENGTH_MEASURE(2.E-2),#4443);
#5047=PRESENTATION_STYLE_ASSIGNMENT((#5046));
#5048=STYLED_ITEM('',(#5047),#5045);
#5049=CARTESIAN_POINT('',(8.115E-1,2.725896426422E0,0.E0));
#5050=CARTESIAN_POINT('',(8.115E-1,2.722215342301E0,4.692282416055E-2));
#5051=CARTESIAN_POINT('',(8.033785134971E-1,2.714827968977E0,
1.410997527348E-1));
#5052=CARTESIAN_POINT('',(7.661766581938E-1,2.703591584585E0,
2.799967395022E-1));
#5053=CARTESIAN_POINT('',(7.054797256645E-1,2.692439003248E0,
4.091424238926E-1));
#5054=CARTESIAN_POINT('',(6.253093425696E-1,2.681518058463E0,
5.235934203108E-1));
#5055=CARTESIAN_POINT('',(5.239295218390E-1,2.670295403953E0,
6.252914653666E-1));
#5056=CARTESIAN_POINT('',(4.055391663841E-1,2.659021411572E0,
7.077656436373E-1));
#5057=CARTESIAN_POINT('',(2.760636774120E-1,2.647879701945E0,
7.674299309460E-1));
#5058=CARTESIAN_POINT('',(1.402804678099E-1,2.636901659974E0,
8.033896210275E-1));
#5059=CARTESIAN_POINT('',(-5.229086872313E-4,2.625855572736E0,
8.155891801559E-1));
#5060=CARTESIAN_POINT('',(-1.409714860885E-1,2.614836309148E0,
8.032528632002E-1));
#5061=CARTESIAN_POINT('',(-2.767388655588E-1,2.603857198090E0,
7.671924730366E-1));
#5062=CARTESIAN_POINT('',(-4.061846171448E-1,2.592713442879E0,
7.073959773077E-1));
#5063=CARTESIAN_POINT('',(-5.245014798384E-1,2.581439039626E0,
6.248095512580E-1));
#5064=CARTESIAN_POINT('',(-6.257754327410E-1,2.570218418580E0,
5.230406066204E-1));
#5065=CARTESIAN_POINT('',(-7.058268313914E-1,2.559297774892E0,
4.085137637164E-1));
#5066=CARTESIAN_POINT('',(-7.662466913084E-1,2.548180477455E0,
2.797380692407E-1));
#5067=CARTESIAN_POINT('',(-8.033849169469E-1,2.536959136211E0,
1.410269795146E-1));
#5068=CARTESIAN_POINT('',(-8.115E-1,2.529576889048E0,4.691490197351E-2));
#5069=CARTESIAN_POINT('',(-8.115E-1,2.525896426422E0,0.E0));
#5071=CURVE_STYLE('',#15,POSITIVE_LENGTH_MEASURE(2.E-2),#4443);
#5072=PRESENTATION_STYLE_ASSIGNMENT((#5071));
#5073=STYLED_ITEM('',(#5072),#5070);
#5074=DIRECTION('',(0.E0,-1.E0,0.E0));
#5075=VECTOR('',#5074,1.323389485156E-1);
#5076=CARTESIAN_POINT('',(8.115E-1,2.858235374937E0,0.E0));
#5077=LINE('',#5076,#5075);
#5078=CURVE_STYLE('',#15,POSITIVE_LENGTH_MEASURE(2.E-2),#4443);
#5079=PRESENTATION_STYLE_ASSIGNMENT((#5078));
#5080=STYLED_ITEM('',(#5079),#5077);
#5081=CARTESIAN_POINT('',(-8.115E-1,2.258235374937E0,0.E0));
#5082=CARTESIAN_POINT('',(-8.115E-1,2.261915837564E0,4.691490197350E-2));
#5083=CARTESIAN_POINT('',(-8.033849169469E-1,2.269298084727E0,
1.410269795146E-1));
#5084=CARTESIAN_POINT('',(-7.662466913084E-1,2.280519425970E0,
2.797380692407E-1));
#5085=CARTESIAN_POINT('',(-7.058268313914E-1,2.291636723407E0,
4.085137637164E-1));
#5086=CARTESIAN_POINT('',(-6.257754327410E-1,2.302557367095E0,
5.230406066204E-1));
#5087=CARTESIAN_POINT('',(-5.245014798384E-1,2.313777988142E0,
6.248095512580E-1));
#5088=CARTESIAN_POINT('',(-4.061846171448E-1,2.325052391394E0,
7.073959773077E-1));
#5089=CARTESIAN_POINT('',(-2.767388655588E-1,2.336196146605E0,
7.671924730366E-1));
#5090=CARTESIAN_POINT('',(-1.409714860885E-1,2.347175257664E0,
8.032528632002E-1));
#5091=CARTESIAN_POINT('',(-5.229086872288E-4,2.358194521251E0,
8.155891801559E-1));
#5092=CARTESIAN_POINT('',(1.402804678099E-1,2.369240608490E0,
8.033896210275E-1));
#5093=CARTESIAN_POINT('',(2.760636774120E-1,2.380218650461E0,
7.674299309460E-1));
#5094=CARTESIAN_POINT('',(4.055391663841E-1,2.391360360087E0,
7.077656436373E-1));
#5095=CARTESIAN_POINT('',(5.239295218390E-1,2.402634352468E0,
6.252914653666E-1));
#5096=CARTESIAN_POINT('',(6.253093425696E-1,2.413857006978E0,
5.235934203108E-1));
#5097=CARTESIAN_POINT('',(7.054797256645E-1,2.424777951763E0,
4.091424238926E-1));
#5098=CARTESIAN_POINT('',(7.661766581938E-1,2.435930533100E0,
2.799967395022E-1));
#5099=CARTESIAN_POINT('',(8.033785134971E-1,2.447166917492E0,
1.410997527348E-1));
#5100=CARTESIAN_POINT('',(8.115E-1,2.454554290817E0,4.692282416056E-2));
#5101=CARTESIAN_POINT('',(8.115E-1,2.458235374937E0,0.E0));
#5103=CURVE_STYLE('',#15,POSITIVE_LENGTH_MEASURE(2.E-2),#4443);
#5104=PRESENTATION_STYLE_ASSIGNMENT((#5103));
#5105=STYLED_ITEM('',(#5104),#5102);
#5106=CARTESIAN_POINT('',(8.115E-1,2.325896426422E0,0.E0));
#5107=CARTESIAN_POINT('',(8.115E-1,2.322214361253E0,4.693532959315E-2));
#5108=CARTESIAN_POINT('',(8.033538255966E-1,2.314850710288E0,
1.408024483513E-1));
#5109=CARTESIAN_POINT('',(7.668357428902E-1,2.303773070387E0,
2.777592386903E-1));
#5110=CARTESIAN_POINT('',(7.075451437999E-1,2.292764071739E0,
4.055264979658E-1));
#5111=CARTESIAN_POINT('',(6.274565114430E-1,2.281775667164E0,
5.210829953565E-1));
#5112=CARTESIAN_POINT('',(5.265069328782E-1,2.270559330593E0,
6.231043543469E-1));
#5113=CARTESIAN_POINT('',(4.083368965011E-1,2.259271871732E0,
7.061932477152E-1));
#5114=CARTESIAN_POINT('',(2.786662351245E-1,2.248096065303E0,
7.664764050458E-1));
#5115=CARTESIAN_POINT('',(1.436337566096E-1,2.237167593665E0,
8.027767367619E-1));
#5116=CARTESIAN_POINT('',(2.095300592990E-3,2.226059879895E0,
8.157066235668E-1));
#5117=CARTESIAN_POINT('',(-1.407748275978E-1,2.214853231635E0,
8.033837949802E-1));
#5118=CARTESIAN_POINT('',(-2.768698919208E-1,2.203845935999E0,
7.671243548470E-1));
#5119=CARTESIAN_POINT('',(-4.059603963138E-1,2.192732958572E0,
7.075002311184E-1));
#5120=CARTESIAN_POINT('',(-5.235136848201E-1,2.181530891598E0,
6.254679243808E-1));
#5121=CARTESIAN_POINT('',(-6.233175295831E-1,2.170510334029E0,
5.258595317415E-1));
#5122=CARTESIAN_POINT('',(-7.044529101923E-1,2.159524979884E0,
4.110873122219E-1));
#5123=CARTESIAN_POINT('',(-7.658796043002E-1,2.148280174820E0,
2.809619947347E-1));
#5124=CARTESIAN_POINT('',(-8.033556805769E-1,2.136988978774E0,
1.414090607564E-1));
#5125=CARTESIAN_POINT('',(-8.115E-1,2.129582247326E0,4.698320400017E-2));
#5126=CARTESIAN_POINT('',(-8.115E-1,2.125896426422E0,0.E0));
#5128=CURVE_STYLE('',#15,POSITIVE_LENGTH_MEASURE(2.E-2),#4443);
#5129=PRESENTATION_STYLE_ASSIGNMENT((#5128));
#5130=STYLED_ITEM('',(#5129),#5127);
#5131=DIRECTION('',(0.E0,-1.E0,0.E0));
#5132=VECTOR('',#5131,1.323389485154E-1);
#5133=CARTESIAN_POINT('',(8.115E-1,2.458235374937E0,0.E0));
#5134=LINE('',#5133,#5132);
#5135=CURVE_STYLE('',#15,POSITIVE_LENGTH_MEASURE(2.E-2),#4443);
#5136=PRESENTATION_STYLE_ASSIGNMENT((#5135));
#5137=STYLED_ITEM('',(#5136),#5134);
#5138=CARTESIAN_POINT('',(-8.115E-1,1.858235374937E0,0.E0));
#5139=CARTESIAN_POINT('',(-8.115E-1,1.861921195841E0,4.698320400017E-2));
#5140=CARTESIAN_POINT('',(-8.033556805769E-1,1.869327927290E0,
1.414090607564E-1));
#5141=CARTESIAN_POINT('',(-7.658796043002E-1,1.880619123335E0,
2.809619947347E-1));
#5142=CARTESIAN_POINT('',(-7.044529101923E-1,1.891863928400E0,
4.110873122219E-1));
#5143=CARTESIAN_POINT('',(-6.233175295831E-1,1.902849282545E0,
5.258595317415E-1));
#5144=CARTESIAN_POINT('',(-5.235136848201E-1,1.913869840113E0,
6.254679243808E-1));
#5145=CARTESIAN_POINT('',(-4.059603963138E-1,1.925071907087E0,
7.075002311184E-1));
#5146=CARTESIAN_POINT('',(-2.768698919209E-1,1.936184884515E0,
7.671243548470E-1));
#5147=CARTESIAN_POINT('',(-1.407748275978E-1,1.947192180150E0,
8.033837949802E-1));
#5148=CARTESIAN_POINT('',(2.095300592986E-3,1.958398828411E0,
8.157066235668E-1));
#5149=CARTESIAN_POINT('',(1.436337566096E-1,1.969506542180E0,
8.027767367619E-1));
#5150=CARTESIAN_POINT('',(2.786662351245E-1,1.980435013819E0,
7.664764050458E-1));
#5151=CARTESIAN_POINT('',(4.083368965011E-1,1.991610820247E0,
7.061932477152E-1));
#5152=CARTESIAN_POINT('',(5.265069328782E-1,2.002898279109E0,
6.231043543469E-1));
#5153=CARTESIAN_POINT('',(6.274565114430E-1,2.014114615680E0,
5.210829953565E-1));
#5154=CARTESIAN_POINT('',(7.075451437999E-1,2.025103020254E0,
4.055264979659E-1));
#5155=CARTESIAN_POINT('',(7.668357428902E-1,2.036112018902E0,
2.777592386903E-1));
#5156=CARTESIAN_POINT('',(8.033538255966E-1,2.047189658804E0,
1.408024483513E-1));
#5157=CARTESIAN_POINT('',(8.115E-1,2.054553309769E0,4.693532959315E-2));
#5158=CARTESIAN_POINT('',(8.115E-1,2.058235374937E0,0.E0));
#5160=CURVE_STYLE('',#15,POSITIVE_LENGTH_MEASURE(2.E-2),#4443);
#5161=PRESENTATION_STYLE_ASSIGNMENT((#5160));
#5162=STYLED_ITEM('',(#5161),#5159);
#5163=CARTESIAN_POINT('',(8.115E-1,1.925896426422E0,0.E0));
#5164=CARTESIAN_POINT('',(8.115E-1,1.922234078166E0,4.668399786878E-2));
#5165=CARTESIAN_POINT('',(8.033941630543E-1,1.914891209569E0,
1.402769428494E-1));
#5166=CARTESIAN_POINT('',(7.672602859849E-1,1.903859196220E0,
2.767429336907E-1));
#5167=CARTESIAN_POINT('',(7.071934377505E-1,1.892699055017E0,
4.062813524479E-1));
#5168=CARTESIAN_POINT('',(6.270305020205E-1,1.881727523895E0,
5.215356466478E-1));
#5169=CARTESIAN_POINT('',(5.262651429637E-1,1.870535129639E0,
6.233000053346E-1));
#5170=CARTESIAN_POINT('',(4.084646101712E-1,1.859286889048E0,
7.060264845038E-1));
#5171=CARTESIAN_POINT('',(2.802794840972E-1,1.848230824303E0,
7.658580961968E-1));
#5172=CARTESIAN_POINT('',(1.442076935879E-1,1.837211076539E0,
8.028039438010E-1));
#5173=CARTESIAN_POINT('',(4.741411486775E-4,1.825933512350E0,
8.158073077614E-1));
#5174=CARTESIAN_POINT('',(-1.432602248270E-1,1.814656546326E0,
8.029659945387E-1));
#5175=CARTESIAN_POINT('',(-2.794251453573E-1,1.803634427887E0,
7.662071852533E-1));
#5176=CARTESIAN_POINT('',(-4.077753480212E-1,1.792563734973E0,
7.063150846652E-1));
#5177=CARTESIAN_POINT('',(-5.231347099061E-1,1.781565165615E0,
6.256943099686E-1));
#5178=CARTESIAN_POINT('',(-6.234244020206E-1,1.770500949064E0,
5.257996716809E-1));
#5179=CARTESIAN_POINT('',(-7.044872642505E-1,1.759518164788E0,
4.110021555134E-1));
#5180=CARTESIAN_POINT('',(-7.659019126531E-1,1.748275271831E0,
2.809048569406E-1));
#5181=CARTESIAN_POINT('',(-8.033583613478E-1,1.736986631384E0,
1.413783998457E-1));
#5182=CARTESIAN_POINT('',(-8.115E-1,1.729581457293E0,4.697313344391E-2));
#5183=CARTESIAN_POINT('',(-8.115E-1,1.725896426422E0,0.E0));
#5185=CURVE_STYLE('',#15,POSITIVE_LENGTH_MEASURE(2.E-2),#4443);
#5186=PRESENTATION_STYLE_ASSIGNMENT((#5185));
#5187=STYLED_ITEM('',(#5186),#5184);
#5188=DIRECTION('',(0.E0,-1.E0,0.E0));
#5189=VECTOR('',#5188,1.323389485155E-1);
#5190=CARTESIAN_POINT('',(8.115E-1,2.058235374937E0,0.E0));
#5191=LINE('',#5190,#5189);
#5192=CURVE_STYLE('',#15,POSITIVE_LENGTH_MEASURE(2.E-2),#4443);
#5193=PRESENTATION_STYLE_ASSIGNMENT((#5192));
#5194=STYLED_ITEM('',(#5193),#5191);
#5195=CARTESIAN_POINT('',(-8.115E-1,1.458235374937E0,0.E0));
#5196=CARTESIAN_POINT('',(-8.115E-1,1.461920405808E0,4.697313344391E-2));
#5197=CARTESIAN_POINT('',(-8.033583613478E-1,1.469325579899E0,
1.413783998457E-1));
#5198=CARTESIAN_POINT('',(-7.659019126531E-1,1.480614220347E0,
2.809048569406E-1));
#5199=CARTESIAN_POINT('',(-7.044872642505E-1,1.491857113304E0,
4.110021555134E-1));
#5200=CARTESIAN_POINT('',(-6.234244020206E-1,1.502839897580E0,
5.257996716809E-1));
#5201=CARTESIAN_POINT('',(-5.231347099061E-1,1.513904114130E0,
6.256943099686E-1));
#5202=CARTESIAN_POINT('',(-4.077753480212E-1,1.524902683489E0,
7.063150846652E-1));
#5203=CARTESIAN_POINT('',(-2.794251453573E-1,1.535973376402E0,
7.662071852533E-1));
#5204=CARTESIAN_POINT('',(-1.432602248270E-1,1.546995494841E0,
8.029659945387E-1));
#5205=CARTESIAN_POINT('',(4.741411486834E-4,1.558272460866E0,
8.158073077614E-1));
#5206=CARTESIAN_POINT('',(1.442076935879E-1,1.569550025055E0,
8.028039438010E-1));
#5207=CARTESIAN_POINT('',(2.802794840972E-1,1.580569772818E0,
7.658580961968E-1));
#5208=CARTESIAN_POINT('',(4.084646101712E-1,1.591625837563E0,
7.060264845038E-1));
#5209=CARTESIAN_POINT('',(5.262651429637E-1,1.602874078154E0,
6.233000053346E-1));
#5210=CARTESIAN_POINT('',(6.270305020205E-1,1.614066472410E0,
5.215356466478E-1));
#5211=CARTESIAN_POINT('',(7.071934377505E-1,1.625038003532E0,
4.062813524479E-1));
#5212=CARTESIAN_POINT('',(7.672602859849E-1,1.636198144736E0,
2.767429336907E-1));
#5213=CARTESIAN_POINT('',(8.033941630543E-1,1.647230158085E0,
1.402769428494E-1));
#5214=CARTESIAN_POINT('',(8.115E-1,1.654573026681E0,4.668399786878E-2));
#5215=CARTESIAN_POINT('',(8.115E-1,1.658235374937E0,0.E0));
#5217=CURVE_STYLE('',#15,POSITIVE_LENGTH_MEASURE(2.E-2),#4443);
#5218=PRESENTATION_STYLE_ASSIGNMENT((#5217));
#5219=STYLED_ITEM('',(#5218),#5216);
#5220=CARTESIAN_POINT('',(8.115E-1,1.525896426422E0,0.E0));
#5221=CARTESIAN_POINT('',(8.115E-1,1.522220777925E0,4.685353619657E-2));
#5222=CARTESIAN_POINT('',(8.033980373250E-1,1.514831607339E0,
1.410545376175E-1));
#5223=CARTESIAN_POINT('',(7.660868502581E-1,1.503560981429E0,
2.803808912721E-1));
#5224=CARTESIAN_POINT('',(7.047929915318E-1,1.492323233241E0,
4.104590478637E-1));
#5225=CARTESIAN_POINT('',(6.238785045715E-1,1.481344718390E0,
5.252967606102E-1));
#5226=CARTESIAN_POINT('',(5.230268007643E-1,1.470213010032E0,
6.258602977325E-1));
#5227=CARTESIAN_POINT('',(4.071837658096E-1,1.459176811557E0,
7.066299607520E-1));
#5228=CARTESIAN_POINT('',(2.795488197188E-1,1.448169457966E0,
7.661372954239E-1));
#5229=CARTESIAN_POINT('',(1.431468137748E-1,1.437126919687E0,
8.030073928451E-1));
#5230=CARTESIAN_POINT('',(-6.190915919119E-4,1.425848013921E0,
8.157959852919E-1));
#5231=CARTESIAN_POINT('',(-1.443107850164E-1,1.414573999533E0,
8.028073051267E-1));
#5232=CARTESIAN_POINT('',(-2.807334798207E-1,1.403523863499E0,
7.656749104438E-1));
#5233=CARTESIAN_POINT('',(-4.078306985670E-1,1.392559031302E0,
7.062851956516E-1));
#5234=CARTESIAN_POINT('',(-5.246321137241E-1,1.381420302861E0,
6.245977742978E-1));
#5235=CARTESIAN_POINT('',(-6.253674548238E-1,1.370267426944E0,
5.235202485087E-1));
#5236=CARTESIAN_POINT('',(-7.059593268516E-1,1.359287716098E0,
4.084412729467E-1));
#5237=CARTESIAN_POINT('',(-7.667032206091E-1,1.348081000984E0,
2.785473469458E-1));
#5238=CARTESIAN_POINT('',(-8.034832365113E-1,1.336895404180E0,
1.402124150875E-1));
#5239=CARTESIAN_POINT('',(-8.115E-1,1.329549607127E0,4.656713899832E-2));
#5240=CARTESIAN_POINT('',(-8.115E-1,1.325896426422E0,0.E0));
#5242=CURVE_STYLE('',#15,POSITIVE_LENGTH_MEASURE(2.E-2),#4443);
#5243=PRESENTATION_STYLE_ASSIGNMENT((#5242));
#5244=STYLED_ITEM('',(#5243),#5241);
#5245=DIRECTION('',(0.E0,-1.E0,0.E0));
#5246=VECTOR('',#5245,1.323389485156E-1);
#5247=CARTESIAN_POINT('',(8.115E-1,1.658235374937E0,0.E0));
#5248=LINE('',#5247,#5246);
#5249=CURVE_STYLE('',#15,POSITIVE_LENGTH_MEASURE(2.E-2),#4443);
#5250=PRESENTATION_STYLE_ASSIGNMENT((#5249));
#5251=STYLED_ITEM('',(#5250),#5248);
#5252=CARTESIAN_POINT('',(-8.115E-1,1.058235374937E0,0.E0));
#5253=CARTESIAN_POINT('',(-8.115E-1,1.061888555643E0,4.656713899832E-2));
#5254=CARTESIAN_POINT('',(-8.034832365113E-1,1.069234352695E0,
1.402124150875E-1));
#5255=CARTESIAN_POINT('',(-7.667032206091E-1,1.080419949499E0,
2.785473469458E-1));
#5256=CARTESIAN_POINT('',(-7.059593268516E-1,1.091626664614E0,
4.084412729467E-1));
#5257=CARTESIAN_POINT('',(-6.253674548238E-1,1.102606375460E0,
5.235202485087E-1));
#5258=CARTESIAN_POINT('',(-5.246321137241E-1,1.113759251377E0,
6.245977742978E-1));
#5259=CARTESIAN_POINT('',(-4.078306985670E-1,1.124897979817E0,
7.062851956516E-1));
#5260=CARTESIAN_POINT('',(-2.807334798207E-1,1.135862812014E0,
7.656749104438E-1));
#5261=CARTESIAN_POINT('',(-1.443107850164E-1,1.146912948048E0,
8.028073051267E-1));
#5262=CARTESIAN_POINT('',(-6.190915919140E-4,1.158186962437E0,
8.157959852919E-1));
#5263=CARTESIAN_POINT('',(1.431468137748E-1,1.169465868203E0,
8.030073928451E-1));
#5264=CARTESIAN_POINT('',(2.795488197188E-1,1.180508406482E0,
7.661372954239E-1));
#5265=CARTESIAN_POINT('',(4.071837658096E-1,1.191515760073E0,
7.066299607520E-1));
#5266=CARTESIAN_POINT('',(5.230268007643E-1,1.202551958547E0,
6.258602977325E-1));
#5267=CARTESIAN_POINT('',(6.238785045716E-1,1.213683666906E0,
5.252967606102E-1));
#5268=CARTESIAN_POINT('',(7.047929915318E-1,1.224662181756E0,
4.104590478637E-1));
#5269=CARTESIAN_POINT('',(7.660868502581E-1,1.235899929945E0,
2.803808912721E-1));
#5270=CARTESIAN_POINT('',(8.033980373250E-1,1.247170555855E0,
1.410545376175E-1));
#5271=CARTESIAN_POINT('',(8.115E-1,1.254559726441E0,4.685353619657E-2));
#5272=CARTESIAN_POINT('',(8.115E-1,1.258235374937E0,0.E0));
#5274=CURVE_STYLE('',#15,POSITIVE_LENGTH_MEASURE(2.E-2),#4443);
#5275=PRESENTATION_STYLE_ASSIGNMENT((#5274));
#5276=STYLED_ITEM('',(#5275),#5273);
#5277=CARTESIAN_POINT('',(8.115E-1,1.125896426422E0,0.E0));
#5278=CARTESIAN_POINT('',(8.115E-1,1.122211138346E0,4.697641202514E-2));
#5279=CARTESIAN_POINT('',(8.033599165559E-1,1.114805922677E0,
1.413835237871E-1));
#5280=CARTESIAN_POINT('',(7.658903874014E-1,1.103516267172E0,
2.809164681672E-1));
#5281=CARTESIAN_POINT('',(7.045242534067E-1,1.092278519997E0,
4.109711980008E-1));
#5282=CARTESIAN_POINT('',(6.233220242242E-1,1.081283197557E0,
5.258534279046E-1));
#5283=CARTESIAN_POINT('',(5.238288730940E-1,1.070297810570E0,
6.251290024873E-1));
#5284=CARTESIAN_POINT('',(4.073343989989E-1,1.059185792796E0,
7.066535439780E-1));
#5285=CARTESIAN_POINT('',(2.786554910191E-1,1.048095028366E0,
7.664795462008E-1));
#5286=CARTESIAN_POINT('',(1.425419401888E-1,1.037079385915E0,
8.030819292694E-1));
#5287=CARTESIAN_POINT('',(-8.414031816688E-4,1.025830925686E0,
8.157821648644E-1));
#5288=CARTESIAN_POINT('',(-1.439079006120E-1,1.014604279053E0,
8.027871122600E-1));
#5289=CARTESIAN_POINT('',(-2.790982050011E-1,1.003660868765E0,
7.663103464001E-1));
#5290=CARTESIAN_POINT('',(-4.086765260411E-1,9.924901055528E-1,
7.059933593391E-1));
#5291=CARTESIAN_POINT('',(-5.267906560383E-1,9.812049184203E-1,
6.228690992779E-1));
#5292=CARTESIAN_POINT('',(-6.276604874700E-1,9.699900802812E-1,
5.208055195347E-1));
#5293=CARTESIAN_POINT('',(-7.076585497260E-1,9.590169280442E-1,
4.054121948960E-1));
#5294=CARTESIAN_POINT('',(-7.672511791035E-1,9.479249333296E-1,
2.766205527091E-1));
#5295=CARTESIAN_POINT('',(-8.033254041390E-1,9.369302369563E-1,
1.406384321007E-1));
#5296=CARTESIAN_POINT('',(-8.115E-1,9.295737275994E-1,4.687460294303E-2));
#5297=CARTESIAN_POINT('',(-8.115E-1,9.258964264219E-1,0.E0));
#5299=CURVE_STYLE('',#15,POSITIVE_LENGTH_MEASURE(2.E-2),#4443);
#5300=PRESENTATION_STYLE_ASSIGNMENT((#5299));
#5301=STYLED_ITEM('',(#5300),#5298);
#5302=DIRECTION('',(0.E0,-1.E0,0.E0));
#5303=VECTOR('',#5302,1.323389485154E-1);
#5304=CARTESIAN_POINT('',(8.115E-1,1.258235374937E0,0.E0));
#5305=LINE('',#5304,#5303);
#5306=CURVE_STYLE('',#15,POSITIVE_LENGTH_MEASURE(2.E-2),#4443);
#5307=PRESENTATION_STYLE_ASSIGNMENT((#5306));
#5308=STYLED_ITEM('',(#5307),#5305);
#5309=CARTESIAN_POINT('',(-8.115E-1,6.582353749374E-1,0.E0));
#5310=CARTESIAN_POINT('',(-8.115E-1,6.619126761149E-1,4.687460294302E-2));
#5311=CARTESIAN_POINT('',(-8.033254041390E-1,6.692691854718E-1,
1.406384321007E-1));
#5312=CARTESIAN_POINT('',(-7.672511791035E-1,6.802638818451E-1,
2.766205527091E-1));
#5313=CARTESIAN_POINT('',(-7.076585497260E-1,6.913558765597E-1,
4.054121948960E-1));
#5314=CARTESIAN_POINT('',(-6.276604874700E-1,7.023290287967E-1,
5.208055195347E-1));
#5315=CARTESIAN_POINT('',(-5.267906560383E-1,7.135438669358E-1,
6.228690992779E-1));
#5316=CARTESIAN_POINT('',(-4.086765260411E-1,7.248290540684E-1,
7.059933593391E-1));
#5317=CARTESIAN_POINT('',(-2.790982050011E-1,7.359998172801E-1,
7.663103464001E-1));
#5318=CARTESIAN_POINT('',(-1.439079006120E-1,7.469432275689E-1,
8.027871122600E-1));
#5319=CARTESIAN_POINT('',(-8.414031816664E-4,7.581698742013E-1,
8.157821648644E-1));
#5320=CARTESIAN_POINT('',(1.425419401888E-1,7.694183344305E-1,
8.030819292694E-1));
#5321=CARTESIAN_POINT('',(2.786554910191E-1,7.804339768815E-1,
7.664795462008E-1));
#5322=CARTESIAN_POINT('',(4.073343989989E-1,7.915247413110E-1,
7.066535439780E-1));
#5323=CARTESIAN_POINT('',(5.238288730940E-1,8.026367590850E-1,
6.251290024873E-1));
#5324=CARTESIAN_POINT('',(6.233220242242E-1,8.136221460724E-1,
5.258534279046E-1));
#5325=CARTESIAN_POINT('',(7.045242534067E-1,8.246174685124E-1,
4.109711980008E-1));
#5326=CARTESIAN_POINT('',(7.658903874014E-1,8.358552156879E-1,
2.809164681672E-1));
#5327=CARTESIAN_POINT('',(8.033599165559E-1,8.471448711925E-1,
1.413835237871E-1));
#5328=CARTESIAN_POINT('',(8.115E-1,8.545500868620E-1,4.697641202514E-2));
#5329=CARTESIAN_POINT('',(8.115E-1,8.582353749371E-1,0.E0));
#5331=CURVE_STYLE('',#15,POSITIVE_LENGTH_MEASURE(2.E-2),#4443);
#5332=PRESENTATION_STYLE_ASSIGNMENT((#5331));
#5333=STYLED_ITEM('',(#5332),#5330);
#5334=CARTESIAN_POINT('',(8.115E-1,7.258964264224E-1,0.E0));
#5335=CARTESIAN_POINT('',(8.115E-1,7.222138875248E-1,4.694136822446E-2));
#5336=CARTESIAN_POINT('',(8.033656447354E-1,7.148135014093E-1,
1.412841780252E-1));
#5337=CARTESIAN_POINT('',(7.659804027452E-1,7.035353173027E-1,
2.806928586483E-1));
#5338=CARTESIAN_POINT('',(7.045963316919E-1,6.922945681793E-1,
4.107701882299E-1));
#5339=CARTESIAN_POINT('',(6.238959667733E-1,6.813484301935E-1,
5.252454768780E-1));
#5340=CARTESIAN_POINT('',(5.227371484794E-1,6.701761300636E-1,
6.262484500576E-1));
#5341=CARTESIAN_POINT('',(4.043730983369E-1,6.589166928423E-1,
7.084292286044E-1));
#5342=CARTESIAN_POINT('',(2.749191233383E-1,6.477850076216E-1,
7.678257757243E-1));
#5343=CARTESIAN_POINT('',(1.390323135401E-1,6.368022582027E-1,
8.036553733196E-1));
#5344=CARTESIAN_POINT('',(-2.923940845927E-3,6.256680458936E-1,
8.156118091475E-1));
#5345=CARTESIAN_POINT('',(-1.429480944617E-1,6.146793928134E-1,
8.028723622674E-1));
#5346=CARTESIAN_POINT('',(-2.784979923428E-1,6.037111058743E-1,
7.665597998307E-1));
#5347=CARTESIAN_POINT('',(-4.079055642102E-1,5.925590137894E-1,
7.064157342289E-1));
#5348=CARTESIAN_POINT('',(-5.260475229201E-1,5.812803034832E-1,
6.234916257506E-1));
#5349=CARTESIAN_POINT('',(-6.270036892625E-1,5.700714402935E-1,
5.216086683541E-1));
#5350=CARTESIAN_POINT('',(-7.070085386909E-1,5.591092612546E-1,
4.064097112409E-1));
#5351=CARTESIAN_POINT('',(-7.664824412992E-1,5.481089586288E-1,
2.788455353077E-1));
#5352=CARTESIAN_POINT('',(-8.033973594671E-1,5.369436004437E-1,
1.408304426712E-1));
#5353=CARTESIAN_POINT('',(-8.115E-1,5.295764406708E-1,4.690918648607E-2));
#5354=CARTESIAN_POINT('',(-8.115E-1,5.258964264227E-1,0.E0));
#5356=CURVE_STYLE('',#15,POSITIVE_LENGTH_MEASURE(2.E-2),#4443);
#5357=PRESENTATION_STYLE_ASSIGNMENT((#5356));
#5358=STYLED_ITEM('',(#5357),#5355);
#5359=DIRECTION('',(0.E0,-1.E0,0.E0));
#5360=VECTOR('',#5359,1.323389485148E-1);
#5361=CARTESIAN_POINT('',(8.115E-1,8.582353749371E-1,0.E0));
#5362=LINE('',#5361,#5360);
#5363=CURVE_STYLE('',#15,POSITIVE_LENGTH_MEASURE(2.E-2),#4443);
#5364=PRESENTATION_STYLE_ASSIGNMENT((#5363));
#5365=STYLED_ITEM('',(#5364),#5362);
#5366=CARTESIAN_POINT('',(-6.430453274748E-1,3.E-1,4.949999563766E-1));
#5367=CARTESIAN_POINT('',(-6.157774533043E-1,3.035069231065E-1,
5.304231495500E-1));
#5368=CARTESIAN_POINT('',(-5.552161163312E-1,3.105438745424E-1,
5.970154558511E-1));
#5369=CARTESIAN_POINT('',(-4.475988848867E-1,3.212384984647E-1,
6.814774684315E-1));
#5370=CARTESIAN_POINT('',(-3.281312918961E-1,3.318626758564E-1,
7.462588207443E-1));
#5371=CARTESIAN_POINT('',(-2.017021294126E-1,3.423166408390E-1,
7.897636125609E-1));
#5372=CARTESIAN_POINT('',(-7.060186953495E-2,3.527145976574E-1,
8.120832843166E-1));
#5373=CARTESIAN_POINT('',(6.361952469007E-2,3.632087312277E-1,
8.127123672393E-1));
#5374=CARTESIAN_POINT('',(1.960992811597E-1,3.737020535960E-1,
7.912180078285E-1));
#5375=CARTESIAN_POINT('',(3.228615429608E-1,3.841595880717E-1,
7.485350729394E-1));
#5376=CARTESIAN_POINT('',(4.424666523372E-1,3.947555407438E-1,
6.847887084262E-1));
#5377=CARTESIAN_POINT('',(5.504574330959E-1,4.054208180971E-1,
6.014091336220E-1));
#5378=CARTESIAN_POINT('',(6.420239217725E-1,4.159740246720E-1,
5.022422678819E-1));
#5379=CARTESIAN_POINT('',(7.151835878673E-1,4.263688190357E-1,
3.912253418442E-1));
#5380=CARTESIAN_POINT('',(7.705992091664E-1,4.370437881079E-1,
2.664323389805E-1));
#5381=CARTESIAN_POINT('',(8.041917038002E-1,4.477306938902E-1,
1.339111918977E-1));
#5382=CARTESIAN_POINT('',(8.115E-1,4.547455650140E-1,4.448464964767E-2));
#5383=CARTESIAN_POINT('',(8.115E-1,4.582353749379E-1,0.E0));
#5385=CURVE_STYLE('',#15,POSITIVE_LENGTH_MEASURE(2.E-2),#4443);
#5386=PRESENTATION_STYLE_ASSIGNMENT((#5385));
#5387=STYLED_ITEM('',(#5386),#5384);
#5388=CARTESIAN_POINT('',(8.115E-1,3.258964264229E-1,0.E0));
#5389=CARTESIAN_POINT('',(8.115E-1,3.230386398120E-1,3.642824077157E-2));
#5390=CARTESIAN_POINT('',(8.066088283031E-1,3.173093879425E-1,
1.094643142276E-1));
#5391=CARTESIAN_POINT('',(7.842370904106E-1,3.086245852919E-1,
2.181458379419E-1));
#5392=CARTESIAN_POINT('',(7.597753728235E-1,3.028738781016E-1,
2.874293580292E-1));
#5393=CARTESIAN_POINT('',(7.452812288136E-1,3.E-1,3.210734183612E-1));
#5395=CURVE_STYLE('',#15,POSITIVE_LENGTH_MEASURE(2.E-2),#4443);
#5396=PRESENTATION_STYLE_ASSIGNMENT((#5395));
#5397=STYLED_ITEM('',(#5396),#5394);
#5398=DIRECTION('',(0.E0,-1.E0,0.E0));
#5399=VECTOR('',#5398,1.323389485150E-1);
#5400=CARTESIAN_POINT('',(8.115E-1,4.582353749379E-1,0.E0));
#5401=LINE('',#5400,#5399);
#5402=CURVE_STYLE('',#15,POSITIVE_LENGTH_MEASURE(2.E-2),#4443);
#5403=PRESENTATION_STYLE_ASSIGNMENT((#5402));
#5404=STYLED_ITEM('',(#5403),#5401);
#5405=CARTESIAN_POINT('',(3.618242052395E-1,3.328814186279E0,
-7.263714576598E-1));
#5406=CARTESIAN_POINT('',(3.214155631333E-1,3.332355754476E0,
-7.465000360348E-1));
#5407=CARTESIAN_POINT('',(2.367501076748E-1,3.339480250728E0,
-7.802217333653E-1));
#5408=CARTESIAN_POINT('',(1.017505727290E-1,3.350271257619E0,
-8.090883206900E-1));
#5409=CARTESIAN_POINT('',(-3.829833042868E-2,3.361225978194E0,
-8.146346016977E-1));
#5410=CARTESIAN_POINT('',(-1.766348761466E-1,3.372136263286E0,
-7.960284408995E-1));
#5411=CARTESIAN_POINT('',(-3.069770061935E-1,3.382811468743E0,
-7.552863989663E-1));
#5412=CARTESIAN_POINT('',(-4.287299670284E-1,3.393485118388E0,
-6.935101232760E-1));
#5413=CARTESIAN_POINT('',(-5.391461055209E-1,3.404226182420E0,
-6.117140224189E-1));
#5414=CARTESIAN_POINT('',(-6.344979946375E-1,3.415010365285E0,
-5.120260460278E-1));
#5415=CARTESIAN_POINT('',(-7.110240606293E-1,3.425673415569E0,
-3.991013029473E-1));
#5416=CARTESIAN_POINT('',(-7.688172414257E-1,3.436584378212E0,
-2.720427982529E-1));
#5417=CARTESIAN_POINT('',(-8.038849973586E-1,3.447508672682E0,
-1.367431169049E-1));
#5418=CARTESIAN_POINT('',(-8.115E-1,3.454672535939E0,-4.541555215002E-2));
#5419=CARTESIAN_POINT('',(-8.115E-1,3.458235374937E0,0.E0));
#5421=CURVE_STYLE('',#15,POSITIVE_LENGTH_MEASURE(2.E-2),#4443);
#5422=PRESENTATION_STYLE_ASSIGNMENT((#5421));
#5423=STYLED_ITEM('',(#5422),#5420);
#5424=CARTESIAN_POINT('',(8.115E-1,3.258235374937E0,0.E0));
#5425=CARTESIAN_POINT('',(8.115E-1,3.261551926032E0,-4.227611723806E-2));
#5426=CARTESIAN_POINT('',(8.048828175328E-1,3.268218376234E0,
-1.272574547944E-1));
#5427=CARTESIAN_POINT('',(7.746844774524E-1,3.278335182511E0,
-2.530547400842E-1));
#5428=CARTESIAN_POINT('',(7.244480964765E-1,3.288517858953E0,
-3.731834812096E-1));
#5429=CARTESIAN_POINT('',(6.569083591203E-1,3.298541909958E0,
-4.821217002817E-1));
#5430=CARTESIAN_POINT('',(5.729490142514E-1,3.308598747895E0,
-5.795267264564E-1));
#5431=CARTESIAN_POINT('',(4.734608707084E-1,3.318769204659E0,
-6.632877789539E-1));
#5432=CARTESIAN_POINT('',(3.999757722734E-1,3.325470436788E0,
-7.073671861192E-1));
#5433=CARTESIAN_POINT('',(3.618242052395E-1,3.328814186279E0,
-7.263714576598E-1));
#5435=CURVE_STYLE('',#15,POSITIVE_LENGTH_MEASURE(2.E-2),#4443);
#5436=PRESENTATION_STYLE_ASSIGNMENT((#5435));
#5437=STYLED_ITEM('',(#5436),#5434);
#5438=CARTESIAN_POINT('',(-8.115E-1,3.325896426422E0,0.E0));
#5439=CARTESIAN_POINT('',(-8.115E-1,3.322211315619E0,-4.697415233217E-2));
#5440=CARTESIAN_POINT('',(-8.033606557236E-1,3.314806451983E0,
-1.413767447990E-1));
#5441=CARTESIAN_POINT('',(-7.658948996914E-1,3.303517353316E0,
-2.809033564454E-1));
#5442=CARTESIAN_POINT('',(-7.045337073939E-1,3.292280082801E0,
-4.109533892759E-1));
#5443=CARTESIAN_POINT('',(-6.233407316045E-1,3.281285373731E0,
-5.258329849400E-1));
#5444=CARTESIAN_POINT('',(-5.238372576819E-1,3.270298817817E0,
-6.251187292059E-1));
#5445=CARTESIAN_POINT('',(-4.074204371350E-1,3.259193737388E0,
-7.065992790792E-1));
#5446=CARTESIAN_POINT('',(-2.787682036390E-1,3.248104373753E0,
-7.664386265821E-1));
#5447=CARTESIAN_POINT('',(-1.426606094344E-1,3.237088786638E0,
-8.030613453517E-1));
#5448=CARTESIAN_POINT('',(7.521859767549E-4,3.225837881496E0,
-8.157857047195E-1));
#5449=CARTESIAN_POINT('',(1.438962447745E-1,3.214605275347E0,
-8.027939858260E-1));
#5450=CARTESIAN_POINT('',(2.791379262979E-1,3.203657587477E0,
-7.662964681268E-1));
#5451=CARTESIAN_POINT('',(4.086933189100E-1,3.192488536992E0,
-7.059821468144E-1));
#5452=CARTESIAN_POINT('',(5.268037340105E-1,3.181203597101E0,
-6.228583287227E-1));
#5453=CARTESIAN_POINT('',(6.276660722399E-1,3.169989261328E0,
-5.207966690668E-1));
#5454=CARTESIAN_POINT('',(7.076585430668E-1,3.159017178121E0,
-4.054157459056E-1));
#5455=CARTESIAN_POINT('',(7.672689171849E-1,3.147921073470E0,
-2.765745057623E-1));
#5456=CARTESIAN_POINT('',(8.033266980338E-1,3.136928727615E0,
-1.406188434913E-1));
#5457=CARTESIAN_POINT('',(8.115E-1,3.129573065216E0,-4.686615953213E-2));
#5458=CARTESIAN_POINT('',(8.115E-1,3.125896426422E0,0.E0));
#5460=CURVE_STYLE('',#15,POSITIVE_LENGTH_MEASURE(2.E-2),#4443);
#5461=PRESENTATION_STYLE_ASSIGNMENT((#5460));
#5462=STYLED_ITEM('',(#5461),#5459);
#5463=DIRECTION('',(0.E0,-1.E0,0.E0));
#5464=VECTOR('',#5463,1.323389485154E-1);
#5465=CARTESIAN_POINT('',(-8.115E-1,3.458235374937E0,0.E0));
#5466=LINE('',#5465,#5464);
#5467=CURVE_STYLE('',#15,POSITIVE_LENGTH_MEASURE(2.E-2),#4443);
#5468=PRESENTATION_STYLE_ASSIGNMENT((#5467));
#5469=STYLED_ITEM('',(#5468),#5466);
#5470=CARTESIAN_POINT('',(8.115E-1,3.925896426422E0,0.E0));
#5471=CARTESIAN_POINT('',(8.115E-1,3.929551514873E0,-4.659145704867E-2));
#5472=CARTESIAN_POINT('',(8.034552790303E-1,3.936861809111E0,
-1.397751211774E-1));
#5473=CARTESIAN_POINT('',(7.676069020895E-1,3.947827901030E0,
-2.754225468790E-1));
#5474=CARTESIAN_POINT('',(7.090392907558E-1,3.958793747856E0,
-4.029146075893E-1));
#5475=CARTESIAN_POINT('',(6.294936194922E-1,3.969758725777E0,
-5.184730911091E-1));
#5476=CARTESIAN_POINT('',(5.313175421439E-1,3.980723950611E0,
-6.186908486396E-1));
#5477=CARTESIAN_POINT('',(4.174197180505E-1,3.991688986495E0,
-7.005979453145E-1));
#5478=CARTESIAN_POINT('',(2.911666990654E-1,4.002654242003E0,
-7.617733341717E-1));
#5479=CARTESIAN_POINT('',(1.562989173180E-1,4.013619337813E0,
-8.004047032539E-1));
#5480=CARTESIAN_POINT('',(1.679580499762E-2,4.024585207108E0,
-8.153500328783E-1));
#5481=CARTESIAN_POINT('',(-1.232037161506E-1,4.035551018339E0,
-8.061624245978E-1));
#5482=CARTESIAN_POINT('',(-2.595477390435E-1,4.046516095805E0,
-7.731180197030E-1));
#5483=CARTESIAN_POINT('',(-3.882124618150E-1,4.057481287957E0,
-7.171946452724E-1));
#5484=CARTESIAN_POINT('',(-5.053933978439E-1,4.068446955312E0,
-6.400429076316E-1));
#5485=CARTESIAN_POINT('',(-6.076147360769E-1,4.079412462731E0,
-5.439493977523E-1));
#5486=CARTESIAN_POINT('',(-6.918502375201E-1,4.090377410306E0,
-4.317640021324E-1));
#5487=CARTESIAN_POINT('',(-7.556141030993E-1,4.101342857311E0,
-3.067957001080E-1));
#5488=CARTESIAN_POINT('',(-7.970151208100E-1,4.112307618325E0,
-1.727564706114E-1));
#5489=CARTESIAN_POINT('',(-8.148293577817E-1,4.123273879262E0,
-3.358581211882E-2));
#5490=CARTESIAN_POINT('',(-8.085335554161E-1,4.134234260267E0,
1.065037133226E-1));
#5491=CARTESIAN_POINT('',(-7.783372580910E-1,4.145194192067E0,
2.434385739130E-1));
#5492=CARTESIAN_POINT('',(-7.251220205311E-1,4.156155254953E0,
3.731893310881E-1));
#5493=CARTESIAN_POINT('',(-6.504595097537E-1,4.167116833272E0,
4.919095049479E-1));
#5494=CARTESIAN_POINT('',(-5.565589172159E-1,4.178078531578E0,
5.960828209048E-1));
#5495=CARTESIAN_POINT('',(-4.462009184994E-1,4.189039932001E0,
6.826245541743E-1));
#5496=CARTESIAN_POINT('',(-3.638415534976E-1,4.196346742758E0,
7.268563566801E-1));
#5497=CARTESIAN_POINT('',(-3.210734183457E-1,4.2E0,7.452812288202E-1));
#5499=CURVE_STYLE('',#15,POSITIVE_LENGTH_MEASURE(2.E-2),#4443);
#5500=PRESENTATION_STYLE_ASSIGNMENT((#5499));
#5501=STYLED_ITEM('',(#5500),#5498);
#5502=CARTESIAN_POINT('',(8.115E-1,4.058235374937E0,0.E0));
#5503=CARTESIAN_POINT('',(8.115E-1,4.061591144803E0,-4.277603939078E-2));
#5504=CARTESIAN_POINT('',(8.047455427384E-1,4.068336997962E0,
-1.287741262078E-1));
#5505=CARTESIAN_POINT('',(7.736534591798E-1,4.078614289522E0,
-2.564766873745E-1));
#5506=CARTESIAN_POINT('',(7.223303633770E-1,4.088883378295E0,
-3.773585888567E-1));
#5507=CARTESIAN_POINT('',(6.538214497568E-1,4.098947356462E0,
-4.862945795132E-1));
#5508=CARTESIAN_POINT('',(5.696473113407E-1,4.108957098083E0,
-5.827088910803E-1));
#5509=CARTESIAN_POINT('',(4.699561965920E-1,4.119107691963E0,
-6.658370587366E-1));
#5510=CARTESIAN_POINT('',(3.577998758046E-1,4.129297900279E0,
-7.321818143498E-1));
#5511=CARTESIAN_POINT('',(2.380649431273E-1,4.139361290671E0,
-7.793236614911E-1));
#5512=CARTESIAN_POINT('',(1.120800668674E-1,4.149452181942E0,
-8.072047216548E-1));
#5513=CARTESIAN_POINT('',(-1.799654224413E-2,4.159641207954E0,
-8.147629649615E-1));
#5514=CARTESIAN_POINT('',(-1.465012750052E-1,4.169743533282E0,
-8.015805634842E-1));
#5515=CARTESIAN_POINT('',(-2.700300688421E-1,4.179738177529E0,
-7.688239209477E-1));
#5516=CARTESIAN_POINT('',(-3.881477351742E-1,4.189839494689E0,
-7.165626773710E-1));
#5517=CARTESIAN_POINT('',(-4.607139904456E-1,4.196605663256E0,
-6.694377930066E-1));
#5518=CARTESIAN_POINT('',(-4.949999563872E-1,4.2E0,-6.430453274667E-1));
#5520=CURVE_STYLE('',#15,POSITIVE_LENGTH_MEASURE(2.E-2),#4443);
#5521=PRESENTATION_STYLE_ASSIGNMENT((#5520));
#5522=STYLED_ITEM('',(#5521),#5519);
#5523=CARTESIAN_POINT('',(8.115E-1,3.658235374937E0,0.E0));
#5524=CARTESIAN_POINT('',(8.115E-1,3.661920251659E0,-4.697116850201E-2));
#5525=CARTESIAN_POINT('',(8.033591644014E-1,3.669325105758E0,
-1.413724160376E-1));
#5526=CARTESIAN_POINT('',(7.659052721859E-1,3.680613325754E0,
-2.808937835552E-1));
#5527=CARTESIAN_POINT('',(7.044975583534E-1,3.691855573943E0,
-4.109855089592E-1));
#5528=CARTESIAN_POINT('',(6.234332313685E-1,3.702838631863E0,
-5.257857138285E-1));
#5529=CARTESIAN_POINT('',(5.231919255862E-1,3.713898207068E0,
-6.256449158723E-1));
#5530=CARTESIAN_POINT('',(4.078130851661E-1,3.724899408108E0,
-7.062962418716E-1));
#5531=CARTESIAN_POINT('',(2.794475033190E-1,3.735971504975E0,
-7.661989111861E-1));
#5532=CARTESIAN_POINT('',(1.432949999522E-1,3.746992732317E0,
-8.029588495671E-1));
#5533=CARTESIAN_POINT('',(-4.316534682410E-4,3.758269132086E0,
-8.158079109176E-1));
#5534=CARTESIAN_POINT('',(-1.441679991224E-1,3.769546927981E0,
-8.028088127814E-1));
#5535=CARTESIAN_POINT('',(-2.802071385251E-1,3.780563684385E0,
-7.658869659633E-1));
#5536=CARTESIAN_POINT('',(-4.084965756260E-1,3.791628467662E0,
-7.060148904732E-1));
#5537=CARTESIAN_POINT('',(-5.263276880243E-1,3.802880349644E0,
-6.232491261153E-1));
#5538=CARTESIAN_POINT('',(-6.270972388769E-1,3.814074573904E0,
-5.214562508746E-1));
#5539=CARTESIAN_POINT('',(-7.072397889220E-1,3.825045405920E0,
-4.061984198782E-1));
#5540=CARTESIAN_POINT('',(-7.672761532016E-1,3.836202680740E0,
-2.766869633378E-1));
#5541=CARTESIAN_POINT('',(-8.033882038581E-1,3.847228606024E0,
-1.402960748026E-1));
#5542=CARTESIAN_POINT('',(-8.115E-1,3.854572107375E0,-4.669571627480E-2));
#5543=CARTESIAN_POINT('',(-8.115E-1,3.858235374937E0,0.E0));
#5545=CURVE_STYLE('',#15,POSITIVE_LENGTH_MEASURE(2.E-2),#4443);
#5546=PRESENTATION_STYLE_ASSIGNMENT((#5545));
#5547=STYLED_ITEM('',(#5546),#5544);
#5548=CARTESIAN_POINT('',(3.618242052395E-1,3.596475237763E0,
-7.263714576598E-1));
#5549=CARTESIAN_POINT('',(3.999757722734E-1,3.593131488272E0,
-7.073671861192E-1));
#5550=CARTESIAN_POINT('',(4.734608707084E-1,3.586430256143E0,
-6.632877789539E-1));
#5551=CARTESIAN_POINT('',(5.729490142514E-1,3.576259799379E0,
-5.795267264564E-1));
#5552=CARTESIAN_POINT('',(6.569083591203E-1,3.566202961443E0,
-4.821217002817E-1));
#5553=CARTESIAN_POINT('',(7.244480964765E-1,3.556178910437E0,
-3.731834812096E-1));
#5554=CARTESIAN_POINT('',(7.746844774524E-1,3.545996233995E0,
-2.530547400842E-1));
#5555=CARTESIAN_POINT('',(8.048828175328E-1,3.535879427718E0,
-1.272574547944E-1));
#5556=CARTESIAN_POINT('',(8.115E-1,3.529212977516E0,-4.227611723806E-2));
#5557=CARTESIAN_POINT('',(8.115E-1,3.525896426422E0,0.E0));
#5559=CURVE_STYLE('',#15,POSITIVE_LENGTH_MEASURE(2.E-2),#4443);
#5560=PRESENTATION_STYLE_ASSIGNMENT((#5559));
#5561=STYLED_ITEM('',(#5560),#5558);
#5562=CARTESIAN_POINT('',(-8.115E-1,3.725896426422E0,0.E0));
#5563=CARTESIAN_POINT('',(-8.115E-1,3.722333587423E0,-4.541555215002E-2));
#5564=CARTESIAN_POINT('',(-8.038849973586E-1,3.715169724166E0,
-1.367431169049E-1));
#5565=CARTESIAN_POINT('',(-7.688172414257E-1,3.704245429696E0,
-2.720427982529E-1));
#5566=CARTESIAN_POINT('',(-7.110240606293E-1,3.693334467053E0,
-3.991013029473E-1));
#5567=CARTESIAN_POINT('',(-6.344979946375E-1,3.682671416769E0,
-5.120260460278E-1));
#5568=CARTESIAN_POINT('',(-5.391461055209E-1,3.671887233904E0,
-6.117140224189E-1));
#5569=CARTESIAN_POINT('',(-4.287299670284E-1,3.661146169873E0,
-6.935101232760E-1));
#5570=CARTESIAN_POINT('',(-3.069770061935E-1,3.650472520228E0,
-7.552863989663E-1));
#5571=CARTESIAN_POINT('',(-1.766348761466E-1,3.639797314771E0,
-7.960284408995E-1));
#5572=CARTESIAN_POINT('',(-3.829833042868E-2,3.628887029679E0,
-8.146346016977E-1));
#5573=CARTESIAN_POINT('',(1.017505727290E-1,3.617932309103E0,
-8.090883206900E-1));
#5574=CARTESIAN_POINT('',(2.367501076748E-1,3.607141302212E0,
-7.802217333653E-1));
#5575=CARTESIAN_POINT('',(3.214155631333E-1,3.600016805961E0,
-7.465000360348E-1));
#5576=CARTESIAN_POINT('',(3.618242052395E-1,3.596475237763E0,
-7.263714576598E-1));
#5578=CURVE_STYLE('',#15,POSITIVE_LENGTH_MEASURE(2.E-2),#4443);
#5579=PRESENTATION_STYLE_ASSIGNMENT((#5578));
#5580=STYLED_ITEM('',(#5579),#5577);
#5581=DIRECTION('',(0.E0,-1.E0,0.E0));
#5582=VECTOR('',#5581,1.323389485155E-1);
#5583=CARTESIAN_POINT('',(-8.115E-1,3.858235374937E0,0.E0));
#5584=LINE('',#5583,#5582);
#5585=CURVE_STYLE('',#15,POSITIVE_LENGTH_MEASURE(2.E-2),#4443);
#5586=PRESENTATION_STYLE_ASSIGNMENT((#5585));
#5587=STYLED_ITEM('',(#5586),#5584);
#5588=CARTESIAN_POINT('',(6.477357372185E-1,2.099392997621E0,
-4.888462587870E-1));
#5589=CARTESIAN_POINT('',(6.207702871632E-1,2.102904682198E0,
-5.245762768796E-1));
#5590=CARTESIAN_POINT('',(5.606793261312E-1,2.109960716603E0,
-5.919199076599E-1));
#5591=CARTESIAN_POINT('',(4.533114484125E-1,2.120706529022E0,
-6.777689381579E-1));
#5592=CARTESIAN_POINT('',(3.332933760324E-1,2.131422807075E0,
-7.439944577994E-1));
#5593=CARTESIAN_POINT('',(2.069359287920E-1,2.141895668076E0,
-7.884862490556E-1));
#5594=CARTESIAN_POINT('',(7.365711317762E-2,2.152475969203E0,
-8.119109917646E-1));
#5595=CARTESIAN_POINT('',(-6.107710972129E-2,2.163009274270E0,
-8.129039107403E-1));
#5596=CARTESIAN_POINT('',(-1.935982453896E-1,2.173501194503E0,
-7.918295056574E-1));
#5597=CARTESIAN_POINT('',(-3.206855723628E-1,2.183973042060E0,
-7.495206686571E-1));
#5598=CARTESIAN_POINT('',(-4.416499523053E-1,2.194675936969E0,
-6.854060755722E-1));
#5599=CARTESIAN_POINT('',(-5.505501618639E-1,2.205426230856E0,
-6.014073678424E-1));
#5600=CARTESIAN_POINT('',(-6.428838698972E-1,2.216076013492E0,
-5.012530725822E-1));
#5601=CARTESIAN_POINT('',(-7.159920116469E-1,2.226508373336E0,
-3.896312307116E-1));
#5602=CARTESIAN_POINT('',(-7.705043233322E-1,2.237039150032E0,
-2.664602979751E-1));
#5603=CARTESIAN_POINT('',(-8.041301786891E-1,2.247697924528E0,
-1.343304497254E-1));
#5604=CARTESIAN_POINT('',(-8.115E-1,2.254726713146E0,-4.472495462212E-2));
#5605=CARTESIAN_POINT('',(-8.115E-1,2.258235374937E0,0.E0));
#5607=CURVE_STYLE('',#15,POSITIVE_LENGTH_MEASURE(2.E-2),#4443);
#5608=PRESENTATION_STYLE_ASSIGNMENT((#5607));
#5609=STYLED_ITEM('',(#5608),#5606);
#5610=CARTESIAN_POINT('',(8.115E-1,2.058235374937E0,0.E0));
#5611=CARTESIAN_POINT('',(8.115E-1,2.061628814850E0,-4.325621994430E-2));
#5612=CARTESIAN_POINT('',(8.045956594129E-1,2.068449858107E0,
-1.302138197589E-1));
#5613=CARTESIAN_POINT('',(7.727948854018E-1,2.078843931161E0,
-2.592893295482E-1));
#5614=CARTESIAN_POINT('',(7.203959872586E-1,2.089220458752E0,
-3.812167867409E-1));
#5615=CARTESIAN_POINT('',(6.736643802119E-1,2.096016335428E0,
-4.544900406867E-1));
#5616=CARTESIAN_POINT('',(6.477357372185E-1,2.099392997621E0,
-4.888462587870E-1));
#5618=CURVE_STYLE('',#15,POSITIVE_LENGTH_MEASURE(2.E-2),#4443);
#5619=PRESENTATION_STYLE_ASSIGNMENT((#5618));
#5620=STYLED_ITEM('',(#5619),#5617);
#5621=CARTESIAN_POINT('',(-8.115E-1,2.125896426422E0,0.E0));
#5622=CARTESIAN_POINT('',(-8.115E-1,2.122220176116E0,-4.686120746461E-2));
#5623=CARTESIAN_POINT('',(-8.033279527155E-1,2.114865019497E0,
-1.406073666530E-1));
#5624=CARTESIAN_POINT('',(-7.672760464355E-1,2.103873311662E0,
-2.765562452714E-1));
#5625=CARTESIAN_POINT('',(-7.076590263810E-1,2.092775645561E0,
-4.054163992022E-1));
#5626=CARTESIAN_POINT('',(-6.276655399323E-1,2.081803522814E0,
-5.207974157570E-1));
#5627=CARTESIAN_POINT('',(-5.267973300122E-1,2.070588571479E0,
-6.228643779633E-1));
#5628=CARTESIAN_POINT('',(-4.086883402478E-1,2.059303923945E0,
-7.059835193288E-1));
#5629=CARTESIAN_POINT('',(-2.791558224272E-1,2.048136753641E0,
-7.662898081334E-1));
#5630=CARTESIAN_POINT('',(-1.438854835919E-1,2.037186679905E0,
-8.027988739262E-1));
#5631=CARTESIAN_POINT('',(-6.954514086918E-4,2.025950548226E0,
-8.157874256610E-1));
#5632=CARTESIAN_POINT('',(1.427228794095E-1,2.014699123743E0,
-8.030498257330E-1));
#5633=CARTESIAN_POINT('',(2.788207186436E-1,2.003684124025E0,
-7.664195431997E-1));
#5634=CARTESIAN_POINT('',(4.074636035993E-1,1.992595139084E0,
-7.065722996947E-1));
#5635=CARTESIAN_POINT('',(5.238407225084E-1,1.981493589429E0,
-6.251138731277E-1));
#5636=CARTESIAN_POINT('',(6.233473149403E-1,1.970506728989E0,
-5.258261184897E-1));
#5637=CARTESIAN_POINT('',(7.045410007014E-1,1.959511703177E0,
-4.109417390324E-1));
#5638=CARTESIAN_POINT('',(7.659031667499E-1,1.948273654961E0,
-2.808812377651E-1));
#5639=CARTESIAN_POINT('',(8.033625308252E-1,1.936985219314E0,
-1.413616563115E-1));
#5640=CARTESIAN_POINT('',(8.115E-1,1.929581060783E0,-4.696807913076E-2));
#5641=CARTESIAN_POINT('',(8.115E-1,1.925896426422E0,0.E0));
#5643=CURVE_STYLE('',#15,POSITIVE_LENGTH_MEASURE(2.E-2),#4443);
#5644=PRESENTATION_STYLE_ASSIGNMENT((#5643));
#5645=STYLED_ITEM('',(#5644),#5642);
#5646=DIRECTION('',(0.E0,-1.E0,1.076618962837E-14));
#5647=VECTOR('',#5646,1.323389485154E-1);
#5648=CARTESIAN_POINT('',(-8.115E-1,2.258235374937E0,0.E0));
#5649=LINE('',#5648,#5647);
#5650=CURVE_STYLE('',#15,POSITIVE_LENGTH_MEASURE(2.E-2),#4443);
#5651=PRESENTATION_STYLE_ASSIGNMENT((#5650));
#5652=STYLED_ITEM('',(#5651),#5649);
#5653=CARTESIAN_POINT('',(8.115E-1,2.858235374937E0,0.E0));
#5654=CARTESIAN_POINT('',(8.115E-1,2.861912013731E0,-4.686615953213E-2));
#5655=CARTESIAN_POINT('',(8.033266980338E-1,2.869267676131E0,
-1.406188434913E-1));
#5656=CARTESIAN_POINT('',(7.672689171849E-1,2.880260021986E0,
-2.765745057623E-1));
#5657=CARTESIAN_POINT('',(7.076585430668E-1,2.891356126637E0,
-4.054157459056E-1));
#5658=CARTESIAN_POINT('',(6.276660722399E-1,2.902328209844E0,
-5.207966690668E-1));
#5659=CARTESIAN_POINT('',(5.268037340105E-1,2.913542545617E0,
-6.228583287227E-1));
#5660=CARTESIAN_POINT('',(4.086933189100E-1,2.924827485508E0,
-7.059821468144E-1));
#5661=CARTESIAN_POINT('',(2.791379262979E-1,2.935996535992E0,
-7.662964681268E-1));
#5662=CARTESIAN_POINT('',(1.438962447745E-1,2.946944223863E0,
-8.027939858260E-1));
#5663=CARTESIAN_POINT('',(7.521859767469E-4,2.958176830012E0,
-8.157857047195E-1));
#5664=CARTESIAN_POINT('',(-1.426606094344E-1,2.969427735154E0,
-8.030613453517E-1));
#5665=CARTESIAN_POINT('',(-2.787682036390E-1,2.980443322269E0,
-7.664386265821E-1));
#5666=CARTESIAN_POINT('',(-4.074204371350E-1,2.991532685904E0,
-7.065992790792E-1));
#5667=CARTESIAN_POINT('',(-5.238372576819E-1,3.002637766332E0,
-6.251187292059E-1));
#5668=CARTESIAN_POINT('',(-6.233407316045E-1,3.013624322246E0,
-5.258329849400E-1));
#5669=CARTESIAN_POINT('',(-7.045337073939E-1,3.024619031317E0,
-4.109533892759E-1));
#5670=CARTESIAN_POINT('',(-7.658948996914E-1,3.035856301832E0,
-2.809033564454E-1));
#5671=CARTESIAN_POINT('',(-8.033606557236E-1,3.047145400498E0,
-1.413767447990E-1));
#5672=CARTESIAN_POINT('',(-8.115E-1,3.054550264134E0,-4.697415233217E-2));
#5673=CARTESIAN_POINT('',(-8.115E-1,3.058235374937E0,0.E0));
#5675=CURVE_STYLE('',#15,POSITIVE_LENGTH_MEASURE(2.E-2),#4443);
#5676=PRESENTATION_STYLE_ASSIGNMENT((#5675));
#5677=STYLED_ITEM('',(#5676),#5674);
#5678=CARTESIAN_POINT('',(-8.115E-1,2.925896426422E0,0.E0));
#5679=CARTESIAN_POINT('',(-8.115E-1,2.922213571450E0,-4.694539722190E-2));
#5680=CARTESIAN_POINT('',(-8.033642113428E-1,2.914812540561E0,
-1.412964441907E-1));
#5681=CARTESIAN_POINT('',(-7.659727542351E-1,2.903533433448E0,
-2.807157000604E-1));
#5682=CARTESIAN_POINT('',(-7.045779110125E-1,2.892291559382E0,
-4.108042615696E-1));
#5683=CARTESIAN_POINT('',(-6.238698197074E-1,2.881345586546E0,
-5.252710176613E-1));
#5684=CARTESIAN_POINT('',(-5.227822929252E-1,2.870181035560E0,
-6.262045895369E-1));
#5685=CARTESIAN_POINT('',(-4.044553431773E-1,2.858924095778E0,
-7.083816558342E-1));
#5686=CARTESIAN_POINT('',(-2.750151737292E-1,2.847792970958E0,
-7.677913030817E-1));
#5687=CARTESIAN_POINT('',(-1.391152634941E-1,2.836808788674E0,
-8.036438484076E-1));
#5688=CARTESIAN_POINT('',(2.906433884623E-3,2.825669415684E0,
-8.156154934141E-1));
#5689=CARTESIAN_POINT('',(1.429647084389E-1,2.814678080938E0,
-8.028695854307E-1));
#5690=CARTESIAN_POINT('',(2.785049235592E-1,2.803710530894E0,
-7.665572765744E-1));
#5691=CARTESIAN_POINT('',(4.079279754213E-1,2.792557053172E0,
-7.064043159484E-1));
#5692=CARTESIAN_POINT('',(5.260764420638E-1,2.781277350125E0,
-6.234672987434E-1));
#5693=CARTESIAN_POINT('',(6.270325647130E-1,2.770068079295E0,
-5.215765727070E-1));
#5694=CARTESIAN_POINT('',(7.070478392225E-1,2.759103138909E0,
-4.063418553207E-1));
#5695=CARTESIAN_POINT('',(7.664933503739E-1,2.748105792602E0,
-2.788062560341E-1));
#5696=CARTESIAN_POINT('',(8.033958251729E-1,2.736943684160E0,
-1.408313396899E-1));
#5697=CARTESIAN_POINT('',(8.115E-1,2.729576681025E0,-4.691225030482E-2));
#5698=CARTESIAN_POINT('',(8.115E-1,2.725896426422E0,0.E0));
#5700=CURVE_STYLE('',#15,POSITIVE_LENGTH_MEASURE(2.E-2),#4443);
#5701=PRESENTATION_STYLE_ASSIGNMENT((#5700));
#5702=STYLED_ITEM('',(#5701),#5699);
#5703=DIRECTION('',(0.E0,-1.E0,0.E0));
#5704=VECTOR('',#5703,1.323389485156E-1);
#5705=CARTESIAN_POINT('',(-8.115E-1,3.058235374937E0,0.E0));
#5706=LINE('',#5705,#5704);
#5707=CURVE_STYLE('',#15,POSITIVE_LENGTH_MEASURE(2.E-2),#4443);
#5708=PRESENTATION_STYLE_ASSIGNMENT((#5707));
#5709=STYLED_ITEM('',(#5708),#5706);
#5710=CARTESIAN_POINT('',(8.115E-1,2.458235374937E0,0.E0));
#5711=CARTESIAN_POINT('',(8.115E-1,2.461915629541E0,-4.691225030482E-2));
#5712=CARTESIAN_POINT('',(8.033958251729E-1,2.469282632676E0,
-1.408313396899E-1));
#5713=CARTESIAN_POINT('',(7.664933503739E-1,2.480444741118E0,
-2.788062560340E-1));
#5714=CARTESIAN_POINT('',(7.070478392225E-1,2.491442087424E0,
-4.063418553207E-1));
#5715=CARTESIAN_POINT('',(6.270325647130E-1,2.502407027811E0,
-5.215765727070E-1));
#5716=CARTESIAN_POINT('',(5.260764420638E-1,2.513616298641E0,
-6.234672987434E-1));
#5717=CARTESIAN_POINT('',(4.079279754213E-1,2.524896001688E0,
-7.064043159484E-1));
#5718=CARTESIAN_POINT('',(2.785049235592E-1,2.536049479409E0,
-7.665572765744E-1));
#5719=CARTESIAN_POINT('',(1.429647084389E-1,2.547017029453E0,
-8.028695854307E-1));
#5720=CARTESIAN_POINT('',(2.906433884623E-3,2.558008364200E0,
-8.156154934141E-1));
#5721=CARTESIAN_POINT('',(-1.391152634941E-1,2.569147737190E0,
-8.036438484076E-1));
#5722=CARTESIAN_POINT('',(-2.750151737292E-1,2.580131919473E0,
-7.677913030817E-1));
#5723=CARTESIAN_POINT('',(-4.044553431773E-1,2.591263044293E0,
-7.083816558342E-1));
#5724=CARTESIAN_POINT('',(-5.227822929252E-1,2.602519984076E0,
-6.262045895369E-1));
#5725=CARTESIAN_POINT('',(-6.238698197074E-1,2.613684535061E0,
-5.252710176613E-1));
#5726=CARTESIAN_POINT('',(-7.045779110125E-1,2.624630507898E0,
-4.108042615696E-1));
#5727=CARTESIAN_POINT('',(-7.659727542351E-1,2.635872381964E0,
-2.807157000604E-1));
#5728=CARTESIAN_POINT('',(-8.033642113428E-1,2.647151489077E0,
-1.412964441907E-1));
#5729=CARTESIAN_POINT('',(-8.115E-1,2.654552519966E0,-4.694539722190E-2));
#5730=CARTESIAN_POINT('',(-8.115E-1,2.658235374937E0,0.E0));
#5732=CURVE_STYLE('',#15,POSITIVE_LENGTH_MEASURE(2.E-2),#4443);
#5733=PRESENTATION_STYLE_ASSIGNMENT((#5732));
#5734=STYLED_ITEM('',(#5733),#5731);
#5735=CARTESIAN_POINT('',(6.477357372185E-1,2.367054049105E0,
-4.888462587870E-1));
#5736=CARTESIAN_POINT('',(6.736643802119E-1,2.363677386913E0,
-4.544900406867E-1));
#5737=CARTESIAN_POINT('',(7.203959872586E-1,2.356881510237E0,
-3.812167867409E-1));
#5738=CARTESIAN_POINT('',(7.727948854018E-1,2.346504982645E0,
-2.592893295482E-1));
#5739=CARTESIAN_POINT('',(8.045956594129E-1,2.336110909591E0,
-1.302138197589E-1));
#5740=CARTESIAN_POINT('',(8.115E-1,2.329289866335E0,-4.325621994430E-2));
#5741=CARTESIAN_POINT('',(8.115E-1,2.325896426422E0,0.E0));
#5743=CURVE_STYLE('',#15,POSITIVE_LENGTH_MEASURE(2.E-2),#4443);
#5744=PRESENTATION_STYLE_ASSIGNMENT((#5743));
#5745=STYLED_ITEM('',(#5744),#5742);
#5746=CARTESIAN_POINT('',(-8.115E-1,2.525896426422E0,0.E0));
#5747=CARTESIAN_POINT('',(-8.115E-1,2.522387764631E0,-4.472495462212E-2));
#5748=CARTESIAN_POINT('',(-8.041301786891E-1,2.515358976012E0,
-1.343304497254E-1));
#5749=CARTESIAN_POINT('',(-7.705043233322E-1,2.504700201516E0,
-2.664602979751E-1));
#5750=CARTESIAN_POINT('',(-7.159920116469E-1,2.494169424820E0,
-3.896312307116E-1));
#5751=CARTESIAN_POINT('',(-6.428838698972E-1,2.483737064977E0,
-5.012530725822E-1));
#5752=CARTESIAN_POINT('',(-5.505501618639E-1,2.473087282340E0,
-6.014073678424E-1));
#5753=CARTESIAN_POINT('',(-4.416499523053E-1,2.462336988454E0,
-6.854060755722E-1));
#5754=CARTESIAN_POINT('',(-3.206855723628E-1,2.451634093544E0,
-7.495206686571E-1));
#5755=CARTESIAN_POINT('',(-1.935982453896E-1,2.441162245987E0,
-7.918295056574E-1));
#5756=CARTESIAN_POINT('',(-6.107710972128E-2,2.430670325754E0,
-8.129039107403E-1));
#5757=CARTESIAN_POINT('',(7.365711317761E-2,2.420137020687E0,
-8.119109917646E-1));
#5758=CARTESIAN_POINT('',(2.069359287920E-1,2.409556719561E0,
-7.884862490556E-1));
#5759=CARTESIAN_POINT('',(3.332933760324E-1,2.399083858559E0,
-7.439944577994E-1));
#5760=CARTESIAN_POINT('',(4.533114484125E-1,2.388367580506E0,
-6.777689381579E-1));
#5761=CARTESIAN_POINT('',(5.606793261312E-1,2.377621768088E0,
-5.919199076599E-1));
#5762=CARTESIAN_POINT('',(6.207702871632E-1,2.370565733683E0,
-5.245762768796E-1));
#5763=CARTESIAN_POINT('',(6.477357372185E-1,2.367054049105E0,
-4.888462587870E-1));
#5765=CURVE_STYLE('',#15,POSITIVE_LENGTH_MEASURE(2.E-2),#4443);
#5766=PRESENTATION_STYLE_ASSIGNMENT((#5765));
#5767=STYLED_ITEM('',(#5766),#5764);
#5768=DIRECTION('',(0.E0,-1.E0,0.E0));
#5769=VECTOR('',#5768,1.323389485156E-1);
#5770=CARTESIAN_POINT('',(-8.115E-1,2.658235374937E0,0.E0));
#5771=LINE('',#5770,#5769);
#5772=CURVE_STYLE('',#15,POSITIVE_LENGTH_MEASURE(2.E-2),#4443);
#5773=PRESENTATION_STYLE_ASSIGNMENT((#5772));
#5774=STYLED_ITEM('',(#5773),#5771);
#5775=CARTESIAN_POINT('',(8.115E-1,1.658235374937E0,0.E0));
#5776=CARTESIAN_POINT('',(8.115E-1,1.661920009299E0,-4.696807913076E-2));
#5777=CARTESIAN_POINT('',(8.033625308252E-1,1.669324167830E0,
-1.413616563115E-1));
#5778=CARTESIAN_POINT('',(7.659031667499E-1,1.680612603477E0,
-2.808812377652E-1));
#5779=CARTESIAN_POINT('',(7.045410007014E-1,1.691850651692E0,
-4.109417390324E-1));
#5780=CARTESIAN_POINT('',(6.233473149403E-1,1.702845677504E0,
-5.258261184897E-1));
#5781=CARTESIAN_POINT('',(5.238407225084E-1,1.713832537944E0,
-6.251138731277E-1));
#5782=CARTESIAN_POINT('',(4.074636035993E-1,1.724934087600E0,
-7.065722996947E-1));
#5783=CARTESIAN_POINT('',(2.788207186436E-1,1.736023072541E0,
-7.664195431997E-1));
#5784=CARTESIAN_POINT('',(1.427228794095E-1,1.747038072258E0,
-8.030498257330E-1));
#5785=CARTESIAN_POINT('',(-6.954514086941E-4,1.758289496742E0,
-8.157874256610E-1));
#5786=CARTESIAN_POINT('',(-1.438854835919E-1,1.769525628420E0,
-8.027988739262E-1));
#5787=CARTESIAN_POINT('',(-2.791558224272E-1,1.780475702157E0,
-7.662898081334E-1));
#5788=CARTESIAN_POINT('',(-4.086883402478E-1,1.791642872461E0,
-7.059835193288E-1));
#5789=CARTESIAN_POINT('',(-5.267973300122E-1,1.802927519994E0,
-6.228643779633E-1));
#5790=CARTESIAN_POINT('',(-6.276655399323E-1,1.814142471329E0,
-5.207974157570E-1));
#5791=CARTESIAN_POINT('',(-7.076590263810E-1,1.825114594077E0,
-4.054163992022E-1));
#5792=CARTESIAN_POINT('',(-7.672760464355E-1,1.836212260178E0,
-2.765562452714E-1));
#5793=CARTESIAN_POINT('',(-8.033279527155E-1,1.847203968012E0,
-1.406073666530E-1));
#5794=CARTESIAN_POINT('',(-8.115E-1,1.854559124632E0,-4.686120746461E-2));
#5795=CARTESIAN_POINT('',(-8.115E-1,1.858235374937E0,0.E0));
#5797=CURVE_STYLE('',#15,POSITIVE_LENGTH_MEASURE(2.E-2),#4443);
#5798=PRESENTATION_STYLE_ASSIGNMENT((#5797));
#5799=STYLED_ITEM('',(#5798),#5796);
#5800=CARTESIAN_POINT('',(-8.115E-1,1.725896426422E0,0.E0));
#5801=CARTESIAN_POINT('',(-8.115E-1,1.722245187071E0,-4.654239251368E-2));
#5802=CARTESIAN_POINT('',(-8.034859933186E-1,1.714905165844E0,
-1.401123993972E-1));
#5803=CARTESIAN_POINT('',(-7.668301024317E-1,1.703744106498E0,
-2.781538012928E-1));
#5804=CARTESIAN_POINT('',(-7.062269937771E-1,1.692547219424E0,
-4.079729356770E-1));
#5805=CARTESIAN_POINT('',(-6.257281045413E-1,1.681569322921E0,
-5.230882383878E-1));
#5806=CARTESIAN_POINT('',(-5.250236859230E-1,1.670411717866E0,
-6.242839997888E-1));
#5807=CARTESIAN_POINT('',(-4.080463329213E-1,1.659252823015E0,
-7.061714681505E-1));
#5808=CARTESIAN_POINT('',(-2.809535772885E-1,1.648287411610E0,
-7.655910965412E-1));
#5809=CARTESIAN_POINT('',(-1.445705119847E-1,1.637239441537E0,
-8.027593216383E-1));
#5810=CARTESIAN_POINT('',(-8.981970384964E-4,1.625966652670E0,
-8.157959311536E-1));
#5811=CARTESIAN_POINT('',(1.428544306438E-1,1.614688985912E0,
-8.030540595080E-1));
#5812=CARTESIAN_POINT('',(2.792061504294E-1,1.603652092589E0,
-7.662685146713E-1));
#5813=CARTESIAN_POINT('',(4.070087997984E-1,1.592631672600E0,
-7.067284555292E-1));
#5814=CARTESIAN_POINT('',(5.226594386198E-1,1.581616268612E0,
-6.261473681882E-1));
#5815=CARTESIAN_POINT('',(6.235050132355E-1,1.570493100719E0,
-5.257362448079E-1));
#5816=CARTESIAN_POINT('',(7.044925956910E-1,1.559516397605E0,
-4.109776035607E-1));
#5817=CARTESIAN_POINT('',(7.659238201551E-1,1.548270885481E0,
-2.808538685768E-1));
#5818=CARTESIAN_POINT('',(8.033618170775E-1,1.536983968107E0,
-1.413438945944E-1));
#5819=CARTESIAN_POINT('',(8.115E-1,1.529580362112E0,-4.695917316542E-2));
#5820=CARTESIAN_POINT('',(8.115E-1,1.525896426422E0,0.E0));
#5822=CURVE_STYLE('',#15,POSITIVE_LENGTH_MEASURE(2.E-2),#4443);
#5823=PRESENTATION_STYLE_ASSIGNMENT((#5822));
#5824=STYLED_ITEM('',(#5823),#5821);
#5825=DIRECTION('',(0.E0,-1.E0,0.E0));
#5826=VECTOR('',#5825,1.323389485156E-1);
#5827=CARTESIAN_POINT('',(-8.115E-1,1.858235374937E0,0.E0));
#5828=LINE('',#5827,#5826);
#5829=CURVE_STYLE('',#15,POSITIVE_LENGTH_MEASURE(2.E-2),#4443);
#5830=PRESENTATION_STYLE_ASSIGNMENT((#5829));
#5831=STYLED_ITEM('',(#5830),#5828);
#5832=CARTESIAN_POINT('',(8.115E-1,1.258235374937E0,0.E0));
#5833=CARTESIAN_POINT('',(8.115E-1,1.261919310628E0,-4.695917316542E-2));
#5834=CARTESIAN_POINT('',(8.033618170775E-1,1.269322916622E0,
-1.413438945944E-1));
#5835=CARTESIAN_POINT('',(7.659238201551E-1,1.280609833997E0,
-2.808538685768E-1));
#5836=CARTESIAN_POINT('',(7.044925956910E-1,1.291855346121E0,
-4.109776035607E-1));
#5837=CARTESIAN_POINT('',(6.235050132355E-1,1.302832049235E0,
-5.257362448079E-1));
#5838=CARTESIAN_POINT('',(5.226594386198E-1,1.313955217128E0,
-6.261473681882E-1));
#5839=CARTESIAN_POINT('',(4.070087997984E-1,1.324970621115E0,
-7.067284555292E-1));
#5840=CARTESIAN_POINT('',(2.792061504293E-1,1.335991041105E0,
-7.662685146713E-1));
#5841=CARTESIAN_POINT('',(1.428544306438E-1,1.347027934427E0,
-8.030540595080E-1));
#5842=CARTESIAN_POINT('',(-8.981970384958E-4,1.358305601186E0,
-8.157959311536E-1));
#5843=CARTESIAN_POINT('',(-1.445705119847E-1,1.369578390053E0,
-8.027593216383E-1));
#5844=CARTESIAN_POINT('',(-2.809535772885E-1,1.380626360125E0,
-7.655910965412E-1));
#5845=CARTESIAN_POINT('',(-4.080463329213E-1,1.391591771531E0,
-7.061714681505E-1));
#5846=CARTESIAN_POINT('',(-5.250236859230E-1,1.402750666381E0,
-6.242839997888E-1));
#5847=CARTESIAN_POINT('',(-6.257281045413E-1,1.413908271437E0,
-5.230882383878E-1));
#5848=CARTESIAN_POINT('',(-7.062269937771E-1,1.424886167939E0,
-4.079729356770E-1));
#5849=CARTESIAN_POINT('',(-7.668301024317E-1,1.436083055013E0,
-2.781538012928E-1));
#5850=CARTESIAN_POINT('',(-8.034859933186E-1,1.447244114360E0,
-1.401123993972E-1));
#5851=CARTESIAN_POINT('',(-8.115E-1,1.454584135587E0,-4.654239251368E-2));
#5852=CARTESIAN_POINT('',(-8.115E-1,1.458235374937E0,0.E0));
#5854=CURVE_STYLE('',#15,POSITIVE_LENGTH_MEASURE(2.E-2),#4443);
#5855=PRESENTATION_STYLE_ASSIGNMENT((#5854));
#5856=STYLED_ITEM('',(#5855),#5853);
#5857=CARTESIAN_POINT('',(7.977488116964E-1,1.137632860447E0,
-1.487584734964E-1));
#5858=CARTESIAN_POINT('',(8.007963298664E-1,1.136328658893E0,
-1.324155120393E-1));
#5859=CARTESIAN_POINT('',(8.058862389997E-1,1.133720365918E0,
-9.954360627478E-2));
#5860=CARTESIAN_POINT('',(8.104778274746E-1,1.129808897919E0,
-4.987230435830E-2));
#5861=CARTESIAN_POINT('',(8.115E-1,1.127200618105E0,-1.662454729008E-2));
#5862=CARTESIAN_POINT('',(8.115E-1,1.125896426422E0,0.E0));
#5864=CURVE_STYLE('',#15,POSITIVE_LENGTH_MEASURE(2.E-2),#4443);
#5865=PRESENTATION_STYLE_ASSIGNMENT((#5864));
#5866=STYLED_ITEM('',(#5865),#5863);
#5867=CARTESIAN_POINT('',(-8.115E-1,1.325896426422E0,0.E0));
#5868=CARTESIAN_POINT('',(-8.115E-1,1.322225059099E0,-4.679896401545E-2));
#5869=CARTESIAN_POINT('',(-8.034180301316E-1,1.314847391917E0,
-1.408531800964E-1));
#5870=CARTESIAN_POINT('',(-7.662431508737E-1,1.303601755181E0,
-2.798814314846E-1));
#5871=CARTESIAN_POINT('',(-7.052664925054E-1,1.292399997523E0,
-4.095975885851E-1));
#5872=CARTESIAN_POINT('',(-6.247950014591E-1,1.281460385845E0,
-5.241327389096E-1));
#5873=CARTESIAN_POINT('',(-5.250428418602E-1,1.270423848237E0,
-6.240583928972E-1));
#5874=CARTESIAN_POINT('',(-4.104825260316E-1,1.259475195060E0,
-7.047002965938E-1));
#5875=CARTESIAN_POINT('',(-2.829444960797E-1,1.248452014427E0,
-7.648791872218E-1));
#5876=CARTESIAN_POINT('',(-1.475168306687E-1,1.237474448610E0,
-8.021615566257E-1));
#5877=CARTESIAN_POINT('',(-4.437721702433E-3,1.226242591619E0,
-8.157588025183E-1));
#5878=CARTESIAN_POINT('',(1.388333072786E-1,1.215007526670E0,
-8.037314749123E-1));
#5879=CARTESIAN_POINT('',(2.748454255462E-1,1.204012074240E0,
-7.677851489034E-1));
#5880=CARTESIAN_POINT('',(4.025544720753E-1,1.193035008009E0,
-7.093439484297E-1));
#5881=CARTESIAN_POINT('',(5.204378960979E-1,1.181848162010E0,
-6.281267783992E-1));
#5882=CARTESIAN_POINT('',(6.217946080191E-1,1.170698000405E0,
-5.277222019704E-1));
#5883=CARTESIAN_POINT('',(7.028300397668E-1,1.159767001410E0,
-4.137211218241E-1));
#5884=CARTESIAN_POINT('',(7.641077174306E-1,1.148644258015E0,
-2.852839921586E-1));
#5885=CARTESIAN_POINT('',(7.891744716286E-1,1.141302294728E0,
-1.947401876090E-1));
#5886=CARTESIAN_POINT('',(7.977488116964E-1,1.137632860447E0,
-1.487584734964E-1));
#5888=CURVE_STYLE('',#15,POSITIVE_LENGTH_MEASURE(2.E-2),#4443);
#5889=PRESENTATION_STYLE_ASSIGNMENT((#5888));
#5890=STYLED_ITEM('',(#5889),#5887);
#5891=DIRECTION('',(0.E0,-1.E0,0.E0));
#5892=VECTOR('',#5891,1.323389485156E-1);
#5893=CARTESIAN_POINT('',(-8.115E-1,1.458235374937E0,0.E0));
#5894=LINE('',#5893,#5892);
#5895=CURVE_STYLE('',#15,POSITIVE_LENGTH_MEASURE(2.E-2),#4443);
#5896=PRESENTATION_STYLE_ASSIGNMENT((#5895));
#5897=STYLED_ITEM('',(#5896),#5894);
#5898=CARTESIAN_POINT('',(7.977488116964E-1,8.699718089627E-1,
-1.487584734964E-1));
#5899=CARTESIAN_POINT('',(7.891744716286E-1,8.736412432436E-1,
-1.947401876090E-1));
#5900=CARTESIAN_POINT('',(7.641077174306E-1,8.809832065307E-1,
-2.852839921586E-1));
#5901=CARTESIAN_POINT('',(7.028300397668E-1,8.921059499255E-1,
-4.137211218241E-1));
#5902=CARTESIAN_POINT('',(6.217946080191E-1,9.030369489210E-1,
-5.277222019704E-1));
#5903=CARTESIAN_POINT('',(5.204378960979E-1,9.141871105256E-1,
-6.281267783992E-1));
#5904=CARTESIAN_POINT('',(4.025544720753E-1,9.253739565250E-1,
-7.093439484297E-1));
#5905=CARTESIAN_POINT('',(2.748454255462E-1,9.363510227555E-1,
-7.677851489034E-1));
#5906=CARTESIAN_POINT('',(1.388333072786E-1,9.473464751851E-1,
-8.037314749123E-1));
#5907=CARTESIAN_POINT('',(-4.437721702433E-3,9.585815401344E-1,
-8.157588025183E-1));
#5908=CARTESIAN_POINT('',(-1.475168306687E-1,9.698133971256E-1,
-8.021615566257E-1));
#5909=CARTESIAN_POINT('',(-2.829444960797E-1,9.807909629426E-1,
-7.648791872218E-1));
#5910=CARTESIAN_POINT('',(-4.104825260316E-1,9.918141435750E-1,
-7.047002965938E-1));
#5911=CARTESIAN_POINT('',(-5.250428418602E-1,1.002762796753E0,
-6.240583928972E-1));
#5912=CARTESIAN_POINT('',(-6.247950014591E-1,1.013799334360E0,
-5.241327389096E-1));
#5913=CARTESIAN_POINT('',(-7.052664925054E-1,1.024738946039E0,
-4.095975885851E-1));
#5914=CARTESIAN_POINT('',(-7.662431508737E-1,1.035940703697E0,
-2.798814314846E-1));
#5915=CARTESIAN_POINT('',(-8.034180301316E-1,1.047186340432E0,
-1.408531800964E-1));
#5916=CARTESIAN_POINT('',(-8.115E-1,1.054564007615E0,-4.679896401545E-2));
#5917=CARTESIAN_POINT('',(-8.115E-1,1.058235374937E0,0.E0));
#5919=CURVE_STYLE('',#15,POSITIVE_LENGTH_MEASURE(2.E-2),#4443);
#5920=PRESENTATION_STYLE_ASSIGNMENT((#5919));
#5921=STYLED_ITEM('',(#5920),#5918);
#5922=CARTESIAN_POINT('',(8.115E-1,8.582353749371E-1,0.E0));
#5923=CARTESIAN_POINT('',(8.115E-1,8.595395666206E-1,-1.662454729008E-2));
#5924=CARTESIAN_POINT('',(8.104778274746E-1,8.621478464343E-1,
-4.987230435830E-2));
#5925=CARTESIAN_POINT('',(8.058862389997E-1,8.660593144333E-1,
-9.954360627478E-2));
#5926=CARTESIAN_POINT('',(8.007963298664E-1,8.686676074083E-1,
-1.324155120393E-1));
#5927=CARTESIAN_POINT('',(7.977488116964E-1,8.699718089627E-1,
-1.487584734964E-1));
#5929=CURVE_STYLE('',#15,POSITIVE_LENGTH_MEASURE(2.E-2),#4443);
#5930=PRESENTATION_STYLE_ASSIGNMENT((#5929));
#5931=STYLED_ITEM('',(#5930),#5928);
#5932=CARTESIAN_POINT('',(-8.115E-1,9.258964264219E-1,0.E0));
#5933=CARTESIAN_POINT('',(-8.115E-1,9.222103156436E-1,-4.698689903236E-2));
#5934=CARTESIAN_POINT('',(-8.033542626564E-1,9.148032143394E-1,
-1.414173363006E-1));
#5935=CARTESIAN_POINT('',(-7.658771976079E-1,9.035120961066E-1,
-2.809692361629E-1));
#5936=CARTESIAN_POINT('',(-7.044513695685E-1,8.922679926993E-1,
-4.110843902355E-1));
#5937=CARTESIAN_POINT('',(-6.233478178198E-1,8.812860063308E-1,
-5.258267009046E-1));
#5938=CARTESIAN_POINT('',(-5.234647701732E-1,8.702564917411E-1,
-6.255183832962E-1));
#5939=CARTESIAN_POINT('',(-4.058325724811E-1,8.590483031654E-1,
-7.075763703902E-1));
#5940=CARTESIAN_POINT('',(-2.767151502327E-1,8.479340800546E-1,
-7.671797179527E-1));
#5941=CARTESIAN_POINT('',(-1.406275347070E-1,8.369279854972E-1,
-8.034090753401E-1));
#5942=CARTESIAN_POINT('',(2.198018565539E-3,8.257249298099E-1,
-8.156979594475E-1));
#5943=CARTESIAN_POINT('',(1.435646817979E-1,8.146306983494E-1,
-8.027849592427E-1));
#5944=CARTESIAN_POINT('',(2.786477795454E-1,8.036983771425E-1,
-7.664864416034E-1));
#5945=CARTESIAN_POINT('',(4.083155602805E-1,7.925228958434E-1,
-7.062047061758E-1));
#5946=CARTESIAN_POINT('',(5.264891647649E-1,7.812352921129E-1,
-6.231188239441E-1));
#5947=CARTESIAN_POINT('',(6.274320609838E-1,7.700201914959E-1,
-5.211123598599E-1));
#5948=CARTESIAN_POINT('',(7.075188131511E-1,7.590323992208E-1,
-4.055652225435E-1));
#5949=CARTESIAN_POINT('',(7.667985303452E-1,7.480286492126E-1,
-2.778663368124E-1));
#5950=CARTESIAN_POINT('',(8.033583905058E-1,7.369423735514E-1,
-1.408065581741E-1));
#5951=CARTESIAN_POINT('',(8.115E-1,7.295784710850E-1,-4.693506820603E-2));
#5952=CARTESIAN_POINT('',(8.115E-1,7.258964264224E-1,0.E0));
#5954=CURVE_STYLE('',#15,POSITIVE_LENGTH_MEASURE(2.E-2),#4443);
#5955=PRESENTATION_STYLE_ASSIGNMENT((#5954));
#5956=STYLED_ITEM('',(#5955),#5953);
#5957=DIRECTION('',(0.E0,-1.E0,0.E0));
#5958=VECTOR('',#5957,1.323389485151E-1);
#5959=CARTESIAN_POINT('',(-8.115E-1,1.058235374937E0,0.E0));
#5960=LINE('',#5959,#5958);
#5961=CURVE_STYLE('',#15,POSITIVE_LENGTH_MEASURE(2.E-2),#4443);
#5962=PRESENTATION_STYLE_ASSIGNMENT((#5961));
#5963=STYLED_ITEM('',(#5962),#5960);
#5964=CARTESIAN_POINT('',(8.115E-1,4.582353749379E-1,0.E0));
#5965=CARTESIAN_POINT('',(8.115E-1,4.619174196005E-1,-4.693506820603E-2));
#5966=CARTESIAN_POINT('',(8.033583905058E-1,4.692813220669E-1,
-1.408065581741E-1));
#5967=CARTESIAN_POINT('',(7.667985303452E-1,4.803675977281E-1,
-2.778663368124E-1));
#5968=CARTESIAN_POINT('',(7.075188131511E-1,4.913713477363E-1,
-4.055652225435E-1));
#5969=CARTESIAN_POINT('',(6.274320609838E-1,5.023591400114E-1,
-5.211123598599E-1));
#5970=CARTESIAN_POINT('',(5.264891647649E-1,5.135742406284E-1,
-6.231188239441E-1));
#5971=CARTESIAN_POINT('',(4.083155602804E-1,5.248618443589E-1,
-7.062047061758E-1));
#5972=CARTESIAN_POINT('',(2.786477795454E-1,5.360373256580E-1,
-7.664864416034E-1));
#5973=CARTESIAN_POINT('',(1.435646817979E-1,5.469696468649E-1,
-8.027849592427E-1));
#5974=CARTESIAN_POINT('',(2.198018565544E-3,5.580638783254E-1,
-8.156979594475E-1));
#5975=CARTESIAN_POINT('',(-1.406275347070E-1,5.692669340127E-1,
-8.034090753401E-1));
#5976=CARTESIAN_POINT('',(-2.767151502327E-1,5.802730285701E-1,
-7.671797179527E-1));
#5977=CARTESIAN_POINT('',(-4.058325724811E-1,5.913872516809E-1,
-7.075763703902E-1));
#5978=CARTESIAN_POINT('',(-5.234647701732E-1,6.025954402566E-1,
-6.255183832962E-1));
#5979=CARTESIAN_POINT('',(-6.233478178198E-1,6.136249548463E-1,
-5.258267009046E-1));
#5980=CARTESIAN_POINT('',(-7.044513695685E-1,6.246069412148E-1,
-4.110843902355E-1));
#5981=CARTESIAN_POINT('',(-7.658771976079E-1,6.358510446221E-1,
-2.809692361629E-1));
#5982=CARTESIAN_POINT('',(-8.033542626564E-1,6.471421628549E-1,
-1.414173363006E-1));
#5983=CARTESIAN_POINT('',(-8.115E-1,6.545492641591E-1,-4.698689903237E-2));
#5984=CARTESIAN_POINT('',(-8.115E-1,6.582353749374E-1,0.E0));
#5986=CURVE_STYLE('',#15,POSITIVE_LENGTH_MEASURE(2.E-2),#4443);
#5987=PRESENTATION_STYLE_ASSIGNMENT((#5986));
#5988=STYLED_ITEM('',(#5987),#5985);
#5989=CARTESIAN_POINT('',(-8.115E-1,5.258964264227E-1,0.E0));
#5990=CARTESIAN_POINT('',(-8.115E-1,5.222153855867E-1,-4.692227241616E-2));
#5991=CARTESIAN_POINT('',(-8.033794654794E-1,5.148289975491E-1,
-1.410867243217E-1));
#5992=CARTESIAN_POINT('',(-7.661909330225E-1,5.035958863133E-1,
-2.799431535118E-1));
#5993=CARTESIAN_POINT('',(-7.055541878895E-1,4.924510761467E-1,
-4.090068916761E-1));
#5994=CARTESIAN_POINT('',(-6.254139944320E-1,4.815307149820E-1,
-5.234693502680E-1));
#5995=CARTESIAN_POINT('',(-5.240533232604E-1,4.703080228497E-1,
-6.251876016568E-1));
#5996=CARTESIAN_POINT('',(-4.056789157663E-1,4.590339742084E-1,
-7.076855086729E-1));
#5997=CARTESIAN_POINT('',(-2.762111922102E-1,4.478919249801E-1,
-7.673780785148E-1));
#5998=CARTESIAN_POINT('',(-1.404312949198E-1,4.369136387101E-1,
-8.033598568061E-1));
#5999=CARTESIAN_POINT('',(2.940456728865E-4,4.258734527364E-1,
-8.155891005995E-1));
#6000=CARTESIAN_POINT('',(1.408161113502E-1,4.148486488787E-1,
-8.032834905680E-1));
#6001=CARTESIAN_POINT('',(2.765898694543E-1,4.038695538715E-1,
-7.672452160374E-1));
#6002=CARTESIAN_POINT('',(4.060450024291E-1,3.927259940454E-1,
-7.074761046883E-1));
#6003=CARTESIAN_POINT('',(5.243786933251E-1,3.814515957355E-1,
-6.249132971563E-1));
#6004=CARTESIAN_POINT('',(6.256755536848E-1,3.702304647682E-1,
-5.231585311238E-1));
#6005=CARTESIAN_POINT('',(7.057479050734E-1,3.593105030035E-1,
-4.086563547859E-1));
#6006=CARTESIAN_POINT('',(7.662320246791E-1,3.481849500476E-1,
-2.797938936501E-1));
#6007=CARTESIAN_POINT('',(8.033835967797E-1,3.369603157739E-1,
-1.410418736431E-1));
#6008=CARTESIAN_POINT('',(8.115E-1,3.295769759223E-1,-4.691600934217E-2));
#6009=CARTESIAN_POINT('',(8.115E-1,3.258964264229E-1,0.E0));
#6011=CURVE_STYLE('',#15,POSITIVE_LENGTH_MEASURE(2.E-2),#4443);
#6012=PRESENTATION_STYLE_ASSIGNMENT((#6011));
#6013=STYLED_ITEM('',(#6012),#6010);
#6014=DIRECTION('',(0.E0,-1.E0,1.048654833938E-14));
#6015=VECTOR('',#6014,1.323389485147E-1);
#6016=CARTESIAN_POINT('',(-8.115E-1,6.582353749374E-1,0.E0));
#6017=LINE('',#6016,#6015);
#6018=CURVE_STYLE('',#15,POSITIVE_LENGTH_MEASURE(2.E-2),#4443);
#6019=PRESENTATION_STYLE_ASSIGNMENT((#6018));
#6020=STYLED_ITEM('',(#6019),#6017);
#6021=DIRECTION('',(3.861354940746E-1,5.E-1,-7.751769992820E-1));
#6022=VECTOR('',#6021,2.176610514845E-1);
#6023=CARTESIAN_POINT('',(3.618242052395E-1,3.328814186279E0,
-7.263714576598E-1));
#6024=LINE('',#6023,#6022);
#6025=CURVE_STYLE('',#15,POSITIVE_LENGTH_MEASURE(2.E-2),#4443);
#6026=PRESENTATION_STYLE_ASSIGNMENT((#6025));
#6027=STYLED_ITEM('',(#6026),#6024);
#6028=DIRECTION('',(0.E0,1.E0,0.E0));
#6029=VECTOR('',#6028,5.E-2);
#6030=CARTESIAN_POINT('',(4.458708628952E-1,3.437644712021E0,
-8.950972984101E-1));
#6031=LINE('',#6030,#6029);
#6032=CURVE_STYLE('',#15,POSITIVE_LENGTH_MEASURE(2.E-2),#4443);
#6033=PRESENTATION_STYLE_ASSIGNMENT((#6032));
#6034=STYLED_ITEM('',(#6033),#6031);
#6035=CARTESIAN_POINT('',(4.458708628952E-1,3.437644712021E0,
-8.950972984101E-1));
#6036=CARTESIAN_POINT('',(4.955428544719E-1,3.434111892514E0,
-8.703544086870E-1));
#6037=CARTESIAN_POINT('',(5.907573770995E-1,3.427046253498E0,
-8.125804763543E-1));
#6038=CARTESIAN_POINT('',(7.172443035738E-1,3.416447794975E0,
-7.034500510063E-1));
#6039=CARTESIAN_POINT('',(8.238980463292E-1,3.405849336453E0,
-5.748681131373E-1));
#6040=CARTESIAN_POINT('',(9.077696481295E-1,3.395250877930E0,
-4.303900724155E-1));
#6041=CARTESIAN_POINT('',(9.665398627687E-1,3.384652419407E0,
-2.740110193044E-1));
#6042=CARTESIAN_POINT('',(9.985836081627E-1,3.374053960884E0,
-1.100550936212E-1));
#6043=CARTESIAN_POINT('',(1.003014816359E0,3.363455502361E0,5.694404231181E-2));
#6044=CARTESIAN_POINT('',(9.797109579414E-1,3.352857043838E0,
2.223685786632E-1));
#6045=CARTESIAN_POINT('',(9.293164239823E-1,3.342258585315E0,
3.816442453079E-1));
#6046=CARTESIAN_POINT('',(8.532247091928E-1,3.331660126792E0,
5.303667990082E-1));
#6047=CARTESIAN_POINT('',(7.535398789772E-1,3.321061668269E0,
6.644238080144E-1));
#6048=CARTESIAN_POINT('',(6.330183885627E-1,3.310463209746E0,
7.801083678614E-1));
#6049=CARTESIAN_POINT('',(4.949928622889E-1,3.299864751223E0,
8.742216035702E-1));
#6050=CARTESIAN_POINT('',(3.432799408808E-1,3.289266292700E0,
9.441611239903E-1));
#6051=CARTESIAN_POINT('',(1.820747448352E-1,3.278667834178E0,
9.879929823430E-1));
#6052=CARTESIAN_POINT('',(1.583487219852E-2,3.268069375655E0,1.004505153142E0));
#6053=CARTESIAN_POINT('',(-1.508428616059E-1,3.257470917132E0,
9.932410467597E-1));
#6054=CARTESIAN_POINT('',(-3.133495335480E-1,3.246872458609E0,
9.545121349103E-1));
#6055=CARTESIAN_POINT('',(-4.671915575577E-1,3.236274000086E0,
8.893893379238E-1));
#6056=CARTESIAN_POINT('',(-6.081149398277E-1,3.225675541563E0,
7.996734119778E-1));
#6057=CARTESIAN_POINT('',(-7.322229089824E-1,3.215077083040E0,
6.878451551237E-1));
#6058=CARTESIAN_POINT('',(-8.360836684396E-1,3.204478624517E0,
5.569968089984E-1));
#6059=CARTESIAN_POINT('',(-9.168252914262E-1,3.193880165994E0,
4.107465530798E-1));
#6060=CARTESIAN_POINT('',(-9.722151346422E-1,3.183281707471E0,
2.531384558664E-1));
#6061=CARTESIAN_POINT('',(-1.000721574648E0,3.172683248948E0,
8.853064949932E-2));
#6062=CARTESIAN_POINT('',(-1.001556359857E0,3.162084790425E0,
-7.852518000807E-2));
#6063=CARTESIAN_POINT('',(-9.746964070395E-1,3.151486331903E0,
-2.434096546361E-1));
#6064=CARTESIAN_POINT('',(-9.208844396061E-1,3.140887873380E0,
-4.015634380234E-1));
#6065=CARTESIAN_POINT('',(-8.416084500461E-1,3.130289414857E0,
-5.486133088769E-1));
#6066=CARTESIAN_POINT('',(-7.390605544008E-1,3.119690956334E0,
-6.804930879844E-1));
#6067=CARTESIAN_POINT('',(-6.160763765242E-1,3.109092497811E0,
-7.935560749907E-1));
#6068=CARTESIAN_POINT('',(-4.760566382572E-1,3.098494039288E0,
-8.846758858684E-1));
#6069=CARTESIAN_POINT('',(-3.228731236805E-1,3.087895580765E0,
-9.513329027583E-1));
#6070=CARTESIAN_POINT('',(-1.607616176948E-1,3.077297122242E0,
-9.916839456913E-1));
#6071=CARTESIAN_POINT('',(5.795220641067E-3,3.066698663719E0,
-1.004613239652E0));
#6072=CARTESIAN_POINT('',(1.721918112625E-1,3.056100205196E0,
-9.897632676554E-1));
#6073=CARTESIAN_POINT('',(3.338270052273E-1,3.045501746673E0,
-9.475446567032E-1));
#6074=CARTESIAN_POINT('',(4.862313143144E-1,3.034903288151E0,
-8.791248232452E-1));
#6075=CARTESIAN_POINT('',(6.251904999812E-1,3.024304829628E0,
-7.863956921290E-1));
#6076=CARTESIAN_POINT('',(7.468621042315E-1,3.013706371105E0,
-6.719213816576E-1));
#6077=CARTESIAN_POINT('',(8.478817001193E-1,3.003107912582E0,
-5.388673013541E-1));
#6078=CARTESIAN_POINT('',(9.254559238800E-1,2.992509454059E0,
-3.909126230007E-1));
#6079=CARTESIAN_POINT('',(9.774397161931E-1,2.981910995536E0,
-2.321485452769E-1));
#6080=CARTESIAN_POINT('',(1.002395636723E0,2.971312537013E0,
-6.696516515276E-2));
#6081=CARTESIAN_POINT('',(9.996336117922E-1,2.960714078490E0,
1.000699157645E-1));
#6082=CARTESIAN_POINT('',(9.692300160902E-1,2.950115619967E0,
2.643378931889E-1));
#6083=CARTESIAN_POINT('',(9.120255607863E-1,2.939517161444E0,
4.212964779561E-1));
#6084=CARTESIAN_POINT('',(8.296020464332E-1,2.928918702921E0,
5.666054980493E-1));
#6085=CARTESIAN_POINT('',(7.242386234899E-1,2.918320244398E0,
6.962469117427E-1));
#6086=CARTESIAN_POINT('',(5.988487699324E-1,2.907721785876E0,
8.066359132943E-1));
#6087=CARTESIAN_POINT('',(4.568997286287E-1,2.897123327353E0,
8.947200589262E-1));
#6088=CARTESIAN_POINT('',(3.023166321720E-1,2.886524868830E0,
9.580636720897E-1));
#6089=CARTESIAN_POINT('',(1.393739662843E-1,2.875926410307E0,
9.949151940683E-1));
#6090=CARTESIAN_POINT('',(-2.742262698964E-2,2.865327951784E0,
1.004255617557E0));
#6091=CARTESIAN_POINT('',(-1.934609379532E-1,2.854729493261E0,
9.858266639486E-1));
#6092=CARTESIAN_POINT('',(-3.541497247064E-1,2.844131034738E0,
9.401379251770E-1));
#6093=CARTESIAN_POINT('',(-5.050456687985E-1,2.833532576215E0,
8.684527726328E-1));
#6094=CARTESIAN_POINT('',(-6.419762405463E-1,2.822934117692E0,
7.727534227940E-1));
#6095=CARTESIAN_POINT('',(-7.611550765811E-1,2.812335659169E0,
6.556861255666E-1));
#6096=CARTESIAN_POINT('',(-8.592866792409E-1,2.801737200646E0,
5.204879909709E-1));
#6097=CARTESIAN_POINT('',(-9.336575426893E-1,2.791138742123E0,
3.708974775395E-1));
#6098=CARTESIAN_POINT('',(-9.822111859707E-1,2.780540283601E0,
2.110510175760E-1));
#6099=CARTESIAN_POINT('',(-1.003605018209E0,2.769941825078E0,
4.536863776176E-2));
#6100=CARTESIAN_POINT('',(-9.972474635287E-1,2.759343366555E0,
-1.215682621053E-1));
#6101=CARTESIAN_POINT('',(-9.633143191388E-1,2.748744908032E0,
-2.851435926126E-1));
#6102=CARTESIAN_POINT('',(-9.027438942363E-1,2.738146449509E0,
-4.408342174616E-1));
#6103=CARTESIAN_POINT('',(-8.172110641623E-1,2.727547990986E0,
-5.843350258854E-1));
#6104=CARTESIAN_POINT('',(-7.090809572478E-1,2.716949532463E0,
-7.116779762886E-1));
#6105=CARTESIAN_POINT('',(-5.813435549895E-1,2.706351073940E0,
-8.193418193513E-1));
#6106=CARTESIAN_POINT('',(-4.375310139724E-1,2.695752615417E0,
-9.043494665659E-1));
#6107=CARTESIAN_POINT('',(-2.816199957288E-1,2.685154156894E0,
-9.643503118014E-1));
#6108=CARTESIAN_POINT('',(-1.179217052780E-1,2.674555698371E0,
-9.976852295640E-1));
#6109=CARTESIAN_POINT('',(4.903732102978E-2,2.663957239848E0,
-1.003432452640E0));
#6110=CARTESIAN_POINT('',(2.146403819482E-1,2.653358781325E0,
-9.814330605308E-1));
#6111=CARTESIAN_POINT('',(3.743082709817E-1,2.642760322803E0,
-9.322953738706E-1));
#6112=CARTESIAN_POINT('',(5.236258992393E-1,2.632161864280E0,
-8.573781333295E-1));
#6113=CARTESIAN_POINT('',(6.584643801567E-1,2.621563405757E0,
-7.587529281200E-1));
#6114=CARTESIAN_POINT('',(7.750952002377E-1,2.610964947234E0,
-6.391469130288E-1));
#6115=CARTESIAN_POINT('',(8.702933187980E-1,2.600366488711E0,
-5.018673979462E-1));
#6116=CARTESIAN_POINT('',(9.414263458296E-1,2.589768030188E0,
-3.507103951178E-1));
#6117=CARTESIAN_POINT('',(9.865273320646E-1,2.579169571665E0,
-1.898556529453E-1));
#6118=CARTESIAN_POINT('',(1.004349158470E0,2.568571113142E0,
-2.375107882918E-2));
#6119=CARTESIAN_POINT('',(9.943990212137E-1,2.557972654619E0,
1.430102530416E-1));
#6120=CARTESIAN_POINT('',(9.569520585250E-1,2.547374196096E0,
3.058171080083E-1));
#6121=CARTESIAN_POINT('',(8.930437426585E-1,2.536775737573E0,
4.601675994291E-1));
#6122=CARTESIAN_POINT('',(8.044412473216E-1,2.526177279051E0,
6.017936735074E-1));
#6123=CARTESIAN_POINT('',(6.935945823144E-1,2.515578820528E0,
7.267791282432E-1));
#6124=CARTESIAN_POINT('',(5.635688465884E-1,2.504980362005E0,
8.316679030844E-1));
#6125=CARTESIAN_POINT('',(4.179594730441E-1,2.494381903482E0,
9.135596448828E-1));
#6126=CARTESIAN_POINT('',(2.607928086912E-1,2.483783444959E0,
9.701899075958E-1));
#6127=CARTESIAN_POINT('',(9.641477930127E-2,2.473184986436E0,
9.999927680729E-1));
#6128=CARTESIAN_POINT('',(-7.062928283709E-2,2.462586527913E0,
1.002144126497E0));
#6129=CARTESIAN_POINT('',(-2.357203250920E-1,2.451988069390E0,
9.765844941449E-1));
#6130=CARTESIAN_POINT('',(-3.942932991553E-1,2.441389610867E0,
9.240206383556E-1));
#6131=CARTESIAN_POINT('',(-5.419633923986E-1,2.430791152344E0,
8.459060392062E-1));
#6132=CARTESIAN_POINT('',(-6.746472754050E-1,2.420192693821E0,
7.444006983167E-1));
#6133=CARTESIAN_POINT('',(-7.886760129776E-1,2.409594235298E0,
6.223114111275E-1));
#6134=CARTESIAN_POINT('',(-8.808965164424E-1,2.398995776776E0,
4.830141542290E-1));
#6135=CARTESIAN_POINT('',(-9.487587319165E-1,2.388397318253E0,
3.303607338621E-1));
#6136=CARTESIAN_POINT('',(-9.903861536389E-1,2.377798859730E0,
1.685722769206E-1));
#6137=CARTESIAN_POINT('',(-1.004627712548E0,2.367200401207E0,
2.122509607492E-3));
#6138=CARTESIAN_POINT('',(-9.910896052996E-1,2.356601942684E0,
-1.643859487089E-1));
#6139=CARTESIAN_POINT('',(-9.501461836022E-1,2.346003484161E0,
-3.263488557539E-1));
#6140=CARTESIAN_POINT('',(-8.829296027525E-1,2.335405025638E0,
-4.792876614823E-1));
#6141=CARTESIAN_POINT('',(-7.912985156152E-1,2.324806567115E0,
-6.189733476093E-1));
#6142=CARTESIAN_POINT('',(-6.777866777092E-1,2.314208108592E0,
-7.415433671656E-1));
#6143=CARTESIAN_POINT('',(-5.455328845496E-1,2.303609650069E0,
-8.436084504881E-1));
#6144=CARTESIAN_POINT('',(-3.981941786302E-1,2.293011191546E0,
-9.223463243230E-1));
#6145=CARTESIAN_POINT('',(-2.398447258945E-1,2.282412733023E0,
-9.755797523786E-1));
#6146=CARTESIAN_POINT('',(-7.486315841211E-2,2.271814274501E0,
-1.001836740011E0));
#6147=CARTESIAN_POINT('',(9.218850336757E-2,2.261215815978E0,
-1.000391235901E0));
#6148=CARTESIAN_POINT('',(2.566909940766E-1,2.250617357455E0,
-9.712832141343E-1));
#6149=CARTESIAN_POINT('',(4.140955495363E-1,2.240018898932E0,
-9.153175482319E-1));
#6150=CARTESIAN_POINT('',(5.600496297651E-1,2.229420440409E0,
-8.340418319664E-1));
#6151=CARTESIAN_POINT('',(6.905174908137E-1,2.218821981886E0,
-7.297032986291E-1));
#6152=CARTESIAN_POINT('',(7.647664777590E-1,2.211756342871E0,
-6.466929347342E-1));
#6153=CARTESIAN_POINT('',(7.981956096346E-1,2.208223523363E0,
-6.023983472421E-1));
#6155=CURVE_STYLE('',#15,POSITIVE_LENGTH_MEASURE(2.E-2),#4443);
#6156=PRESENTATION_STYLE_ASSIGNMENT((#6155));
#6157=STYLED_ITEM('',(#6156),#6154);
#6158=CARTESIAN_POINT('',(-9.438546479834E-1,4.3885E0,3.303610199164E-1));
#6159=CARTESIAN_POINT('',(-9.621297301040E-1,4.384978313748E0,
2.781483793144E-1));
#6160=CARTESIAN_POINT('',(-9.899947437232E-1,4.377934941245E0,
1.706840443249E-1));
#6161=CARTESIAN_POINT('',(-1.004589309524E0,4.367369882489E0,
4.796857719594E-3));
#6162=CARTESIAN_POINT('',(-9.915796182937E-1,4.356804823734E0,
-1.612219734416E-1));
#6163=CARTESIAN_POINT('',(-9.513232243138E-1,4.346239764979E0,
-3.228107759656E-1));
#6164=CARTESIAN_POINT('',(-8.849262770727E-1,4.335674706223E0,
-4.755293418182E-1));
#6165=CARTESIAN_POINT('',(-7.942132433633E-1,4.325109647468E0,
-6.151812707912E-1));
#6166=CARTESIAN_POINT('',(-6.816767430682E-1,4.314544588713E0,
-7.379291900305E-1));
#6167=CARTESIAN_POINT('',(-5.504090651148E-1,4.303979529957E0,
-8.404002217239E-1));
#6168=CARTESIAN_POINT('',(-4.040171950186E-1,4.293414471202E0,
-9.197786569261E-1));
#6169=CARTESIAN_POINT('',(-2.465237023982E-1,4.282849412447E0,
-9.738833275966E-1));
#6170=CARTESIAN_POINT('',(-8.225620826731E-2,4.272284353691E0,
-1.001227540479E0));
#6171=CARTESIAN_POINT('',(8.427152969973E-2,4.261719294936E0,
-1.001059928723E0));
#6172=CARTESIAN_POINT('',(2.484836466382E-1,4.251154236181E0,
-9.733850979785E-1));
#6173=CARTESIAN_POINT('',(4.058679065353E-1,4.240589177426E0,
-9.189634998507E-1));
#6174=CARTESIAN_POINT('',(5.520996898773E-1,4.230024118670E0,
-8.392905361379E-1));
#6175=CARTESIAN_POINT('',(6.831608259511E-1,4.219459059915E0,
-7.365554680396E-1));
#6176=CARTESIAN_POINT('',(7.954500045183E-1,4.208894001160E0,
-6.135812594311E-1));
#6177=CARTESIAN_POINT('',(8.858817329560E-1,4.198328942404E0,
-4.737470071969E-1));
#6178=CARTESIAN_POINT('',(9.519711197147E-1,4.187763883649E0,
-3.208950900875E-1));
#6179=CARTESIAN_POINT('',(9.919021544016E-1,4.177198824894E0,
-1.592255874750E-1));
#6180=CARTESIAN_POINT('',(1.004577608285E0,4.166633766138E0,6.819130824013E-3));
#6181=CARTESIAN_POINT('',(9.896491840502E-1,4.156068707383E0,
1.726764724041E-1));
#6182=CARTESIAN_POINT('',(9.475270863436E-1,4.145503648628E0,
3.337889936150E-1));
#6183=CARTESIAN_POINT('',(8.793687501325E-1,4.134938589872E0,
4.857296294274E-1));
#6184=CARTESIAN_POINT('',(7.870470365976E-1,4.124373531117E0,
6.243233407427E-1));
#6185=CARTESIAN_POINT('',(6.730987704772E-1,4.113808472362E0,
7.457618365103E-1));
#6186=CARTESIAN_POINT('',(5.406550329579E-1,4.103243413606E0,
8.467082183081E-1));
#6187=CARTESIAN_POINT('',(3.933551255311E-1,4.092678354851E0,
9.243886719512E-1));
#6188=CARTESIAN_POINT('',(2.352465689238E-1,4.082113296096E0,
9.766686866194E-1));
#6189=CARTESIAN_POINT('',(7.067388494308E-2,4.071548237340E0,1.002111707147E0));
#6190=CARTESIAN_POINT('',(-9.584078270321E-2,4.060983178585E0,
1.000018607819E0));
#6191=CARTESIAN_POINT('',(-2.597219282973E-1,4.050418119830E0,
9.704469030167E-1));
#6192=CARTESIAN_POINT('',(-4.164664102885E-1,4.039853061074E0,
9.142091668293E-1));
#6193=CARTESIAN_POINT('',(-5.617671890402E-1,4.029288002319E0,
8.328507050673E-1));
#6194=CARTESIAN_POINT('',(-6.916316760716E-1,4.018722943564E0,
7.286070932043E-1));
#6195=CARTESIAN_POINT('',(-8.024914427789E-1,4.008157884808E0,
6.043427470235E-1));
#6196=CARTESIAN_POINT('',(-8.913002740533E-1,3.997592826053E0,
4.634722139307E-1));
#6197=CARTESIAN_POINT('',(-9.556178724660E-1,3.987027767298E0,
3.098663476998E-1));
#6198=CARTESIAN_POINT('',(-9.936769129914E-1,3.976462708542E0,
1.477459447875E-1));
#6199=CARTESIAN_POINT('',(-1.004431605730E0,3.965897649787E0,
-1.843423510849E-2));
#6200=CARTESIAN_POINT('',(-9.875864322218E-1,3.955332591032E0,
-1.841078773562E-1));
#6201=CARTESIAN_POINT('',(-9.436042657310E-1,3.944767532277E0,
-3.447225860131E-1));
#6202=CARTESIAN_POINT('',(-8.736936523699E-1,3.934202473521E0,
-4.958649749899E-1));
#6203=CARTESIAN_POINT('',(-7.797756025558E-1,3.923637414766E0,
-6.333819394899E-1));
#6204=CARTESIAN_POINT('',(-6.644308053055E-1,3.913072356011E0,
-7.534947754128E-1));
#6205=CARTESIAN_POINT('',(-5.308287158195E-1,3.902507297255E0,
-8.529030109424E-1));
#6206=CARTESIAN_POINT('',(-3.826404648936E-1,3.891942238500E0,
-9.288750972220E-1));
#6207=CARTESIAN_POINT('',(-2.239379832412E-1,3.881377179745E0,
-9.793234661107E-1));
#6208=CARTESIAN_POINT('',(-5.908211259771E-2,3.870812120989E0,
-1.002861892578E0));
#6209=CARTESIAN_POINT('',(1.073972218993E-1,3.860247062234E0,
-9.988435855236E-1));
#6210=CARTESIAN_POINT('',(2.709254854197E-1,3.849682003479E0,
-9.673789603683E-1));
#6211=CARTESIAN_POINT('',(4.270092329395E-1,3.839116944723E0,
-9.093326050449E-1));
#6212=CARTESIAN_POINT('',(5.713595805463E-1,3.828551885968E0,
-8.262995227707E-1));
#6213=CARTESIAN_POINT('',(7.000100557957E-1,3.817986827213E0,
-7.205613043997E-1));
#6214=CARTESIAN_POINT('',(8.094255888139E-1,3.807421768457E0,
-5.950234346532E-1));
#6215=CARTESIAN_POINT('',(8.965996492815E-1,3.796856709702E0,
-4.531354549377E-1));
#6216=CARTESIAN_POINT('',(9.591368601559E-1,3.786291650947E0,
-2.987961765209E-1));
#6217=CARTESIAN_POINT('',(9.953188180678E-1,3.775726592191E0,
-1.362465486289E-1));
#6218=CARTESIAN_POINT('',(1.004151311771E0,3.765161533436E0,3.004687475618E-2));
#6219=CARTESIAN_POINT('',(9.853916411705E-1,3.754596474681E0,
1.955146672874E-1));
#6220=CARTESIAN_POINT('',(9.395552862629E-1,3.744031415925E0,
3.556100893797E-1));
#6221=CARTESIAN_POINT('',(8.679017427242E-1,3.733466357170E0,
5.059340239494E-1));
#6222=CARTESIAN_POINT('',(7.723999133710E-1,3.722901298415E0,
6.423558557666E-1));
#6223=CARTESIAN_POINT('',(6.556740064636E-1,3.712336239659E0,
7.611269728903E-1));
#6224=CARTESIAN_POINT('',(5.209314274637E-1,3.701771180904E0,
8.589837713798E-1));
#6225=CARTESIAN_POINT('',(3.718746456454E-1,3.691206122149E0,
9.332373329113E-1));
#6226=CARTESIAN_POINT('',(2.125994572956E-1,3.680641063394E0,
9.818473111288E-1));
#6227=CARTESIAN_POINT('',(4.748244103836E-2,3.670076004638E0,1.003477996473E0));
#6228=CARTESIAN_POINT('',(-1.189393022050E-1,3.659510945883E0,
9.975350189363E-1));
#6229=CARTESIAN_POINT('',(-2.820928201022E-1,3.648945887128E0,
9.641816802139E-1));
#6230=CARTESIAN_POINT('',(-4.374949649247E-1,3.638380828372E0,
9.043344664883E-1));
#6231=CARTESIAN_POINT('',(-5.808755819035E-1,3.627815769617E0,
8.196378651341E-1));
#6232=CARTESIAN_POINT('',(-7.082948449433E-1,3.617250710862E0,
7.124191773387E-1));
#6233=CARTESIAN_POINT('',(-8.162515155357E-1,3.606685652106E0,
5.856245683020E-1));
#6234=CARTESIAN_POINT('',(-9.017791501202E-1,3.596120593351E0,
4.427381122309E-1));
#6235=CARTESIAN_POINT('',(-9.625276122997E-1,3.585555534596E0,
2.876860566206E-1));
#6236=CARTESIAN_POINT('',(-9.968276501100E-1,3.574990475840E0,
1.247289364559E-1));
#6237=CARTESIAN_POINT('',(-1.003736763882E0,3.564425417085E0,
-4.165549717014E-2));
#6238=CARTESIAN_POINT('',(-9.830651043373E-1,3.553860358330E0,
-2.068953171222E-1));
#6239=CARTESIAN_POINT('',(-9.353806892841E-1,3.543295299574E0,
-3.664500480682E-1));
#6240=CARTESIAN_POINT('',(-8.619937955645E-1,3.532730240819E0,
-5.159354300838E-1));
#6241=CARTESIAN_POINT('',(-7.649209551743E-1,3.522165182064E0,
-6.512438897751E-1));
#6242=CARTESIAN_POINT('',(-6.468295446899E-1,3.511600123308E0,
-7.686574085088E-1));
#6243=CARTESIAN_POINT('',(-5.109644912812E-1,3.501035064553E0,
-8.649496866961E-1));
#6244=CARTESIAN_POINT('',(-3.610591066636E-1,3.490470005798E0,
-9.374747955434E-1));
#6245=CARTESIAN_POINT('',(-2.012325089043E-1,3.479904947042E0,
-9.842398851694E-1));
#6246=CARTESIAN_POINT('',(-3.587641415269E-2,3.469339888287E0,
-1.003959932987E0));
#6247=CARTESIAN_POINT('',(1.304654544239E-1,3.458774829532E0,
-9.960930959787E-1));
#6248=CARTESIAN_POINT('',(2.932225364411E-1,3.448209770777E0,
-9.608554416299E-1));
#6249=CARTESIAN_POINT('',(3.963554066271E-1,3.441166398273E0,
-9.197622138915E-1));
#6250=CARTESIAN_POINT('',(4.458708628952E-1,3.437644712021E0,
-8.950972984101E-1));
#6252=CURVE_STYLE('',#15,POSITIVE_LENGTH_MEASURE(2.E-2),#4443);
#6253=PRESENTATION_STYLE_ASSIGNMENT((#6252));
#6254=STYLED_ITEM('',(#6253),#6251);
#6255=CARTESIAN_POINT('',(0.E0,4.3885E0,0.E0));
#6256=DIRECTION('',(0.E0,-1.E0,0.E0));
#6257=DIRECTION('',(-1.E0,0.E0,0.E0));
#6258=AXIS2_PLACEMENT_3D('',#6255,#6256,#6257);
#6260=CURVE_STYLE('',#15,POSITIVE_LENGTH_MEASURE(2.E-2),#4443);
#6261=PRESENTATION_STYLE_ASSIGNMENT((#6260));
#6262=STYLED_ITEM('',(#6261),#6259);
#6263=CARTESIAN_POINT('',(0.E0,4.5E0,0.E0));
#6264=DIRECTION('',(0.E0,-1.E0,0.E0));
#6265=DIRECTION('',(-1.E0,0.E0,0.E0));
#6266=AXIS2_PLACEMENT_3D('',#6263,#6264,#6265);
#6268=CURVE_STYLE('',#15,POSITIVE_LENGTH_MEASURE(2.E-2),#4443);
#6269=PRESENTATION_STYLE_ASSIGNMENT((#6268));
#6270=STYLED_ITEM('',(#6269),#6267);
#6271=CARTESIAN_POINT('',(-9.010065394661E-1,4.3885E0,-4.338055046208E-1));
#6272=CARTESIAN_POINT('',(-8.752750019142E-1,4.386291168336E0,
-4.821577078951E-1));
#6273=CARTESIAN_POINT('',(-8.157305469167E-1,4.381852851948E0,
-5.747190937684E-1));
#6274=CARTESIAN_POINT('',(-7.053297741045E-1,4.375179784440E0,
-6.965386562903E-1));
#6275=CARTESIAN_POINT('',(-5.740626299948E-1,4.368352025239E0,
-7.998994981763E-1));
#6276=CARTESIAN_POINT('',(-4.282941628972E-1,4.361531348900E0,
-8.787983432787E-1));
#6277=CARTESIAN_POINT('',(-2.748460468961E-1,4.354813864147E0,
-9.309879418450E-1));
#6278=CARTESIAN_POINT('',(-1.173800633736E-1,4.348154284770E0,
-9.569174784271E-1));
#6279=CARTESIAN_POINT('',(4.427700989381E-2,4.341361867976E0,
-9.564146490640E-1));
#6280=CARTESIAN_POINT('',(2.030353034883E-1,4.334540055119E0,
-9.285241656385E-1));
#6281=CARTESIAN_POINT('',(3.514074410677E-1,4.327829116561E0,
-8.758496724701E-1));
#6282=CARTESIAN_POINT('',(4.904104149089E-1,4.320999054378E0,
-7.984452184013E-1));
#6283=CARTESIAN_POINT('',(6.138830474109E-1,4.314134116091E0,
-6.986646890491E-1));
#6284=CARTESIAN_POINT('',(7.164343508102E-1,4.307372030528E0,
-5.821665678539E-1));
#6285=CARTESIAN_POINT('',(7.978412688496E-1,4.300597945698E0,
-4.510189406182E-1));
#6286=CARTESIAN_POINT('',(8.568789796529E-1,4.293653203394E0,
-3.054463020226E-1));
#6287=CARTESIAN_POINT('',(8.896483647436E-1,4.286679432971E0,
-1.523770699993E-1));
#6288=CARTESIAN_POINT('',(8.935969044274E-1,4.282096904427E0,
-5.039075314151E-2));
#6289=CARTESIAN_POINT('',(8.913151361056E-1,4.279815136106E0,0.E0));
#6291=CURVE_STYLE('',#15,POSITIVE_LENGTH_MEASURE(2.E-2),#4443);
#6292=PRESENTATION_STYLE_ASSIGNMENT((#6291));
#6293=STYLED_ITEM('',(#6292),#6290);
#6294=CARTESIAN_POINT('',(-9.010065394661E-1,4.3885E0,-4.338055046208E-1));
#6295=CARTESIAN_POINT('',(-8.769335632192E-1,4.384967234165E0,
-4.838046604448E-1));
#6296=CARTESIAN_POINT('',(-8.204449829373E-1,4.377901702494E0,
-5.797853532216E-1));
#6297=CARTESIAN_POINT('',(-7.130258143787E-1,4.367303404989E0,
-7.077254199066E-1));
#6298=CARTESIAN_POINT('',(-5.858909427028E-1,4.356705107483E0,
-8.160961084277E-1));
#6299=CARTESIAN_POINT('',(-4.425556598707E-1,4.346106809977E0,
-9.019010772249E-1));
#6300=CARTESIAN_POINT('',(-2.869833362691E-1,4.335508512472E0,
-9.627676907797E-1));
#6301=CARTESIAN_POINT('',(-1.234756740572E-1,4.324910214966E0,
-9.970129491253E-1));
#6302=CARTESIAN_POINT('',(4.344619680349E-2,4.314311917461E0,
-1.003689937410E0));
#6303=CARTESIAN_POINT('',(2.091667429004E-1,4.303713619955E0,
-9.826140321794E-1));
#6304=CARTESIAN_POINT('',(3.691036478541E-1,4.293115322449E0,
-9.343680001397E-1));
#6305=CARTESIAN_POINT('',(5.188345181285E-1,4.282517024944E0,
-8.602858858251E-1));
#6306=CARTESIAN_POINT('',(6.542191658168E-1,4.271918727438E0,
-7.624161236672E-1));
#6307=CARTESIAN_POINT('',(7.715140884705E-1,4.261320429932E0,
-6.434648971325E-1));
#6308=CARTESIAN_POINT('',(8.674759801608E-1,4.250722132427E0,
-5.067213103809E-1));
#6309=CARTESIAN_POINT('',(9.394514116929E-1,4.240123834921E0,
-3.559664417025E-1));
#6310=CARTESIAN_POINT('',(9.854502002140E-1,4.229525537415E0,
-1.953687934350E-1));
#6311=CARTESIAN_POINT('',(1.004200439489E0,4.218927239910E0,
-2.936902927371E-2));
#6312=CARTESIAN_POINT('',(9.951836692054E-1,4.208328942404E0,
1.374428139153E-1));
#6313=CARTESIAN_POINT('',(9.586492108505E-1,4.197730644899E0,
3.004542445795E-1));
#6314=CARTESIAN_POINT('',(8.956072737553E-1,4.187132347393E0,
4.551578558552E-1));
#6315=CARTESIAN_POINT('',(8.078010219347E-1,4.176534049887E0,
5.972759592611E-1));
#6316=CARTESIAN_POINT('',(6.976583740968E-1,4.165935752382E0,
7.228788664795E-1));
#6317=CARTESIAN_POINT('',(5.682248695929E-1,4.155337454876E0,
8.284935486328E-1));
#6318=CARTESIAN_POINT('',(4.230794566247E-1,4.144739157370E0,
9.111996685317E-1));
#6319=CARTESIAN_POINT('',(2.662355312339E-1,4.134140859865E0,
9.687103305213E-1));
#6320=CARTESIAN_POINT('',(1.020299634361E-1,4.123542562359E0,
9.994353151211E-1));
#6321=CARTESIAN_POINT('',(-6.499682098203E-2,4.112944264854E0,
1.002525049967E0));
#6322=CARTESIAN_POINT('',(-2.302263871571E-1,4.102345967348E0,
9.778941012229E-1));
#6323=CARTESIAN_POINT('',(-3.890899948628E-1,4.091747669842E0,
9.262235358960E-1));
#6324=CARTESIAN_POINT('',(-5.371949281231E-1,4.081149372337E0,
8.489420897499E-1));
#6325=CARTESIAN_POINT('',(-6.704459576035E-1,4.070551074831E0,
7.481866615245E-1));
#6326=CARTESIAN_POINT('',(-7.851585772396E-1,4.059952777325E0,
6.267432258407E-1));
#6327=CARTESIAN_POINT('',(-8.781608840122E-1,4.049354479820E0,
4.879697985952E-1));
#6328=CARTESIAN_POINT('',(-9.468812838056E-1,4.038756182314E0,
3.357035849209E-1));
#6329=CARTESIAN_POINT('',(-9.894195982064E-1,4.028157884808E0,
1.741548771501E-1));
#6330=CARTESIAN_POINT('',(-1.004599606078E0,4.017559587303E0,
7.790636594971E-3));
#6331=CARTESIAN_POINT('',(-9.920015670898E-1,4.006961289797E0,
-1.587890217914E-1));
#6332=CARTESIAN_POINT('',(-9.519738279025E-1,3.996362992292E0,
-3.209780265668E-1));
#6333=CARTESIAN_POINT('',(-8.856231900795E-1,3.985764694786E0,
-4.742917116538E-1));
#6334=CARTESIAN_POINT('',(-7.947843060688E-1,3.975166397280E0,
-6.144908212307E-1));
#6335=CARTESIAN_POINT('',(-6.819689494780E-1,3.964568099775E0,
-7.376987288168E-1));
#6336=CARTESIAN_POINT('',(-5.502965623641E-1,3.953969802269E0,
-8.405086293431E-1));
#6337=CARTESIAN_POINT('',(-4.034079999668E-1,3.943371504763E0,
-9.200777402550E-1));
#6338=CARTESIAN_POINT('',(-2.453648579154E-1,3.932773207258E0,
-9.742059069058E-1));
#6339=CARTESIAN_POINT('',(-8.053716560174E-2,3.922174909752E0,
-1.001396438733E0));
#6340=CARTESIAN_POINT('',(8.651744890701E-2,3.911576612246E0,
-1.000897494045E0));
#6341=CARTESIAN_POINT('',(2.511797812216E-1,3.900978314741E0,
-9.727228690925E-1));
#6342=CARTESIAN_POINT('',(4.088967756218E-1,3.890380017235E0,
-9.176516165932E-1));
#6343=CARTESIAN_POINT('',(5.553074209800E-1,3.879781719730E0,
-8.372065042477E-1));
#6344=CARTESIAN_POINT('',(6.863633364856E-1,3.869183422224E0,
-7.336119088990E-1));
#6345=CARTESIAN_POINT('',(7.984407128717E-1,3.858585124718E0,
-6.097323105913E-1));
#6346=CARTESIAN_POINT('',(8.884405138712E-1,3.847986827213E0,
-4.689930872222E-1));
#6347=CARTESIAN_POINT('',(9.538741672467E-1,3.837388529707E0,
-3.152857998855E-1));
#6348=CARTESIAN_POINT('',(9.929323759621E-1,3.826790232201E0,
-1.528605878450E-1));
#6349=CARTESIAN_POINT('',(1.004535146809E0,3.816191934696E0,1.379135148715E-2));
#6350=CARTESIAN_POINT('',(9.883616531507E-1,3.805593637190E0,
1.800619480380E-1));
#6351=CARTESIAN_POINT('',(9.448591060578E-1,3.794995339685E0,
3.413536761920E-1));
#6352=CARTESIAN_POINT('',(8.752303885336E-1,3.784397042179E0,
4.932066803454E-1));
#6353=CARTESIAN_POINT('',(7.814007947616E-1,3.773798744673E0,
6.314220937661E-1));
#6354=CARTESIAN_POINT('',(6.659647940575E-1,3.763200447168E0,
7.521781408855E-1));
#6355=CARTESIAN_POINT('',(5.321142915518E-1,3.752602149662E0,
8.521358126944E-1));
#6356=CARTESIAN_POINT('',(3.835503692560E-1,3.742003852156E0,
9.285311932260E-1));
#6357=CARTESIAN_POINT('',(2.243809479478E-1,3.731405554651E0,
9.792518842198E-1));
#6358=CARTESIAN_POINT('',(5.900719961348E-2,3.720807257145E0,1.002895414759E0));
#6359=CARTESIAN_POINT('',(-1.079981487593E-1,3.710208959639E0,
9.988080208001E-1));
#6360=CARTESIAN_POINT('',(-2.720172550324E-1,3.699610662134E0,
9.671027223179E-1));
#6361=CARTESIAN_POINT('',(-4.285148492413E-1,3.689012364628E0,
9.086561982014E-1));
#6362=CARTESIAN_POINT('',(-5.731636377269E-1,3.678414067123E0,
8.250845453271E-1));
#6363=CARTESIAN_POINT('',(-7.019639565431E-1,3.667815769617E0,
7.186985920846E-1));
#6364=CARTESIAN_POINT('',(-8.113543656198E-1,3.657217472111E0,
5.924400019747E-1));
#6365=CARTESIAN_POINT('',(-8.983101256568E-1,3.646619174606E0,
4.497999340735E-1));
#6366=CARTESIAN_POINT('',(-9.604268347787E-1,3.636020877100E0,
2.947225094678E-1));
#6367=CARTESIAN_POINT('',(-9.959869123232E-1,3.625422579594E0,
1.314957529004E-1));
#6368=CARTESIAN_POINT('',(-1.004007091430E0,3.614824282089E0,
-3.536697481790E-2));
#6369=CARTESIAN_POINT('',(-9.842656072196E-1,3.604225984583E0,
-2.012517751331E-1));
#6370=CARTESIAN_POINT('',(-9.373083287833E-1,3.593627687078E0,
-3.615717900295E-1));
#6371=CARTESIAN_POINT('',(-8.644336654253E-1,3.583029389572E0,
-5.118940326117E-1));
#6372=CARTESIAN_POINT('',(-7.676566645551E-1,3.572431092066E0,
-6.480619630371E-1));
#6373=CARTESIAN_POINT('',(-6.496532937664E-1,3.561832794561E0,
-7.663104203736E-1));
#6374=CARTESIAN_POINT('',(-5.136864484668E-1,3.551234497055E0,
-8.633697327732E-1));
#6375=CARTESIAN_POINT('',(-3.635157283418E-1,3.540636199549E0,
-9.365561258961E-1));
#6376=CARTESIAN_POINT('',(-2.032934873697E-1,3.530037902044E0,
-9.838459346748E-1));
#6377=CARTESIAN_POINT('',(-3.744999453156E-2,3.519439604538E0,
-1.003931547886E0));
#6378=CARTESIAN_POINT('',(1.294289806832E-1,3.508841307032E0,
-9.962576077058E-1));
#6379=CARTESIAN_POINT('',(2.927292907270E-1,3.498243009527E0,
-9.610362054511E-1));
#6380=CARTESIAN_POINT('',(3.961996259612E-1,3.491177477856E0,
-9.198398122264E-1));
#6381=CARTESIAN_POINT('',(4.458708628952E-1,3.487644712021E0,
-8.950972984101E-1));
#6383=CURVE_STYLE('',#15,POSITIVE_LENGTH_MEASURE(2.E-2),#4443);
#6384=PRESENTATION_STYLE_ASSIGNMENT((#6383));
#6385=STYLED_ITEM('',(#6384),#6382);
#6386=CARTESIAN_POINT('',(4.458708628952E-1,3.487644712021E0,
-8.950972984101E-1));
#6387=CARTESIAN_POINT('',(4.955428544719E-1,3.484111892514E0,
-8.703544086870E-1));
#6388=CARTESIAN_POINT('',(5.907573770995E-1,3.477046253498E0,
-8.125804763543E-1));
#6389=CARTESIAN_POINT('',(7.172443035738E-1,3.466447794975E0,
-7.034500510063E-1));
#6390=CARTESIAN_POINT('',(8.238980463292E-1,3.455849336453E0,
-5.748681131373E-1));
#6391=CARTESIAN_POINT('',(9.077696481295E-1,3.445250877930E0,
-4.303900724155E-1));
#6392=CARTESIAN_POINT('',(9.665398627687E-1,3.434652419407E0,
-2.740110193044E-1));
#6393=CARTESIAN_POINT('',(9.985836081627E-1,3.424053960884E0,
-1.100550936212E-1));
#6394=CARTESIAN_POINT('',(1.003014816359E0,3.413455502361E0,5.694404231181E-2));
#6395=CARTESIAN_POINT('',(9.797109579414E-1,3.402857043838E0,
2.223685786632E-1));
#6396=CARTESIAN_POINT('',(9.293164239823E-1,3.392258585315E0,
3.816442453079E-1));
#6397=CARTESIAN_POINT('',(8.532247091928E-1,3.381660126792E0,
5.303667990082E-1));
#6398=CARTESIAN_POINT('',(7.535398789772E-1,3.371061668269E0,
6.644238080144E-1));
#6399=CARTESIAN_POINT('',(6.330183885627E-1,3.360463209746E0,
7.801083678614E-1));
#6400=CARTESIAN_POINT('',(4.949928622889E-1,3.349864751223E0,
8.742216035702E-1));
#6401=CARTESIAN_POINT('',(3.432799408808E-1,3.339266292700E0,
9.441611239903E-1));
#6402=CARTESIAN_POINT('',(1.820747448352E-1,3.328667834178E0,
9.879929823430E-1));
#6403=CARTESIAN_POINT('',(1.583487219852E-2,3.318069375655E0,1.004505153142E0));
#6404=CARTESIAN_POINT('',(-1.508428616059E-1,3.307470917132E0,
9.932410467597E-1));
#6405=CARTESIAN_POINT('',(-3.133495335480E-1,3.296872458609E0,
9.545121349103E-1));
#6406=CARTESIAN_POINT('',(-4.671915575577E-1,3.286274000086E0,
8.893893379238E-1));
#6407=CARTESIAN_POINT('',(-6.081149398277E-1,3.275675541563E0,
7.996734119778E-1));
#6408=CARTESIAN_POINT('',(-7.322229089824E-1,3.265077083040E0,
6.878451551237E-1));
#6409=CARTESIAN_POINT('',(-8.360836684396E-1,3.254478624517E0,
5.569968089984E-1));
#6410=CARTESIAN_POINT('',(-9.168252914262E-1,3.243880165994E0,
4.107465530798E-1));
#6411=CARTESIAN_POINT('',(-9.722151346422E-1,3.233281707471E0,
2.531384558664E-1));
#6412=CARTESIAN_POINT('',(-1.000721574648E0,3.222683248948E0,
8.853064949932E-2));
#6413=CARTESIAN_POINT('',(-1.001556359857E0,3.212084790425E0,
-7.852518000807E-2));
#6414=CARTESIAN_POINT('',(-9.746964070395E-1,3.201486331903E0,
-2.434096546361E-1));
#6415=CARTESIAN_POINT('',(-9.208844396061E-1,3.190887873380E0,
-4.015634380234E-1));
#6416=CARTESIAN_POINT('',(-8.416084500461E-1,3.180289414857E0,
-5.486133088769E-1));
#6417=CARTESIAN_POINT('',(-7.390605544008E-1,3.169690956334E0,
-6.804930879844E-1));
#6418=CARTESIAN_POINT('',(-6.160763765242E-1,3.159092497811E0,
-7.935560749907E-1));
#6419=CARTESIAN_POINT('',(-4.760566382572E-1,3.148494039288E0,
-8.846758858684E-1));
#6420=CARTESIAN_POINT('',(-3.228731236805E-1,3.137895580765E0,
-9.513329027583E-1));
#6421=CARTESIAN_POINT('',(-1.607616176948E-1,3.127297122242E0,
-9.916839456913E-1));
#6422=CARTESIAN_POINT('',(5.795220641067E-3,3.116698663719E0,
-1.004613239652E0));
#6423=CARTESIAN_POINT('',(1.721918112625E-1,3.106100205196E0,
-9.897632676554E-1));
#6424=CARTESIAN_POINT('',(3.338270052273E-1,3.095501746673E0,
-9.475446567032E-1));
#6425=CARTESIAN_POINT('',(4.862313143144E-1,3.084903288151E0,
-8.791248232452E-1));
#6426=CARTESIAN_POINT('',(6.251904999812E-1,3.074304829628E0,
-7.863956921290E-1));
#6427=CARTESIAN_POINT('',(7.468621042315E-1,3.063706371105E0,
-6.719213816576E-1));
#6428=CARTESIAN_POINT('',(8.478817001193E-1,3.053107912582E0,
-5.388673013541E-1));
#6429=CARTESIAN_POINT('',(9.254559238800E-1,3.042509454059E0,
-3.909126230007E-1));
#6430=CARTESIAN_POINT('',(9.774397161931E-1,3.031910995536E0,
-2.321485452769E-1));
#6431=CARTESIAN_POINT('',(1.002395636723E0,3.021312537013E0,
-6.696516515276E-2));
#6432=CARTESIAN_POINT('',(9.996336117922E-1,3.010714078490E0,
1.000699157645E-1));
#6433=CARTESIAN_POINT('',(9.692300160902E-1,3.000115619967E0,
2.643378931889E-1));
#6434=CARTESIAN_POINT('',(9.120255607863E-1,2.989517161444E0,
4.212964779561E-1));
#6435=CARTESIAN_POINT('',(8.296020464332E-1,2.978918702921E0,
5.666054980493E-1));
#6436=CARTESIAN_POINT('',(7.242386234899E-1,2.968320244398E0,
6.962469117427E-1));
#6437=CARTESIAN_POINT('',(5.988487699324E-1,2.957721785876E0,
8.066359132943E-1));
#6438=CARTESIAN_POINT('',(4.568997286287E-1,2.947123327353E0,
8.947200589262E-1));
#6439=CARTESIAN_POINT('',(3.023166321720E-1,2.936524868830E0,
9.580636720897E-1));
#6440=CARTESIAN_POINT('',(1.393739662843E-1,2.925926410307E0,
9.949151940683E-1));
#6441=CARTESIAN_POINT('',(-2.742262698964E-2,2.915327951784E0,
1.004255617557E0));
#6442=CARTESIAN_POINT('',(-1.934609379532E-1,2.904729493261E0,
9.858266639486E-1));
#6443=CARTESIAN_POINT('',(-3.541497247064E-1,2.894131034738E0,
9.401379251770E-1));
#6444=CARTESIAN_POINT('',(-5.050456687985E-1,2.883532576215E0,
8.684527726328E-1));
#6445=CARTESIAN_POINT('',(-6.419762405463E-1,2.872934117692E0,
7.727534227940E-1));
#6446=CARTESIAN_POINT('',(-7.611550765811E-1,2.862335659169E0,
6.556861255666E-1));
#6447=CARTESIAN_POINT('',(-8.592866792409E-1,2.851737200646E0,
5.204879909709E-1));
#6448=CARTESIAN_POINT('',(-9.336575426893E-1,2.841138742123E0,
3.708974775395E-1));
#6449=CARTESIAN_POINT('',(-9.822111859707E-1,2.830540283601E0,
2.110510175760E-1));
#6450=CARTESIAN_POINT('',(-1.003605018209E0,2.819941825078E0,
4.536863776176E-2));
#6451=CARTESIAN_POINT('',(-9.972474635287E-1,2.809343366555E0,
-1.215682621053E-1));
#6452=CARTESIAN_POINT('',(-9.633143191388E-1,2.798744908032E0,
-2.851435926126E-1));
#6453=CARTESIAN_POINT('',(-9.027438942363E-1,2.788146449509E0,
-4.408342174616E-1));
#6454=CARTESIAN_POINT('',(-8.172110641623E-1,2.777547990986E0,
-5.843350258854E-1));
#6455=CARTESIAN_POINT('',(-7.090809572478E-1,2.766949532463E0,
-7.116779762886E-1));
#6456=CARTESIAN_POINT('',(-5.813435549895E-1,2.756351073940E0,
-8.193418193513E-1));
#6457=CARTESIAN_POINT('',(-4.375310139724E-1,2.745752615417E0,
-9.043494665659E-1));
#6458=CARTESIAN_POINT('',(-2.816199957288E-1,2.735154156894E0,
-9.643503118014E-1));
#6459=CARTESIAN_POINT('',(-1.179217052780E-1,2.724555698371E0,
-9.976852295640E-1));
#6460=CARTESIAN_POINT('',(4.903732102978E-2,2.713957239848E0,
-1.003432452640E0));
#6461=CARTESIAN_POINT('',(2.146403819482E-1,2.703358781325E0,
-9.814330605308E-1));
#6462=CARTESIAN_POINT('',(3.743082709817E-1,2.692760322803E0,
-9.322953738706E-1));
#6463=CARTESIAN_POINT('',(5.236258992393E-1,2.682161864280E0,
-8.573781333295E-1));
#6464=CARTESIAN_POINT('',(6.584643801567E-1,2.671563405757E0,
-7.587529281200E-1));
#6465=CARTESIAN_POINT('',(7.750952002377E-1,2.660964947234E0,
-6.391469130288E-1));
#6466=CARTESIAN_POINT('',(8.702933187980E-1,2.650366488711E0,
-5.018673979462E-1));
#6467=CARTESIAN_POINT('',(9.414263458296E-1,2.639768030188E0,
-3.507103951178E-1));
#6468=CARTESIAN_POINT('',(9.865273320646E-1,2.629169571665E0,
-1.898556529453E-1));
#6469=CARTESIAN_POINT('',(1.004349158470E0,2.618571113142E0,
-2.375107882918E-2));
#6470=CARTESIAN_POINT('',(9.943990212137E-1,2.607972654619E0,
1.430102530416E-1));
#6471=CARTESIAN_POINT('',(9.569520585250E-1,2.597374196096E0,
3.058171080083E-1));
#6472=CARTESIAN_POINT('',(8.930437426585E-1,2.586775737573E0,
4.601675994291E-1));
#6473=CARTESIAN_POINT('',(8.044412473216E-1,2.576177279051E0,
6.017936735074E-1));
#6474=CARTESIAN_POINT('',(6.935945823144E-1,2.565578820528E0,
7.267791282432E-1));
#6475=CARTESIAN_POINT('',(5.635688465884E-1,2.554980362005E0,
8.316679030844E-1));
#6476=CARTESIAN_POINT('',(4.179594730441E-1,2.544381903482E0,
9.135596448828E-1));
#6477=CARTESIAN_POINT('',(2.607928086912E-1,2.533783444959E0,
9.701899075958E-1));
#6478=CARTESIAN_POINT('',(9.641477930127E-2,2.523184986436E0,
9.999927680729E-1));
#6479=CARTESIAN_POINT('',(-7.062928283709E-2,2.512586527913E0,
1.002144126497E0));
#6480=CARTESIAN_POINT('',(-2.357203250920E-1,2.501988069390E0,
9.765844941449E-1));
#6481=CARTESIAN_POINT('',(-3.942932991553E-1,2.491389610867E0,
9.240206383556E-1));
#6482=CARTESIAN_POINT('',(-5.419633923986E-1,2.480791152344E0,
8.459060392062E-1));
#6483=CARTESIAN_POINT('',(-6.746472754050E-1,2.470192693821E0,
7.444006983167E-1));
#6484=CARTESIAN_POINT('',(-7.886760129776E-1,2.459594235298E0,
6.223114111275E-1));
#6485=CARTESIAN_POINT('',(-8.808965164424E-1,2.448995776776E0,
4.830141542290E-1));
#6486=CARTESIAN_POINT('',(-9.487587319165E-1,2.438397318253E0,
3.303607338621E-1));
#6487=CARTESIAN_POINT('',(-9.903861536389E-1,2.427798859730E0,
1.685722769206E-1));
#6488=CARTESIAN_POINT('',(-1.004627712548E0,2.417200401207E0,
2.122509607492E-3));
#6489=CARTESIAN_POINT('',(-9.910896052996E-1,2.406601942684E0,
-1.643859487089E-1));
#6490=CARTESIAN_POINT('',(-9.501461836022E-1,2.396003484161E0,
-3.263488557539E-1));
#6491=CARTESIAN_POINT('',(-8.829296027525E-1,2.385405025638E0,
-4.792876614823E-1));
#6492=CARTESIAN_POINT('',(-7.912985156152E-1,2.374806567115E0,
-6.189733476093E-1));
#6493=CARTESIAN_POINT('',(-6.777866777092E-1,2.364208108592E0,
-7.415433671656E-1));
#6494=CARTESIAN_POINT('',(-5.455328845496E-1,2.353609650069E0,
-8.436084504881E-1));
#6495=CARTESIAN_POINT('',(-3.981941786302E-1,2.343011191546E0,
-9.223463243230E-1));
#6496=CARTESIAN_POINT('',(-2.398447258945E-1,2.332412733023E0,
-9.755797523786E-1));
#6497=CARTESIAN_POINT('',(-7.486315841211E-2,2.321814274501E0,
-1.001836740011E0));
#6498=CARTESIAN_POINT('',(9.218850336757E-2,2.311215815978E0,
-1.000391235901E0));
#6499=CARTESIAN_POINT('',(2.566909940766E-1,2.300617357455E0,
-9.712832141343E-1));
#6500=CARTESIAN_POINT('',(4.140955495363E-1,2.290018898932E0,
-9.153175482319E-1));
#6501=CARTESIAN_POINT('',(5.600496297651E-1,2.279420440409E0,
-8.340418319664E-1));
#6502=CARTESIAN_POINT('',(6.905174908137E-1,2.268821981886E0,
-7.297032986291E-1));
#6503=CARTESIAN_POINT('',(7.647664777590E-1,2.261756342871E0,
-6.466929347342E-1));
#6504=CARTESIAN_POINT('',(7.981956096346E-1,2.258223523363E0,
-6.023983472421E-1));
#6506=CURVE_STYLE('',#15,POSITIVE_LENGTH_MEASURE(2.E-2),#4443);
#6507=PRESENTATION_STYLE_ASSIGNMENT((#6506));
#6508=STYLED_ITEM('',(#6507),#6505);
#6509=DIRECTION('',(-3.861354940746E-1,5.E-1,7.751769992820E-1));
#6510=VECTOR('',#6509,2.176610514845E-1);
#6511=CARTESIAN_POINT('',(4.458708628952E-1,3.487644712021E0,
-8.950972984101E-1));
#6512=LINE('',#6511,#6510);
#6513=CURVE_STYLE('',#15,POSITIVE_LENGTH_MEASURE(2.E-2),#4443);
#6514=PRESENTATION_STYLE_ASSIGNMENT((#6513));
#6515=STYLED_ITEM('',(#6514),#6512);
#6516=CARTESIAN_POINT('',(7.981956096346E-1,2.258223523363E0,
-6.023983472421E-1));
#6517=CARTESIAN_POINT('',(8.316247415102E-1,2.254690703855E0,
-5.581037597501E-1));
#6518=CARTESIAN_POINT('',(8.910912904216E-1,2.247625064840E0,
-4.639370876365E-1));
#6519=CARTESIAN_POINT('',(9.556513196748E-1,2.237026606317E0,
-3.098579036810E-1));
#6520=CARTESIAN_POINT('',(9.937858570901E-1,2.226428147794E0,
-1.472107621568E-1));
#6521=CARTESIAN_POINT('',(1.004440552589E0,2.215829689271E0,1.950704524002E-2));
#6522=CARTESIAN_POINT('',(9.873207495900E-1,2.205231230749E0,
1.856854395214E-1));
#6523=CARTESIAN_POINT('',(9.428998494619E-1,2.194632772226E0,
3.467293180679E-1));
#6524=CARTESIAN_POINT('',(8.724061631059E-1,2.184034313703E0,
4.981855401006E-1));
#6525=CARTESIAN_POINT('',(7.777889616267E-1,2.173435855180E0,
6.358660842181E-1));
#6526=CARTESIAN_POINT('',(6.616645715003E-1,2.162837396657E0,
7.559638487926E-1));
#6527=CARTESIAN_POINT('',(5.272440298104E-1,2.152238938134E0,
8.551579262900E-1));
#6528=CARTESIAN_POINT('',(3.782442933092E-1,2.141640479611E0,
9.307054316186E-1));
#6529=CARTESIAN_POINT('',(2.187854583162E-1,2.131042021088E0,
9.805173476769E-1));
#6530=CARTESIAN_POINT('',(5.327683302143E-2,2.120443562565E0,1.003216290203E0));
#6531=CARTESIAN_POINT('',(-1.137049873850E-1,2.109845104042E0,
9.981745948027E-1));
#6532=CARTESIAN_POINT('',(-2.775426713611E-1,2.099246645519E0,
9.655316729344E-1));
#6533=CARTESIAN_POINT('',(-4.337058280886E-1,2.088648186997E0,
9.061901569471E-1));
#6534=CARTESIAN_POINT('',(-5.778762804897E-1,2.078049728474E0,
8.217909407588E-1));
#6535=CARTESIAN_POINT('',(-7.060674701734E-1,2.067451269951E0,
7.146678063469E-1));
#6536=CARTESIAN_POINT('',(-8.147346925599E-1,2.056852811428E0,
5.877828907046E-1));
#6537=CARTESIAN_POINT('',(-9.008731139955E-1,2.046254352905E0,
4.446447777111E-1));
#6538=CARTESIAN_POINT('',(-9.621008605175E-1,2.035655894382E0,
2.892114798159E-1));
#6539=CARTESIAN_POINT('',(-9.967248807231E-1,2.025057435859E0,
1.257809922576E-1));
#6540=CARTESIAN_POINT('',(-1.003787761523E0,2.014458977336E0,
-4.112755381951E-2));
#6541=CARTESIAN_POINT('',(-9.830942022407E-1,2.003860518813E0,
-2.068988530332E-1));
#6542=CARTESIAN_POINT('',(-9.352164150126E-1,1.993262060290E0,
-3.669490468128E-1));
#6543=CARTESIAN_POINT('',(-8.614783021444E-1,1.982663601767E0,
-5.168524748903E-1));
#6544=CARTESIAN_POINT('',(-7.639188479613E-1,1.972065143244E0,
-6.524640523395E-1));
#6545=CARTESIAN_POINT('',(-6.452357374205E-1,1.961466684722E0,
-7.700338882291E-1));
#6546=CARTESIAN_POINT('',(-5.087107605305E-1,1.950868226199E0,
-8.663109764896E-1));
#6547=CARTESIAN_POINT('',(-3.581190652716E-1,1.940269767676E0,
-9.386330917642E-1));
#6548=CARTESIAN_POINT('',(-1.976247683291E-1,1.929671309153E0,
-9.850004044713E-1));
#6549=CARTESIAN_POINT('',(-3.166581017933E-2,1.919072850630E0,
-1.004130779496E0));
#6550=CARTESIAN_POINT('',(1.351687615180E-1,1.908474392107E0,
-9.954952294087E-1));
#6551=CARTESIAN_POINT('',(2.982656868983E-1,1.897875933584E0,
-9.593325418669E-1));
#6552=CARTESIAN_POINT('',(4.531150583792E-1,1.887277475061E0,
-8.966426767313E-1));
#6553=CARTESIAN_POINT('',(5.954350272811E-1,1.876679016538E0,
-8.091591154727E-1));
#6554=CARTESIAN_POINT('',(7.212902042314E-1,1.866080558015E0,
-6.993009274594E-1));
#6555=CARTESIAN_POINT('',(8.272004793782E-1,1.855482099492E0,
-5.701058785719E-1));
#6556=CARTESIAN_POINT('',(9.102372533515E-1,1.844883640969E0,
-4.251464318054E-1));
#6557=CARTESIAN_POINT('',(9.681044180200E-1,1.834285182447E0,
-2.684309625881E-1));
#6558=CARTESIAN_POINT('',(9.992018477889E-1,1.823686723924E0,
-1.042929203782E-1));
#6559=CARTESIAN_POINT('',(1.002669645797E0,1.813088265401E0,6.272899858971E-2));
#6560=CARTESIAN_POINT('',(9.784119215256E-1,1.802489806878E0,
2.280163539801E-1));
#6561=CARTESIAN_POINT('',(9.270994423396E-1,1.791891348355E0,
3.869986690926E-1));
#6562=CARTESIAN_POINT('',(8.501510856233E-1,1.781292889832E0,
5.352798123219E-1));
#6563=CARTESIAN_POINT('',(7.496946044081E-1,1.770694431309E0,
6.687595576791E-1));
#6564=CARTESIAN_POINT('',(6.285077913796E-1,1.760095972786E0,
7.837469630186E-1));
#6565=CARTESIAN_POINT('',(4.899416681813E-1,1.749497514263E0,
8.770624308711E-1));
#6566=CARTESIAN_POINT('',(3.378278239631E-1,1.738899055740E0,
9.461256297248E-1));
#6567=CARTESIAN_POINT('',(1.763724654197E-1,1.728300597217E0,
9.890268445839E-1));
#6568=CARTESIAN_POINT('',(1.004010801660E-2,1.717702138694E0,1.004579783838E0));
#6569=CARTESIAN_POINT('',(-1.565698754617E-1,1.707103680172E0,
9.923543822464E-1));
#6570=CARTESIAN_POINT('',(-3.188504353972E-1,1.696505221649E0,
9.526886929700E-1));
#6571=CARTESIAN_POINT('',(-4.723142381014E-1,1.685906763126E0,
8.866795398296E-1));
#6572=CARTESIAN_POINT('',(-6.127177482298E-1,1.675308304603E0,
7.961521882592E-1));
#6573=CARTESIAN_POINT('',(-7.361785697567E-1,1.664709846080E0,
6.836098736098E-1));
#6574=CARTESIAN_POINT('',(-8.392828008329E-1,1.654111387557E0,
5.521645824316E-1));
#6575=CARTESIAN_POINT('',(-9.191794339829E-1,1.643512929034E0,
4.054510007493E-1));
#6576=CARTESIAN_POINT('',(-9.736591913138E-1,1.632914470511E0,
2.475260088072E-1));
#6577=CARTESIAN_POINT('',(-1.001215614809E0,1.622316011988E0,
8.275650142529E-2));
#6578=CARTESIAN_POINT('',(-1.001086722458E0,1.611717553465E0,
-8.430136407496E-2));
#6579=CARTESIAN_POINT('',(-9.732760783520E-1,1.601119094942E0,
-2.490281533752E-1));
#6580=CARTESIAN_POINT('',(-9.185526941365E-1,1.590520636419E0,
-4.068688903817E-1));
#6581=CARTESIAN_POINT('',(-8.384297645252E-1,1.579922177897E0,
-5.534590100666E-1));
#6582=CARTESIAN_POINT('',(-7.351228248936E-1,1.569323719374E0,
-6.847450461203E-1));
#6583=CARTESIAN_POINT('',(-6.114884879537E-1,1.558725260851E0,
-7.970967161932E-1));
#6584=CARTESIAN_POINT('',(-4.709454535510E-1,1.548126802328E0,
-8.874073053820E-1));
#6585=CARTESIAN_POINT('',(-3.173799757951E-1,1.537528343805E0,
-9.531795721846E-1));
#6586=CARTESIAN_POINT('',(-1.550384015188E-1,1.526929885282E0,
-9.925948014776E-1));
#6587=CARTESIAN_POINT('',(1.159024843933E-2,1.516331426759E0,
-1.004563095085E0));
#6588=CARTESIAN_POINT('',(1.778984083012E-1,1.505732968236E0,
-9.887535093185E-1));
#6589=CARTESIAN_POINT('',(3.392873743853E-1,1.495134509713E0,
-9.456032061327E-1));
#6590=CARTESIAN_POINT('',(4.912944670910E-1,1.484536051190E0,
-8.763053648538E-1));
#6591=CARTESIAN_POINT('',(6.297164315844E-1,1.473937592667E0,
-7.827761887400E-1));
#6592=CARTESIAN_POINT('',(7.507256649493E-1,1.463339134144E0,
-6.676019187003E-1));
#6593=CARTESIAN_POINT('',(8.509760559218E-1,1.452740675622E0,
-5.339673193310E-1));
#6594=CARTESIAN_POINT('',(9.276955105627E-1,1.442142217099E0,
-3.855676147546E-1));
#6595=CARTESIAN_POINT('',(9.787626053724E-1,1.431543758576E0,
-2.265063093833E-1));
#6596=CARTESIAN_POINT('',(1.002765248262E0,1.420945300053E0,
-6.118171903727E-2));
#6597=CARTESIAN_POINT('',(9.990397253017E-1,1.410346841530E0,
1.058346499731E-1));
#6598=CARTESIAN_POINT('',(9.676890535430E-1,1.399748383007E0,
2.699245107782E-1));
#6599=CARTESIAN_POINT('',(9.095801324196E-1,1.389149924484E0,
4.265504994410E-1));
#6600=CARTESIAN_POINT('',(8.263197725035E-1,1.378551465961E0,
5.713816407933E-1));
#6601=CARTESIAN_POINT('',(7.202102644579E-1,1.367953007438E0,
7.004131072698E-1));
#6602=CARTESIAN_POINT('',(5.941857167817E-1,1.357354548915E0,
8.100769592072E-1));
#6603=CARTESIAN_POINT('',(4.517309227155E-1,1.346756090392E0,
8.973408044486E-1));
#6604=CARTESIAN_POINT('',(2.967849997774E-1,1.336157631869E0,
9.597916491473E-1));
#6605=CARTESIAN_POINT('',(1.336324664589E-1,1.325559173347E0,
9.957026211545E-1));
#6606=CARTESIAN_POINT('',(-3.321523200351E-2,1.314960714824E0,
1.004080720973E0));
#6607=CARTESIAN_POINT('',(-1.991444727677E-1,1.304362256301E0,
9.846942798818E-1));
#6608=CARTESIAN_POINT('',(-3.595670299103E-1,1.293763797778E0,
9.380793659746E-1));
#6609=CARTESIAN_POINT('',(-5.100469466826E-1,1.283165339255E0,
8.655249609604E-1));
#6610=CARTESIAN_POINT('',(-6.464231972647E-1,1.272566880732E0,
7.690373176276E-1));
#6611=CARTESIAN_POINT('',(-7.649247462118E-1,1.261968422209E0,
6.512844835390E-1));
#6612=CARTESIAN_POINT('',(-8.622748240024E-1,1.251369963686E0,
5.155225249758E-1));
#6613=CARTESIAN_POINT('',(-9.357815352931E-1,1.240771505163E0,
3.655054911631E-1));
#6614=CARTESIAN_POINT('',(-9.834122944061E-1,1.230173046640E0,
2.053816084189E-1));
#6615=CARTESIAN_POINT('',(-1.003850029783E0,1.219574588117E0,
3.957857463661E-2));
#6616=CARTESIAN_POINT('',(-9.965296032553E-1,1.208976129594E0,
-1.273188740983E-1));
#6617=CARTESIAN_POINT('',(-9.616534370757E-1,1.198377671072E0,
-2.906957392640E-1));
#6618=CARTESIAN_POINT('',(-9.001859165995E-1,1.187779212549E0,
-4.460343724666E-1));
#6619=CARTESIAN_POINT('',(-8.138267233873E-1,1.177180754026E0,
-5.890393961073E-1));
#6620=CARTESIAN_POINT('',(-7.049638361172E-1,1.166582295503E0,
-7.157564778839E-1));
#6621=CARTESIAN_POINT('',(-5.766074989099E-1,1.155983836980E0,
-8.226816748091E-1));
#6622=CARTESIAN_POINT('',(-4.323069829554E-1,1.145385378457E0,
-9.068583231980E-1));
#6623=CARTESIAN_POINT('',(-2.760524431235E-1,1.134786919934E0,
-9.659587954529E-1));
#6624=CARTESIAN_POINT('',(-1.121645833894E-1,1.124188461411E0,
-9.983488629197E-1));
#6625=CARTESIAN_POINT('',(5.482481797964E-2,1.113590002888E0,
-1.003132885126E0));
#6626=CARTESIAN_POINT('',(2.202982198301E-1,1.102991544365E0,
-9.801785756331E-1));
#6627=CARTESIAN_POINT('',(3.796800009037E-1,1.092393085842E0,
-9.301206604720E-1));
#6628=CARTESIAN_POINT('',(5.285629838929E-1,1.081794627320E0,
-8.543433250628E-1));
#6629=CARTESIAN_POINT('',(6.628303001259E-1,1.071196168797E0,
-7.549419459363E-1));
#6630=CARTESIAN_POINT('',(7.787692327269E-1,1.060597710274E0,
-6.346651246169E-1));
#6631=CARTESIAN_POINT('',(8.731738618879E-1,1.049999251751E0,
-4.968387788666E-1));
#6632=CARTESIAN_POINT('',(9.434337799495E-1,1.039400793228E0,
-3.452738217705E-1));
#6633=CARTESIAN_POINT('',(9.728819449949E-1,1.032335154213E0,
-2.378660094297E-1));
#6634=CARTESIAN_POINT('',(9.830546046782E-1,1.028802334705E0,
-1.833129679562E-1));
#6636=CURVE_STYLE('',#15,POSITIVE_LENGTH_MEASURE(2.E-2),#4443);
#6637=PRESENTATION_STYLE_ASSIGNMENT((#6636));
#6638=STYLED_ITEM('',(#6637),#6635);
#6639=DIRECTION('',(-6.912576751328E-1,5.E-1,5.216922719094E-1));
#6640=VECTOR('',#6639,2.176610514845E-1);
#6641=CARTESIAN_POINT('',(7.981956096346E-1,2.258223523363E0,
-6.023983472421E-1));
#6642=LINE('',#6641,#6640);
#6643=CURVE_STYLE('',#15,POSITIVE_LENGTH_MEASURE(2.E-2),#4443);
#6644=PRESENTATION_STYLE_ASSIGNMENT((#6643));
#6645=STYLED_ITEM('',(#6644),#6642);
#6646=CARTESIAN_POINT('',(9.830546046782E-1,1.028802334705E0,
-1.833129679562E-1));
#6647=CARTESIAN_POINT('',(9.931747105880E-1,1.025287766373E0,
-1.290417572211E-1));
#6648=CARTESIAN_POINT('',(1.004405805618E0,1.018258629708E0,
-1.882019614054E-2));
#6649=CARTESIAN_POINT('',(9.937646059380E-1,1.007714924712E0,
1.470278359039E-1));
#6650=CARTESIAN_POINT('',(9.559266366720E-1,9.971712197152E-1,
3.088519315886E-1));
#6651=CARTESIAN_POINT('',(8.919274640417E-1,9.866275147186E-1,
4.622236030061E-1));
#6652=CARTESIAN_POINT('',(8.035185673020E-1,9.760838097219E-1,
6.029454112226E-1));
#6653=CARTESIAN_POINT('',(6.931194695920E-1,9.655401047253E-1,
7.271661837954E-1));
#6654=CARTESIAN_POINT('',(5.637515046973E-1,9.549963997287E-1,
8.314863189563E-1));
#6655=CARTESIAN_POINT('',(4.189551356599E-1,9.444526947321E-1,
9.130508485612E-1));
#6656=CARTESIAN_POINT('',(2.626930603288E-1,9.339089897355E-1,
9.696275644713E-1));
#6657=CARTESIAN_POINT('',(9.924176301581E-2,9.233652847389E-1,
9.996681100287E-1));
#6658=CARTESIAN_POINT('',(-6.692552178402E-2,9.128215797423E-1,
1.002350354051E0));
#6659=CARTESIAN_POINT('',(-2.312612300967E-1,9.022778747457E-1,
9.776008905415E-1));
#6660=CARTESIAN_POINT('',(-3.892679234077E-1,8.917341697491E-1,
9.260970475815E-1));
#6661=CARTESIAN_POINT('',(-5.366213717888E-1,8.811904647525E-1,
8.492483506447E-1));
#6662=CARTESIAN_POINT('',(-6.692888967623E-1,8.706467597559E-1,
7.491579475677E-1));
#6663=CARTESIAN_POINT('',(-7.836397351628E-1,8.601030547593E-1,
6.285650508955E-1));
#6664=CARTESIAN_POINT('',(-8.765444036290E-1,8.495593497627E-1,
4.907699727979E-1));
#6665=CARTESIAN_POINT('',(-9.454603443778E-1,8.390156447661E-1,
3.395438041583E-1));
#6666=CARTESIAN_POINT('',(-9.885015083614E-1,8.284719397695E-1,
1.790252096788E-1));
#6667=CARTESIAN_POINT('',(-1.004489971496E0,8.179282347728E-1,
1.360716345256E-2));
#6668=CARTESIAN_POINT('',(-9.929881713637E-1,8.073845297762E-1,
-1.521832752477E-1));
#6669=CARTESIAN_POINT('',(-9.543108821509E-1,7.968408247796E-1,
-3.138088557413E-1));
#6670=CARTESIAN_POINT('',(-8.895166001026E-1,7.862971197830E-1,
-4.668463086232E-1));
#6671=CARTESIAN_POINT('',(-8.003785752485E-1,7.757534147864E-1,
-6.071073990790E-1));
#6672=CARTESIAN_POINT('',(-6.893362821875E-1,7.652097097898E-1,
-7.307535479170E-1));
#6673=CARTESIAN_POINT('',(-5.594286580484E-1,7.546660047932E-1,
-8.344008834412E-1));
#6674=CARTESIAN_POINT('',(-4.142109347293E-1,7.441222997966E-1,
-9.152128491689E-1));
#6675=CARTESIAN_POINT('',(-2.576573414993E-1,7.335785948E-1,
-9.709778329626E-1));
#6676=CARTESIAN_POINT('',(-9.405234073764E-2,7.230348898034E-1,
-1.000169693070E0));
#6677=CARTESIAN_POINT('',(7.212662659526E-2,7.124911848068E-1,
-1.001989524631E0));
#6678=CARTESIAN_POINT('',(2.363316768061E-1,7.019474798102E-1,
-9.763875236151E-1));
#6679=CARTESIAN_POINT('',(3.940689471505E-1,6.914037748135E-1,
-9.240643498290E-1));
#6680=CARTESIAN_POINT('',(5.410215811024E-1,6.808600698169E-1,
-8.464519516870E-1));
#6681=CARTESIAN_POINT('',(6.731678694264E-1,6.703163648203E-1,
-7.456743775303E-1));
#6682=CARTESIAN_POINT('',(7.868913138411E-1,6.597726598237E-1,
-6.244896459788E-1));
#6683=CARTESIAN_POINT('',(8.790796011175E-1,6.492289548271E-1,
-4.862142661753E-1));
#6684=CARTESIAN_POINT('',(9.472097789522E-1,6.386852498305E-1,
-3.346324736046E-1));
#6685=CARTESIAN_POINT('',(9.894173025729E-1,6.281415448339E-1,
-1.738926654656E-1));
#6686=CARTESIAN_POINT('',(1.004547062452E0,6.175978398373E-1,
-8.393869890705E-3));
#6687=CARTESIAN_POINT('',(9.921849966346E-1,6.070541348407E-1,
1.573346439488E-1));
#6688=CARTESIAN_POINT('',(9.526694225281E-1,5.965104298441E-1,
3.187573200937E-1));
#6689=CARTESIAN_POINT('',(8.870817780427E-1,5.859667248474E-1,
4.714564421004E-1));
#6690=CARTESIAN_POINT('',(7.972170254629E-1,5.754230198508E-1,
6.112530343854E-1));
#6691=CARTESIAN_POINT('',(6.855345280247E-1,5.648793148542E-1,
7.343212298574E-1));
#6692=CARTESIAN_POINT('',(5.550907435764E-1,5.543356098576E-1,
8.372929738921E-1));
#6693=CARTESIAN_POINT('',(4.094555773215E-1,5.437919048610E-1,
9.173501991789E-1));
#6694=CARTESIAN_POINT('',(2.526146828501E-1,5.332481998644E-1,
9.723019488522E-1));
#6695=CARTESIAN_POINT('',(8.886038522515E-2,5.227044948678E-1,
1.000644337250E0));
#6696=CARTESIAN_POINT('',(-7.732578872823E-2,5.121607898712E-1,
1.001601707332E0));
#6697=CARTESIAN_POINT('',(-2.413957580904E-1,5.016170848746E-1,
9.751478583831E-1));
#6698=CARTESIAN_POINT('',(-3.988593569265E-1,4.910733798780E-1,
9.220067630584E-1));
#6699=CARTESIAN_POINT('',(-5.454072183839E-1,4.805296748813E-1,
8.436327541460E-1));
#6700=CARTESIAN_POINT('',(-6.770287107918E-1,4.699859698847E-1,
7.421707232820E-1));
#6701=CARTESIAN_POINT('',(-7.901216981601E-1,4.594422648881E-1,
6.203974208762E-1));
#6702=CARTESIAN_POINT('',(-8.815911212205E-1,4.488985598915E-1,
4.816454637162E-1));
#6703=CARTESIAN_POINT('',(-9.489337011029E-1,4.383548548949E-1,
3.297121299625E-1));
#6704=CARTESIAN_POINT('',(-9.903064475310E-1,4.278111498983E-1,
1.687554375769E-1));
#6705=CARTESIAN_POINT('',(-1.004577096646E0,4.172674449017E-1,
3.180350246282E-3));
#6706=CARTESIAN_POINT('',(-9.913550981064E-1,4.067237399051E-1,
-1.624817749523E-1));
#6707=CARTESIAN_POINT('',(-9.510023034303E-1,3.961800349085E-1,
-3.236971989431E-1));
#6708=CARTESIAN_POINT('',(-8.846230630646E-1,3.856363299119E-1,
-4.760538772319E-1));
#6709=CARTESIAN_POINT('',(-7.940340032027E-1,3.750926249152E-1,
-6.153822060241E-1));
#6710=CARTESIAN_POINT('',(-6.817143094766E-1,3.645489199186E-1,
-7.378691333754E-1));
#6711=CARTESIAN_POINT('',(-5.507378781302E-1,3.540052149220E-1,
-8.401625124498E-1));
#6712=CARTESIAN_POINT('',(-4.046891915195E-1,3.434615099254E-1,
-9.194628410113E-1));
#6713=CARTESIAN_POINT('',(-2.475652202052E-1,3.329178049288E-1,
-9.735998764780E-1));
#6714=CARTESIAN_POINT('',(-8.366603632315E-2,3.223740999322E-1,
-1.001092029785E0));
#6715=CARTESIAN_POINT('',(8.252286814378E-2,3.118303949356E-1,
-1.001186912603E0));
#6716=CARTESIAN_POINT('',(2.464533375489E-1,3.012866899390E-1,
-9.738819282358E-1));
#6717=CARTESIAN_POINT('',(4.036390237064E-1,2.907429849424E-1,
-9.199243426905E-1));
#6718=CARTESIAN_POINT('',(5.497781655066E-1,2.801992799458E-1,
-8.407908339566E-1));
#6719=CARTESIAN_POINT('',(6.808713168669E-1,2.696555749491E-1,
-7.386470791936E-1));
#6720=CARTESIAN_POINT('',(7.933308011098E-1,2.591118699525E-1,
-6.162884858114E-1));
#6721=CARTESIAN_POINT('',(8.840788962905E-1,2.485681649559E-1,
-4.770636884809E-1));
#6722=CARTESIAN_POINT('',(9.506320643964E-1,2.380244599593E-1,
-3.247829057613E-1));
#6723=CARTESIAN_POINT('',(9.911689192866E-1,2.274807549627E-1,
-1.636136643838E-1));
#6724=CARTESIAN_POINT('',(1.004580073269E0,2.169370499661E-1,
2.033255054940E-3));
#6725=CARTESIAN_POINT('',(9.904984981296E-1,2.063933449695E-1,
1.676245296204E-1));
#6726=CARTESIAN_POINT('',(9.493095697719E-1,1.958496399729E-1,
3.286283592351E-1));
#6727=CARTESIAN_POINT('',(8.821405213542E-1,1.853059349763E-1,
4.806384901826E-1));
#6728=CARTESIAN_POINT('',(7.908295943505E-1,1.747622299797E-1,
6.194948027890E-1));
#6729=CARTESIAN_POINT('',(6.778757288887E-1,1.642185249830E-1,
7.413971628602E-1));
#6730=CARTESIAN_POINT('',(5.463701810131E-1,1.536748199864E-1,
8.430094220040E-1));
#6731=CARTESIAN_POINT('',(3.999118980207E-1,1.431311149898E-1,
9.215507170886E-1));
#6732=CARTESIAN_POINT('',(2.425091182527E-1,1.325874099932E-1,
9.748715833944E-1));
#6733=CARTESIAN_POINT('',(7.846932690236E-2,1.220437049966E-1,
1.001512749234E0));
#6734=CARTESIAN_POINT('',(-3.232177462242E-2,1.150145683322E-1,
1.001001040830E0));
#6735=CARTESIAN_POINT('',(-8.731762407512E-2,1.115E-1,9.961805220571E-1));
#6737=CURVE_STYLE('',#15,POSITIVE_LENGTH_MEASURE(2.E-2),#4443);
#6738=PRESENTATION_STYLE_ASSIGNMENT((#6737));
#6739=STYLED_ITEM('',(#6738),#6736);
#6740=DIRECTION('',(-8.513502609586E-1,5.E-1,1.587536870932E-1));
#6741=VECTOR('',#6740,2.176610514845E-1);
#6742=CARTESIAN_POINT('',(9.830546046782E-1,1.028802334705E0,
-1.833129679562E-1));
#6743=LINE('',#6742,#6741);
#6744=CURVE_STYLE('',#15,POSITIVE_LENGTH_MEASURE(2.E-2),#4443);
#6745=PRESENTATION_STYLE_ASSIGNMENT((#6744));
#6746=STYLED_ITEM('',(#6745),#6743);
#6747=CARTESIAN_POINT('',(0.E0,1.115E-1,0.E0));
#6748=DIRECTION('',(0.E0,1.E0,0.E0));
#6749=DIRECTION('',(-8.731762407512E-2,0.E0,9.961805220571E-1));
#6750=AXIS2_PLACEMENT_3D('',#6747,#6748,#6749);
#6752=CURVE_STYLE('',#15,POSITIVE_LENGTH_MEASURE(2.E-2),#4443);
#6753=PRESENTATION_STYLE_ASSIGNMENT((#6752));
#6754=STYLED_ITEM('',(#6753),#6751);
#6755=CARTESIAN_POINT('',(7.452812288136E-1,3.E-1,3.210734183612E-1));
#6756=CARTESIAN_POINT('',(7.356180305948E-1,2.920349248170E-1,
3.636352063271E-1));
#6757=CARTESIAN_POINT('',(7.089858573112E-1,2.761089877918E-1,
4.483553020902E-1));
#6758=CARTESIAN_POINT('',(6.478265658176E-1,2.524013304282E-1,
5.697052669747E-1));
#6759=CARTESIAN_POINT('',(5.644937000388E-1,2.283690967837E-1,
6.840690988768E-1));
#6760=CARTESIAN_POINT('',(4.608396055347E-1,2.043523310714E-1,
7.858017587736E-1));
#6761=CARTESIAN_POINT('',(3.406830336478E-1,1.806772974424E-1,
8.702596831517E-1));
#6762=CARTESIAN_POINT('',(2.084291233164E-1,1.575290696228E-1,
9.347555083378E-1));
#6763=CARTESIAN_POINT('',(6.476430871897E-2,1.344403853541E-1,
9.787385639163E-1));
#6764=CARTESIAN_POINT('',(-3.615655985718E-2,1.191349237387E-1,
9.930007156908E-1));
#6765=CARTESIAN_POINT('',(-8.731762407512E-2,1.115E-1,9.961805220571E-1));
#6767=CURVE_STYLE('',#15,POSITIVE_LENGTH_MEASURE(2.E-2),#4443);
#6768=PRESENTATION_STYLE_ASSIGNMENT((#6767));
#6769=STYLED_ITEM('',(#6768),#6766);
#6770=CARTESIAN_POINT('',(0.E0,3.E-1,0.E0));
#6771=DIRECTION('',(0.E0,-1.E0,0.E0));
#6772=DIRECTION('',(9.183995425922E-1,0.E0,3.956542432054E-1));
#6773=AXIS2_PLACEMENT_3D('',#6770,#6771,#6772);
#6775=CURVE_STYLE('',#15,POSITIVE_LENGTH_MEASURE(2.E-2),#4443);
#6776=PRESENTATION_STYLE_ASSIGNMENT((#6775));
#6777=STYLED_ITEM('',(#6776),#6774);
#6778=CARTESIAN_POINT('',(-8.379777113096E-1,2.735222886904E-1,0.E0));
#6779=CARTESIAN_POINT('',(-8.357836231448E-1,2.757163768552E-1,
4.555484396204E-2));
#6780=CARTESIAN_POINT('',(-8.239875960608E-1,2.801144077123E-1,
1.361681935889E-1));
#6781=CARTESIAN_POINT('',(-7.839231578123E-1,2.867962847185E-1,
2.679261611932E-1));
#6782=CARTESIAN_POINT('',(-7.239364603395E-1,2.933971910321E-1,
3.888237200579E-1));
#6783=CARTESIAN_POINT('',(-6.717493897396E-1,2.978016358568E-1,
4.613150228692E-1));
#6784=CARTESIAN_POINT('',(-6.430453274748E-1,3.E-1,4.949999563766E-1));
#6786=CURVE_STYLE('',#15,POSITIVE_LENGTH_MEASURE(2.E-2),#4443);
#6787=PRESENTATION_STYLE_ASSIGNMENT((#6786));
#6788=STYLED_ITEM('',(#6787),#6785);
#6789=DIRECTION('',(7.071067811865E-1,7.071067811865E-1,0.E0));
#6790=VECTOR('',#6789,3.868189302773E-1);
#6791=CARTESIAN_POINT('',(-1.1115E0,0.E0,0.E0));
#6792=LINE('',#6791,#6790);
#6793=CURVE_STYLE('',#15,POSITIVE_LENGTH_MEASURE(2.E-2),#4443);
#6794=PRESENTATION_STYLE_ASSIGNMENT((#6793));
#6795=STYLED_ITEM('',(#6794),#6792);
#6796=CARTESIAN_POINT('',(0.E0,0.E0,0.E0));
#6797=DIRECTION('',(0.E0,-1.E0,0.E0));
#6798=DIRECTION('',(1.E0,0.E0,0.E0));
#6799=AXIS2_PLACEMENT_3D('',#6796,#6797,#6798);
#6801=CURVE_STYLE('',#15,POSITIVE_LENGTH_MEASURE(2.E-2),#4443);
#6802=PRESENTATION_STYLE_ASSIGNMENT((#6801));
#6803=STYLED_ITEM('',(#6802),#6800);
#6804=DIRECTION('',(-7.071067811865E-1,7.071067811865E-1,0.E0));
#6805=VECTOR('',#6804,2.075038358438E-1);
#6806=CARTESIAN_POINT('',(1.1115E0,0.E0,0.E0));
#6807=LINE('',#6806,#6805);
#6808=CURVE_STYLE('',#15,POSITIVE_LENGTH_MEASURE(2.E-2),#4443);
#6809=PRESENTATION_STYLE_ASSIGNMENT((#6808));
#6810=STYLED_ITEM('',(#6809),#6807);
#6811=CARTESIAN_POINT('',(6.426631183312E-1,1.115E-1,7.661488865337E-1));
#6812=CARTESIAN_POINT('',(6.787803865492E-1,1.134692976624E-1,
7.332825150965E-1));
#6813=CARTESIAN_POINT('',(7.457111470750E-1,1.173940468638E-1,
6.626695876267E-1));
#6814=CARTESIAN_POINT('',(8.284647593809E-1,1.232291551225E-1,
5.450736166528E-1));
#6815=CARTESIAN_POINT('',(8.928719845427E-1,1.290436793558E-1,
4.180195603943E-1));
#6816=CARTESIAN_POINT('',(9.384946618882E-1,1.349147652265E-1,
2.824977477518E-1));
#6817=CARTESIAN_POINT('',(9.638661001734E-1,1.408501523035E-1,
1.410655733082E-1));
#6818=CARTESIAN_POINT('',(9.667299683119E-1,1.447700316881E-1,
4.678846205001E-2));
#6819=CARTESIAN_POINT('',(9.647726305526E-1,1.467273694474E-1,0.E0));
#6821=CURVE_STYLE('',#15,POSITIVE_LENGTH_MEASURE(2.E-2),#4443);
#6822=PRESENTATION_STYLE_ASSIGNMENT((#6821));
#6823=STYLED_ITEM('',(#6822),#6820);
#6824=CARTESIAN_POINT('',(9.830546046782E-1,9.788023347050E-1,
-1.833129679562E-1));
#6825=CARTESIAN_POINT('',(9.932065314022E-1,9.752767154582E-1,
-1.288711113674E-1));
#6826=CARTESIAN_POINT('',(1.004444392098E0,9.682254769647E-1,
-1.829766568260E-2));
#6827=CARTESIAN_POINT('',(9.936395451107E-1,9.576486192244E-1,
1.480670497356E-1));
#6828=CARTESIAN_POINT('',(9.554704671585E-1,9.470717614841E-1,
3.103539213820E-1));
#6829=CARTESIAN_POINT('',(8.909883508901E-1,9.364949037438E-1,
4.640938901089E-1));
#6830=CARTESIAN_POINT('',(8.019689817570E-1,9.259180460035E-1,
6.050529969525E-1));
#6831=CARTESIAN_POINT('',(6.908638992890E-1,9.153411882632E-1,
7.293493337009E-1));
#6832=CARTESIAN_POINT('',(5.607328657703E-1,9.047643305229E-1,
8.335598543757E-1));
#6833=CARTESIAN_POINT('',(4.151596070253E-1,8.941874727826E-1,
9.148146688658E-1));
#6834=CARTESIAN_POINT('',(2.581531176406E-1,8.836106150423E-1,
9.708760711352E-1));
#6835=CARTESIAN_POINT('',(9.403725614948E-2,8.730337573020E-1,
1.000200166024E0));
#6836=CARTESIAN_POINT('',(-7.266833136350E-2,8.624568995617E-1,
1.001979386651E0));
#6837=CARTESIAN_POINT('',(-2.373726794065E-1,8.518800418214E-1,
9.761647344213E-1));
#6838=CARTESIAN_POINT('',(-3.955399353471E-1,8.413031840811E-1,
9.234671283819E-1));
#6839=CARTESIAN_POINT('',(-5.428142738969E-1,8.307263263408E-1,
8.453378269723E-1));
#6840=CARTESIAN_POINT('',(-6.751398537609E-1,8.201494686004E-1,
7.439284612919E-1));
#6841=CARTESIAN_POINT('',(-7.888725129182E-1,8.095726108601E-1,
6.220317805534E-1));
#6842=CARTESIAN_POINT('',(-8.808801265185E-1,7.989957531198E-1,
4.830047415515E-1));
#6843=CARTESIAN_POINT('',(-9.486288636011E-1,7.884188953795E-1,
3.306760602148E-1));
#6844=CARTESIAN_POINT('',(-9.902529671834E-1,7.778420376392E-1,
1.692407712132E-1));
#6845=CARTESIAN_POINT('',(-1.004606136017E0,7.672651798989E-1,
3.144699379769E-3));
#6846=CARTESIAN_POINT('',(-9.912930929911E-1,7.566883221586E-1,
-1.630379754677E-1));
#6847=CARTESIAN_POINT('',(-9.506804708155E-1,7.461114644183E-1,
-3.247306885196E-1));
#6848=CARTESIAN_POINT('',(-8.838867151861E-1,7.355346066780E-1,
-4.774805256488E-1));
#6849=CARTESIAN_POINT('',(-7.927512835060E-1,7.249577489377E-1,
-6.170808538238E-1));
#6850=CARTESIAN_POINT('',(-6.797839874022E-1,7.143808911974E-1,
-7.396871690978E-1));
#6851=CARTESIAN_POINT('',(-5.480958741150E-1,7.038040334571E-1,
-8.419229717940E-1));
#6852=CARTESIAN_POINT('',(-4.013135502427E-1,6.932271757168E-1,
-9.209727531518E-1));
#6853=CARTESIAN_POINT('',(-2.434793073100E-1,6.826503179765E-1,
-9.746595326411E-1));
#6854=CARTESIAN_POINT('',(-7.893979963942E-2,6.720734602362E-1,
-1.001504810617E0));
#6855=CARTESIAN_POINT('',(8.777365973483E-2,6.614966024959E-1,
-1.000769285257E0));
#6856=CARTESIAN_POINT('',(2.520698885360E-1,6.509197447556E-1,
-9.724732124587E-1));
#6857=CARTESIAN_POINT('',(4.094242734748E-1,6.403428870153E-1,
-9.173958480100E-1));
#6858=CARTESIAN_POINT('',(5.555033752116E-1,6.297660292750E-1,
-8.370539873777E-1));
#6859=CARTESIAN_POINT('',(6.862842685104E-1,6.191891715347E-1,
-7.336601941305E-1));
#6860=CARTESIAN_POINT('',(7.981653310325E-1,6.086123137944E-1,
-6.100618673497E-1));
#6861=CARTESIAN_POINT('',(8.880654297172E-1,5.980354560541E-1,
-4.696628260760E-1));
#6862=CARTESIAN_POINT('',(9.535087732197E-1,5.874585983138E-1,
-3.163295703051E-1));
#6863=CARTESIAN_POINT('',(9.926930936253E-1,5.768817405735E-1,
-1.542848000456E-1));
#6864=CARTESIAN_POINT('',(1.004539279757E0,5.663048828331E-1,
1.200887514447E-2));
#6865=CARTESIAN_POINT('',(9.887210952082E-1,5.557280250928E-1,
1.779718335770E-1));
#6866=CARTESIAN_POINT('',(9.456741626871E-1,5.451511673525E-1,
3.390335612922E-1));
#6867=CARTESIAN_POINT('',(8.765839672431E-1,5.345743096122E-1,
4.907585210964E-1));
#6868=CARTESIAN_POINT('',(7.833532087662E-1,5.239974518719E-1,
6.289683044257E-1));
#6869=CARTESIAN_POINT('',(6.685494028462E-1,5.134205941316E-1,
7.498567020507E-1));
#6870=CARTESIAN_POINT('',(5.353341730317E-1,5.028437363913E-1,
8.500945246506E-1));
#6871=CARTESIAN_POINT('',(3.873761817355E-1,4.922668786510E-1,
9.269212865613E-1));
#6872=CARTESIAN_POINT('',(2.287500976130E-1,4.816900209107E-1,
9.782212277897E-1));
#6873=CARTESIAN_POINT('',(6.382438178772E-2,4.711131631704E-1,
1.002581580693E0));
#6874=CARTESIAN_POINT('',(-1.028590167801E-1,4.605363054301E-1,9.993314767E-1));
#6875=CARTESIAN_POINT('',(-2.667097436691E-1,4.499594476898E-1,
9.685604215992E-1));
#6876=CARTESIAN_POINT('',(-4.232154544283E-1,4.393825899495E-1,
9.111158306107E-1));
#6877=CARTESIAN_POINT('',(-5.680660816633E-1,4.288057322092E-1,
8.285796911101E-1));
#6878=CARTESIAN_POINT('',(-6.972725315421E-1,4.182288744689E-1,
7.232249957055E-1));
#6879=CARTESIAN_POINT('',(-8.072765408929E-1,4.076520167286E-1,
5.979531454724E-1));
#6880=CARTESIAN_POINT('',(-8.950486695014E-1,3.970751589883E-1,
4.562140472193E-1));
#6881=CARTESIAN_POINT('',(-9.581717289607E-1,3.864983012479E-1,
3.019111052559E-1));
#6882=CARTESIAN_POINT('',(-9.949073504977E-1,3.759214435076E-1,
1.392937241298E-1));
#6883=CARTESIAN_POINT('',(-1.004243858540E0,3.653445857673E-1,
-2.715971726343E-2));
#6884=CARTESIAN_POINT('',(-9.859241316133E-1,3.547677280270E-1,
-1.928651973762E-1));
#6885=CARTESIAN_POINT('',(-9.404526833069E-1,3.441908702867E-1,
-3.532592930373E-1));
#6886=CARTESIAN_POINT('',(-8.690817682875E-1,3.336140125464E-1,
-5.039248532139E-1));
#6887=CARTESIAN_POINT('',(-7.737768960066E-1,3.230371548061E-1,
-6.407126445316E-1));
#6888=CARTESIAN_POINT('',(-6.571627018246E-1,3.124602970658E-1,
-7.598556185138E-1));
#6889=CARTESIAN_POINT('',(-5.224506662275E-1,3.018834393255E-1,
-8.580726536925E-1));
#6890=CARTESIAN_POINT('',(-3.733506727039E-1,2.913065815852E-1,
-9.326589155998E-1));
#6891=CARTESIAN_POINT('',(-2.139688399220E-1,2.807297238449E-1,
-9.815603461830E-1));
#6892=CARTESIAN_POINT('',(-4.869444184082E-2,2.701528661046E-1,
-1.003430231252E0));
#6893=CARTESIAN_POINT('',(1.179209700924E-1,2.595760083643E-1,
-9.976662881289E-1));
#6894=CARTESIAN_POINT('',(2.812889137650E-1,2.489991506240E-1,
-9.644272521291E-1));
#6895=CARTESIAN_POINT('',(4.369103402676E-1,2.384222928837E-1,
-9.046285050913E-1));
#6896=CARTESIAN_POINT('',(5.804995348298E-1,2.278454351434E-1,
-8.199168663458E-1));
#6897=CARTESIAN_POINT('',(7.081021426714E-1,2.172685774031E-1,
-7.126252403628E-1));
#6898=CARTESIAN_POINT('',(8.162040694023E-1,2.066917196627E-1,
-5.857083700458E-1));
#6899=CARTESIAN_POINT('',(9.018282569664E-1,1.961148619224E-1,
-4.426614650208E-1));
#6900=CARTESIAN_POINT('',(9.626166698199E-1,1.855380041821E-1,
-2.874239457087E-1));
#6901=CARTESIAN_POINT('',(9.968952341014E-1,1.749611464418E-1,
-1.242709545173E-1));
#6902=CARTESIAN_POINT('',(1.003719939152E0,1.643842887015E-1,
4.230438003201E-2));
#6903=CARTESIAN_POINT('',(9.829028402150E-1,1.538074309612E-1,
2.077146767937E-1));
#6904=CARTESIAN_POINT('',(9.350172147264E-1,1.432305732209E-1,
3.674046519773E-1));
#6905=CARTESIAN_POINT('',(8.613818477199E-1,1.326537154806E-1,
5.169765074389E-1));
#6906=CARTESIAN_POINT('',(7.640244405222E-1,1.220768577403E-1,
6.523112720720E-1));
#6907=CARTESIAN_POINT('',(6.850926716925E-1,1.150256192468E-1,
7.305580117679E-1));
#6908=CARTESIAN_POINT('',(6.426631183312E-1,1.115E-1,7.661488865337E-1));
#6910=CURVE_STYLE('',#15,POSITIVE_LENGTH_MEASURE(2.E-2),#4443);
#6911=PRESENTATION_STYLE_ASSIGNMENT((#6910));
#6912=STYLED_ITEM('',(#6911),#6909);
#6913=DIRECTION('',(0.E0,1.E0,0.E0));
#6914=VECTOR('',#6913,5.E-2);
#6915=CARTESIAN_POINT('',(9.830546046782E-1,9.788023347050E-1,
-1.833129679562E-1));
#6916=LINE('',#6915,#6914);
#6917=CURVE_STYLE('',#15,POSITIVE_LENGTH_MEASURE(2.E-2),#4443);
#6918=PRESENTATION_STYLE_ASSIGNMENT((#6917));
#6919=STYLED_ITEM('',(#6918),#6916);
#6920=DIRECTION('',(8.513502609586E-1,5.E-1,-1.587536870932E-1));
#6921=VECTOR('',#6920,2.176610514845E-1);
#6922=CARTESIAN_POINT('',(7.977488116964E-1,8.699718089627E-1,
-1.487584734964E-1));
#6923=LINE('',#6922,#6921);
#6924=CURVE_STYLE('',#15,POSITIVE_LENGTH_MEASURE(2.E-2),#4443);
#6925=PRESENTATION_STYLE_ASSIGNMENT((#6924));
#6926=STYLED_ITEM('',(#6925),#6923);
#6927=DIRECTION('',(6.912576751328E-1,5.E-1,-5.216922719094E-1));
#6928=VECTOR('',#6927,2.176610514845E-1);
#6929=CARTESIAN_POINT('',(6.477357372185E-1,2.099392997621E0,
-4.888462587870E-1));
#6930=LINE('',#6929,#6928);
#6931=CURVE_STYLE('',#15,POSITIVE_LENGTH_MEASURE(2.E-2),#4443);
#6932=PRESENTATION_STYLE_ASSIGNMENT((#6931));
#6933=STYLED_ITEM('',(#6932),#6930);
#6934=DIRECTION('',(0.E0,1.E0,0.E0));
#6935=VECTOR('',#6934,5.E-2);
#6936=CARTESIAN_POINT('',(7.981956096346E-1,2.208223523363E0,
-6.023983472421E-1));
#6937=LINE('',#6936,#6935);
#6938=CURVE_STYLE('',#15,POSITIVE_LENGTH_MEASURE(2.E-2),#4443);
#6939=PRESENTATION_STYLE_ASSIGNMENT((#6938));
#6940=STYLED_ITEM('',(#6939),#6937);
#6941=CARTESIAN_POINT('',(7.981956096346E-1,2.208223523363E0,
-6.023983472421E-1));
#6942=CARTESIAN_POINT('',(8.316247415102E-1,2.204690703855E0,
-5.581037597501E-1));
#6943=CARTESIAN_POINT('',(8.910912904216E-1,2.197625064840E0,
-4.639370876365E-1));
#6944=CARTESIAN_POINT('',(9.556513196748E-1,2.187026606317E0,
-3.098579036810E-1));
#6945=CARTESIAN_POINT('',(9.937858570901E-1,2.176428147794E0,
-1.472107621568E-1));
#6946=CARTESIAN_POINT('',(1.004440552589E0,2.165829689271E0,1.950704524002E-2));
#6947=CARTESIAN_POINT('',(9.873207495900E-1,2.155231230749E0,
1.856854395214E-1));
#6948=CARTESIAN_POINT('',(9.428998494619E-1,2.144632772226E0,
3.467293180679E-1));
#6949=CARTESIAN_POINT('',(8.724061631059E-1,2.134034313703E0,
4.981855401006E-1));
#6950=CARTESIAN_POINT('',(7.777889616267E-1,2.123435855180E0,
6.358660842181E-1));
#6951=CARTESIAN_POINT('',(6.616645715003E-1,2.112837396657E0,
7.559638487926E-1));
#6952=CARTESIAN_POINT('',(5.272440298104E-1,2.102238938134E0,
8.551579262900E-1));
#6953=CARTESIAN_POINT('',(3.782442933092E-1,2.091640479611E0,
9.307054316186E-1));
#6954=CARTESIAN_POINT('',(2.187854583162E-1,2.081042021088E0,
9.805173476769E-1));
#6955=CARTESIAN_POINT('',(5.327683302143E-2,2.070443562565E0,1.003216290203E0));
#6956=CARTESIAN_POINT('',(-1.137049873850E-1,2.059845104042E0,
9.981745948027E-1));
#6957=CARTESIAN_POINT('',(-2.775426713611E-1,2.049246645519E0,
9.655316729344E-1));
#6958=CARTESIAN_POINT('',(-4.337058280886E-1,2.038648186997E0,
9.061901569471E-1));
#6959=CARTESIAN_POINT('',(-5.778762804897E-1,2.028049728474E0,
8.217909407588E-1));
#6960=CARTESIAN_POINT('',(-7.060674701734E-1,2.017451269951E0,
7.146678063469E-1));
#6961=CARTESIAN_POINT('',(-8.147346925599E-1,2.006852811428E0,
5.877828907046E-1));
#6962=CARTESIAN_POINT('',(-9.008731139955E-1,1.996254352905E0,
4.446447777111E-1));
#6963=CARTESIAN_POINT('',(-9.621008605175E-1,1.985655894382E0,
2.892114798159E-1));
#6964=CARTESIAN_POINT('',(-9.967248807231E-1,1.975057435859E0,
1.257809922576E-1));
#6965=CARTESIAN_POINT('',(-1.003787761523E0,1.964458977336E0,
-4.112755381951E-2));
#6966=CARTESIAN_POINT('',(-9.830942022407E-1,1.953860518813E0,
-2.068988530332E-1));
#6967=CARTESIAN_POINT('',(-9.352164150126E-1,1.943262060290E0,
-3.669490468128E-1));
#6968=CARTESIAN_POINT('',(-8.614783021444E-1,1.932663601767E0,
-5.168524748903E-1));
#6969=CARTESIAN_POINT('',(-7.639188479613E-1,1.922065143244E0,
-6.524640523395E-1));
#6970=CARTESIAN_POINT('',(-6.452357374205E-1,1.911466684722E0,
-7.700338882291E-1));
#6971=CARTESIAN_POINT('',(-5.087107605305E-1,1.900868226199E0,
-8.663109764896E-1));
#6972=CARTESIAN_POINT('',(-3.581190652716E-1,1.890269767676E0,
-9.386330917642E-1));
#6973=CARTESIAN_POINT('',(-1.976247683291E-1,1.879671309153E0,
-9.850004044713E-1));
#6974=CARTESIAN_POINT('',(-3.166581017933E-2,1.869072850630E0,
-1.004130779496E0));
#6975=CARTESIAN_POINT('',(1.351687615180E-1,1.858474392107E0,
-9.954952294087E-1));
#6976=CARTESIAN_POINT('',(2.982656868983E-1,1.847875933584E0,
-9.593325418669E-1));
#6977=CARTESIAN_POINT('',(4.531150583792E-1,1.837277475061E0,
-8.966426767313E-1));
#6978=CARTESIAN_POINT('',(5.954350272811E-1,1.826679016538E0,
-8.091591154727E-1));
#6979=CARTESIAN_POINT('',(7.212902042314E-1,1.816080558015E0,
-6.993009274594E-1));
#6980=CARTESIAN_POINT('',(8.272004793782E-1,1.805482099492E0,
-5.701058785719E-1));
#6981=CARTESIAN_POINT('',(9.102372533515E-1,1.794883640969E0,
-4.251464318054E-1));
#6982=CARTESIAN_POINT('',(9.681044180200E-1,1.784285182447E0,
-2.684309625881E-1));
#6983=CARTESIAN_POINT('',(9.992018477889E-1,1.773686723924E0,
-1.042929203782E-1));
#6984=CARTESIAN_POINT('',(1.002669645797E0,1.763088265401E0,6.272899858971E-2));
#6985=CARTESIAN_POINT('',(9.784119215256E-1,1.752489806878E0,
2.280163539801E-1));
#6986=CARTESIAN_POINT('',(9.270994423396E-1,1.741891348355E0,
3.869986690926E-1));
#6987=CARTESIAN_POINT('',(8.501510856233E-1,1.731292889832E0,
5.352798123219E-1));
#6988=CARTESIAN_POINT('',(7.496946044081E-1,1.720694431309E0,
6.687595576791E-1));
#6989=CARTESIAN_POINT('',(6.285077913796E-1,1.710095972786E0,
7.837469630186E-1));
#6990=CARTESIAN_POINT('',(4.899416681813E-1,1.699497514263E0,
8.770624308711E-1));
#6991=CARTESIAN_POINT('',(3.378278239631E-1,1.688899055740E0,
9.461256297248E-1));
#6992=CARTESIAN_POINT('',(1.763724654197E-1,1.678300597217E0,
9.890268445839E-1));
#6993=CARTESIAN_POINT('',(1.004010801660E-2,1.667702138694E0,1.004579783838E0));
#6994=CARTESIAN_POINT('',(-1.565698754617E-1,1.657103680172E0,
9.923543822464E-1));
#6995=CARTESIAN_POINT('',(-3.188504353972E-1,1.646505221649E0,
9.526886929700E-1));
#6996=CARTESIAN_POINT('',(-4.723142381014E-1,1.635906763126E0,
8.866795398296E-1));
#6997=CARTESIAN_POINT('',(-6.127177482298E-1,1.625308304603E0,
7.961521882592E-1));
#6998=CARTESIAN_POINT('',(-7.361785697567E-1,1.614709846080E0,
6.836098736098E-1));
#6999=CARTESIAN_POINT('',(-8.392828008329E-1,1.604111387557E0,
5.521645824316E-1));
#7000=CARTESIAN_POINT('',(-9.191794339829E-1,1.593512929034E0,
4.054510007493E-1));
#7001=CARTESIAN_POINT('',(-9.736591913138E-1,1.582914470511E0,
2.475260088072E-1));
#7002=CARTESIAN_POINT('',(-1.001215614809E0,1.572316011988E0,
8.275650142529E-2));
#7003=CARTESIAN_POINT('',(-1.001086722458E0,1.561717553465E0,
-8.430136407496E-2));
#7004=CARTESIAN_POINT('',(-9.732760783520E-1,1.551119094942E0,
-2.490281533752E-1));
#7005=CARTESIAN_POINT('',(-9.185526941365E-1,1.540520636419E0,
-4.068688903817E-1));
#7006=CARTESIAN_POINT('',(-8.384297645252E-1,1.529922177897E0,
-5.534590100666E-1));
#7007=CARTESIAN_POINT('',(-7.351228248936E-1,1.519323719374E0,
-6.847450461203E-1));
#7008=CARTESIAN_POINT('',(-6.114884879537E-1,1.508725260851E0,
-7.970967161932E-1));
#7009=CARTESIAN_POINT('',(-4.709454535510E-1,1.498126802328E0,
-8.874073053820E-1));
#7010=CARTESIAN_POINT('',(-3.173799757951E-1,1.487528343805E0,
-9.531795721846E-1));
#7011=CARTESIAN_POINT('',(-1.550384015188E-1,1.476929885282E0,
-9.925948014776E-1));
#7012=CARTESIAN_POINT('',(1.159024843933E-2,1.466331426759E0,
-1.004563095085E0));
#7013=CARTESIAN_POINT('',(1.778984083012E-1,1.455732968236E0,
-9.887535093185E-1));
#7014=CARTESIAN_POINT('',(3.392873743853E-1,1.445134509713E0,
-9.456032061327E-1));
#7015=CARTESIAN_POINT('',(4.912944670910E-1,1.434536051190E0,
-8.763053648538E-1));
#7016=CARTESIAN_POINT('',(6.297164315844E-1,1.423937592667E0,
-7.827761887400E-1));
#7017=CARTESIAN_POINT('',(7.507256649493E-1,1.413339134144E0,
-6.676019187003E-1));
#7018=CARTESIAN_POINT('',(8.509760559218E-1,1.402740675622E0,
-5.339673193310E-1));
#7019=CARTESIAN_POINT('',(9.276955105627E-1,1.392142217099E0,
-3.855676147546E-1));
#7020=CARTESIAN_POINT('',(9.787626053724E-1,1.381543758576E0,
-2.265063093833E-1));
#7021=CARTESIAN_POINT('',(1.002765248262E0,1.370945300053E0,
-6.118171903727E-2));
#7022=CARTESIAN_POINT('',(9.990397253017E-1,1.360346841530E0,
1.058346499731E-1));
#7023=CARTESIAN_POINT('',(9.676890535430E-1,1.349748383007E0,
2.699245107782E-1));
#7024=CARTESIAN_POINT('',(9.095801324196E-1,1.339149924484E0,
4.265504994410E-1));
#7025=CARTESIAN_POINT('',(8.263197725035E-1,1.328551465961E0,
5.713816407933E-1));
#7026=CARTESIAN_POINT('',(7.202102644579E-1,1.317953007438E0,
7.004131072698E-1));
#7027=CARTESIAN_POINT('',(5.941857167817E-1,1.307354548915E0,
8.100769592072E-1));
#7028=CARTESIAN_POINT('',(4.517309227155E-1,1.296756090392E0,
8.973408044486E-1));
#7029=CARTESIAN_POINT('',(2.967849997774E-1,1.286157631869E0,
9.597916491473E-1));
#7030=CARTESIAN_POINT('',(1.336324664589E-1,1.275559173347E0,
9.957026211545E-1));
#7031=CARTESIAN_POINT('',(-3.321523200351E-2,1.264960714824E0,
1.004080720973E0));
#7032=CARTESIAN_POINT('',(-1.991444727677E-1,1.254362256301E0,
9.846942798818E-1));
#7033=CARTESIAN_POINT('',(-3.595670299103E-1,1.243763797778E0,
9.380793659746E-1));
#7034=CARTESIAN_POINT('',(-5.100469466826E-1,1.233165339255E0,
8.655249609604E-1));
#7035=CARTESIAN_POINT('',(-6.464231972647E-1,1.222566880732E0,
7.690373176276E-1));
#7036=CARTESIAN_POINT('',(-7.649247462118E-1,1.211968422209E0,
6.512844835390E-1));
#7037=CARTESIAN_POINT('',(-8.622748240024E-1,1.201369963686E0,
5.155225249758E-1));
#7038=CARTESIAN_POINT('',(-9.357815352931E-1,1.190771505163E0,
3.655054911631E-1));
#7039=CARTESIAN_POINT('',(-9.834122944061E-1,1.180173046640E0,
2.053816084189E-1));
#7040=CARTESIAN_POINT('',(-1.003850029783E0,1.169574588117E0,
3.957857463661E-2));
#7041=CARTESIAN_POINT('',(-9.965296032553E-1,1.158976129594E0,
-1.273188740983E-1));
#7042=CARTESIAN_POINT('',(-9.616534370757E-1,1.148377671072E0,
-2.906957392640E-1));
#7043=CARTESIAN_POINT('',(-9.001859165995E-1,1.137779212549E0,
-4.460343724666E-1));
#7044=CARTESIAN_POINT('',(-8.138267233873E-1,1.127180754026E0,
-5.890393961073E-1));
#7045=CARTESIAN_POINT('',(-7.049638361172E-1,1.116582295503E0,
-7.157564778839E-1));
#7046=CARTESIAN_POINT('',(-5.766074989099E-1,1.105983836980E0,
-8.226816748091E-1));
#7047=CARTESIAN_POINT('',(-4.323069829554E-1,1.095385378457E0,
-9.068583231980E-1));
#7048=CARTESIAN_POINT('',(-2.760524431235E-1,1.084786919934E0,
-9.659587954529E-1));
#7049=CARTESIAN_POINT('',(-1.121645833894E-1,1.074188461411E0,
-9.983488629197E-1));
#7050=CARTESIAN_POINT('',(5.482481797964E-2,1.063590002888E0,
-1.003132885126E0));
#7051=CARTESIAN_POINT('',(2.202982198301E-1,1.052991544365E0,
-9.801785756331E-1));
#7052=CARTESIAN_POINT('',(3.796800009037E-1,1.042393085842E0,
-9.301206604720E-1));
#7053=CARTESIAN_POINT('',(5.285629838929E-1,1.031794627320E0,
-8.543433250628E-1));
#7054=CARTESIAN_POINT('',(6.628303001259E-1,1.021196168797E0,
-7.549419459363E-1));
#7055=CARTESIAN_POINT('',(7.787692327269E-1,1.010597710274E0,
-6.346651246169E-1));
#7056=CARTESIAN_POINT('',(8.731738618879E-1,9.999992517508E-1,
-4.968387788666E-1));
#7057=CARTESIAN_POINT('',(9.434337799495E-1,9.894007932279E-1,
-3.452738217705E-1));
#7058=CARTESIAN_POINT('',(9.728819449949E-1,9.823351542126E-1,
-2.378660094297E-1));
#7059=CARTESIAN_POINT('',(9.830546046782E-1,9.788023347050E-1,
-1.833129679562E-1));
#7061=CURVE_STYLE('',#15,POSITIVE_LENGTH_MEASURE(2.E-2),#4443);
#7062=PRESENTATION_STYLE_ASSIGNMENT((#7061));
#7063=STYLED_ITEM('',(#7062),#7060);
#7064=CARTESIAN_POINT('',(9.647726305526E-1,1.467273694474E-1,0.E0));
#7065=CARTESIAN_POINT('',(9.626013304805E-1,1.488986695195E-1,
-5.190304562571E-2));
#7066=CARTESIAN_POINT('',(9.498743332585E-1,1.532606436479E-1,
-1.554802120867E-1));
#7067=CARTESIAN_POINT('',(9.053435431599E-1,1.599006062593E-1,
-3.068507572939E-1));
#7068=CARTESIAN_POINT('',(8.370772404608E-1,1.665209318893E-1,
-4.473428327984E-1));
#7069=CARTESIAN_POINT('',(7.495282016573E-1,1.730071172534E-1,
-5.715822074536E-1));
#7070=CARTESIAN_POINT('',(6.414468071256E-1,1.796420630943E-1,
-6.818410726289E-1));
#7071=CARTESIAN_POINT('',(5.159077339168E-1,1.863585783921E-1,
-7.731228364866E-1));
#7072=CARTESIAN_POINT('',(3.780032545634E-1,1.930706877651E-1,
-8.415726796790E-1));
#7073=CARTESIAN_POINT('',(2.349248655125E-1,1.996396916880E-1,
-8.852808011236E-1));
#7074=CARTESIAN_POINT('',(8.633821989410E-2,2.062710300689E-1,
-9.051769354181E-1));
#7075=CARTESIAN_POINT('',(-6.148682857048E-2,2.128594817795E-1,
-9.005947980902E-1));
#7076=CARTESIAN_POINT('',(-2.071200760852E-1,2.195236513273E-1,
-8.717249877062E-1));
#7077=CARTESIAN_POINT('',(-3.438479542234E-1,2.261285619222E-1,
-8.202609733298E-1));
#7078=CARTESIAN_POINT('',(-4.725217188871E-1,2.329035525084E-1,
-7.456801466293E-1));
#7079=CARTESIAN_POINT('',(-5.865578278148E-1,2.397196213465E-1,
-6.505484902735E-1));
#7080=CARTESIAN_POINT('',(-6.815067925049E-1,2.464936599195E-1,
-5.391116009482E-1));
#7081=CARTESIAN_POINT('',(-7.546745714518E-1,2.531229946802E-1,
-4.171943862385E-1));
#7082=CARTESIAN_POINT('',(-8.076793660399E-1,2.599206257214E-1,
-2.825813562780E-1));
#7083=CARTESIAN_POINT('',(-8.369469495494E-1,2.667646073016E-1,
-1.410655627045E-1));
#7084=CARTESIAN_POINT('',(-8.402260634444E-1,2.712739365556E-1,
-4.668150182715E-2));
#7085=CARTESIAN_POINT('',(-8.379777113096E-1,2.735222886904E-1,0.E0));
#7087=CURVE_STYLE('',#15,POSITIVE_LENGTH_MEASURE(2.E-2),#4443);
#7088=PRESENTATION_STYLE_ASSIGNMENT((#7087));
#7089=STYLED_ITEM('',(#7088),#7086);
#7090=CARTESIAN_POINT('',(0.E0,0.E0,0.E0));
#7091=DIRECTION('',(0.E0,-1.E0,0.E0));
#7092=DIRECTION('',(-1.E0,0.E0,0.E0));
#7093=AXIS2_PLACEMENT_3D('',#7090,#7091,#7092);
#7095=CURVE_STYLE('',#15,POSITIVE_LENGTH_MEASURE(2.E-2),#4443);
#7096=PRESENTATION_STYLE_ASSIGNMENT((#7095));
#7097=STYLED_ITEM('',(#7096),#7094);
#7098=DIRECTION('',(-1.E0,0.E0,0.E0));
#7099=VECTOR('',#7098,3.E0);
#7100=CARTESIAN_POINT('',(1.5E0,6.5E-1,-1.5E0));
#7101=LINE('',#7100,#7099);
#7102=CURVE_STYLE('',#15,POSITIVE_LENGTH_MEASURE(2.E-2),#4443);
#7103=PRESENTATION_STYLE_ASSIGNMENT((#7102));
#7104=STYLED_ITEM('',(#7103),#7101);
#7105=DIRECTION('',(0.E0,1.E0,0.E0));
#7106=VECTOR('',#7105,6.5E-1);
#7107=CARTESIAN_POINT('',(1.5E0,0.E0,-1.5E0));
#7108=LINE('',#7107,#7106);
#7109=CURVE_STYLE('',#15,POSITIVE_LENGTH_MEASURE(2.E-2),#4443);
#7110=PRESENTATION_STYLE_ASSIGNMENT((#7109));
#7111=STYLED_ITEM('',(#7110),#7108);
#7112=DIRECTION('',(0.E0,0.E0,1.E0));
#7113=VECTOR('',#7112,3.E0);
#7114=CARTESIAN_POINT('',(-1.5E0,6.5E-1,-1.5E0));
#7115=LINE('',#7114,#7113);
#7116=CURVE_STYLE('',#15,POSITIVE_LENGTH_MEASURE(2.E-2),#4443);
#7117=PRESENTATION_STYLE_ASSIGNMENT((#7116));
#7118=STYLED_ITEM('',(#7117),#7115);
#7119=DIRECTION('',(0.E0,1.E0,0.E0));
#7120=VECTOR('',#7119,6.5E-1);
#7121=CARTESIAN_POINT('',(-1.5E0,0.E0,-1.5E0));
#7122=LINE('',#7121,#7120);
#7123=CURVE_STYLE('',#15,POSITIVE_LENGTH_MEASURE(2.E-2),#4443);
#7124=PRESENTATION_STYLE_ASSIGNMENT((#7123));
#7125=STYLED_ITEM('',(#7124),#7122);
#7126=DIRECTION('',(1.E0,0.E0,0.E0));
#7127=VECTOR('',#7126,3.E0);
#7128=CARTESIAN_POINT('',(-1.5E0,6.5E-1,1.5E0));
#7129=LINE('',#7128,#7127);
#7130=CURVE_STYLE('',#15,POSITIVE_LENGTH_MEASURE(2.E-2),#4443);
#7131=PRESENTATION_STYLE_ASSIGNMENT((#7130));
#7132=STYLED_ITEM('',(#7131),#7129);
#7133=DIRECTION('',(0.E0,1.E0,0.E0));
#7134=VECTOR('',#7133,6.5E-1);
#7135=CARTESIAN_POINT('',(-1.5E0,0.E0,1.5E0));
#7136=LINE('',#7135,#7134);
#7137=CURVE_STYLE('',#15,POSITIVE_LENGTH_MEASURE(2.E-2),#4443);
#7138=PRESENTATION_STYLE_ASSIGNMENT((#7137));
#7139=STYLED_ITEM('',(#7138),#7136);
#7140=CARTESIAN_POINT('',(1.5E0,0.E0,-1.5E0));
#7141=CARTESIAN_POINT('',(-1.5E0,0.E0,-1.5E0));
#7142=VERTEX_POINT('',#7140);
#7143=VERTEX_POINT('',#7141);
#7144=CARTESIAN_POINT('',(-1.5E0,0.E0,1.5E0));
#7145=CARTESIAN_POINT('',(1.5E0,0.E0,1.5E0));
#7146=VERTEX_POINT('',#7144);
#7147=VERTEX_POINT('',#7145);
#7148=CARTESIAN_POINT('',(-1.49E0,6.5E-1,0.E0));
#7149=CARTESIAN_POINT('',(1.49E0,6.5E-1,0.E0));
#7150=VERTEX_POINT('',#7148);
#7151=VERTEX_POINT('',#7149);
#7152=CARTESIAN_POINT('',(1.5E0,6.5E-1,-1.5E0));
#7153=CARTESIAN_POINT('',(-1.5E0,6.5E-1,-1.5E0));
#7154=VERTEX_POINT('',#7152);
#7155=VERTEX_POINT('',#7153);
#7156=CARTESIAN_POINT('',(-1.5E0,6.5E-1,1.5E0));
#7157=CARTESIAN_POINT('',(1.5E0,6.5E-1,1.5E0));
#7158=VERTEX_POINT('',#7156);
#7159=VERTEX_POINT('',#7157);
#7160=CARTESIAN_POINT('',(-1.1115E0,4.5E0,0.E0));
#7161=CARTESIAN_POINT('',(1.1115E0,4.5E0,0.E0));
#7162=VERTEX_POINT('',#7160);
#7163=VERTEX_POINT('',#7161);
#7164=CARTESIAN_POINT('',(-1.1115E0,0.E0,0.E0));
#7165=CARTESIAN_POINT('',(1.1115E0,0.E0,0.E0));
#7166=VERTEX_POINT('',#7164);
#7167=VERTEX_POINT('',#7165);
#7168=CARTESIAN_POINT('',(1.316794919243E0,4.5E0,0.E0));
#7169=CARTESIAN_POINT('',(-1.316794919243E0,4.5E0,0.E0));
#7170=VERTEX_POINT('',#7168);
#7171=VERTEX_POINT('',#7169);
#7172=CARTESIAN_POINT('',(1.49E0,4.2E0,0.E0));
#7173=CARTESIAN_POINT('',(-1.49E0,4.2E0,0.E0));
#7174=VERTEX_POINT('',#7172);
#7175=VERTEX_POINT('',#7173);
#7176=CARTESIAN_POINT('',(4.458708628952E-1,3.437644712021E0,
-8.950972984101E-1));
#7177=CARTESIAN_POINT('',(4.458708628952E-1,3.487644712021E0,
-8.950972984101E-1));
#7178=VERTEX_POINT('',#7176);
#7179=VERTEX_POINT('',#7177);
#7180=CARTESIAN_POINT('',(7.981956096346E-1,2.208223523363E0,
-6.023983472421E-1));
#7181=CARTESIAN_POINT('',(7.981956096346E-1,2.258223523363E0,
-6.023983472421E-1));
#7182=VERTEX_POINT('',#7180);
#7183=VERTEX_POINT('',#7181);
#7184=CARTESIAN_POINT('',(9.830546046782E-1,9.788023347050E-1,
-1.833129679562E-1));
#7185=CARTESIAN_POINT('',(9.830546046782E-1,1.028802334705E0,
-1.833129679562E-1));
#7186=VERTEX_POINT('',#7184);
#7187=VERTEX_POINT('',#7185);
#7188=VERTEX_POINT('',#4853);
#7189=VERTEX_POINT('',#4873);
#7190=VERTEX_POINT('',#4910);
#7191=VERTEX_POINT('',#4930);
#7192=VERTEX_POINT('',#4878);
#7193=VERTEX_POINT('',#4898);
#7194=VERTEX_POINT('',#4967);
#7195=VERTEX_POINT('',#4987);
#7196=VERTEX_POINT('',#5024);
#7197=VERTEX_POINT('',#5044);
#7198=VERTEX_POINT('',#5081);
#7199=VERTEX_POINT('',#5101);
#7200=VERTEX_POINT('',#4935);
#7201=VERTEX_POINT('',#4955);
#7202=VERTEX_POINT('',#4992);
#7203=VERTEX_POINT('',#5012);
#7204=VERTEX_POINT('',#5049);
#7205=VERTEX_POINT('',#5069);
#7206=VERTEX_POINT('',#5138);
#7207=VERTEX_POINT('',#5158);
#7208=VERTEX_POINT('',#5195);
#7209=VERTEX_POINT('',#5215);
#7210=VERTEX_POINT('',#5252);
#7211=VERTEX_POINT('',#5272);
#7212=VERTEX_POINT('',#5106);
#7213=VERTEX_POINT('',#5126);
#7214=VERTEX_POINT('',#5163);
#7215=VERTEX_POINT('',#5183);
#7216=VERTEX_POINT('',#5220);
#7217=VERTEX_POINT('',#5240);
#7218=VERTEX_POINT('',#5309);
#7219=VERTEX_POINT('',#5329);
#7220=VERTEX_POINT('',#5366);
#7221=VERTEX_POINT('',#5383);
#7222=VERTEX_POINT('',#5277);
#7223=VERTEX_POINT('',#5297);
#7224=VERTEX_POINT('',#5334);
#7225=VERTEX_POINT('',#5354);
#7226=VERTEX_POINT('',#5405);
#7227=VERTEX_POINT('',#5518);
#7228=VERTEX_POINT('',#5576);
#7229=VERTEX_POINT('',#5588);
#7230=VERTEX_POINT('',#5763);
#7231=VERTEX_POINT('',#5898);
#7232=VERTEX_POINT('',#5886);
#7233=VERTEX_POINT('',#6009);
#7234=CARTESIAN_POINT('',(-1.E0,4.3885E0,0.E0));
#7235=CARTESIAN_POINT('',(-9.010065394661E-1,4.3885E0,-4.338055046208E-1));
#7236=VERTEX_POINT('',#7234);
#7237=VERTEX_POINT('',#7235);
#7238=VERTEX_POINT('',#6289);
#7239=VERTEX_POINT('',#4818);
#7240=VERTEX_POINT('',#7064);
#7241=VERTEX_POINT('',#7085);
#7242=CARTESIAN_POINT('',(-8.731762407512E-2,1.115E-1,9.961805220571E-1));
#7243=CARTESIAN_POINT('',(6.426631183312E-1,1.115E-1,7.661488865337E-1));
#7244=VERTEX_POINT('',#7242);
#7245=VERTEX_POINT('',#7243);
#7246=VERTEX_POINT('',#6755);
#7247=VERTEX_POINT('',#6158);
#7248=CARTESIAN_POINT('',(-1.49E0,1.5E0,0.E0));
#7249=CARTESIAN_POINT('',(1.49E0,1.5E0,0.E0));
#7250=VERTEX_POINT('',#7248);
#7251=VERTEX_POINT('',#7249);
#7252=CARTESIAN_POINT('',(1.49E0,1.75E0,0.E0));
#7253=CARTESIAN_POINT('',(0.E0,1.75E0,1.49E0));
#7254=VERTEX_POINT('',#7252);
#7255=VERTEX_POINT('',#7253);
#7256=CARTESIAN_POINT('',(-1.49E0,1.75E0,0.E0));
#7257=VERTEX_POINT('',#7256);
#7258=CARTESIAN_POINT('',(0.E0,1.75E0,-1.49E0));
#7259=VERTEX_POINT('',#7258);
#7260=CARTESIAN_POINT('',(3.905124837954E-1,1.5E0,-1.5E0));
#7261=CARTESIAN_POINT('',(-3.905124837954E-1,1.5E0,-1.5E0));
#7262=VERTEX_POINT('',#7260);
#7263=VERTEX_POINT('',#7261);
#7264=CARTESIAN_POINT('',(-3.905124837954E-1,1.5E0,1.5E0));
#7265=CARTESIAN_POINT('',(3.905124837954E-1,1.5E0,1.5E0));
#7266=VERTEX_POINT('',#7264);
#7267=VERTEX_POINT('',#7265);
#7268=VERTEX_POINT('',#4607);
#7269=VERTEX_POINT('',#4696);
#7270=CARTESIAN_POINT('',(1.5E0,1.5E0,-3.905124837954E-1));
#7271=VERTEX_POINT('',#7270);
#7272=CARTESIAN_POINT('',(1.5E0,1.5E0,3.905124837954E-1));
#7273=VERTEX_POINT('',#7272);
#7274=CARTESIAN_POINT('',(-1.5E0,1.5E0,-3.905124837954E-1));
#7275=VERTEX_POINT('',#7274);
#7276=CARTESIAN_POINT('',(-1.5E0,1.5E0,3.905124837954E-1));
#7277=VERTEX_POINT('',#7276);
#7278=CARTESIAN_POINT('',(0.E0,0.E0,0.E0));
#7279=DIRECTION('',(0.E0,1.E0,0.E0));
#7280=DIRECTION('',(1.E0,0.E0,0.E0));
#7281=AXIS2_PLACEMENT_3D('',#7278,#7279,#7280);
#7282=PLANE('',#7281);
#7284=ORIENTED_EDGE('',*,*,#7283,.T.);
#7286=ORIENTED_EDGE('',*,*,#7285,.T.);
#7288=ORIENTED_EDGE('',*,*,#7287,.T.);
#7290=ORIENTED_EDGE('',*,*,#7289,.T.);
#7291=EDGE_LOOP('',(#7284,#7286,#7288,#7290));
#7292=FACE_OUTER_BOUND('',#7291,.F.);
#7294=ORIENTED_EDGE('',*,*,#7293,.T.);
#7296=ORIENTED_EDGE('',*,*,#7295,.T.);
#7297=EDGE_LOOP('',(#7294,#7296));
#7298=FACE_BOUND('',#7297,.F.);
#7300=CARTESIAN_POINT('',(1.5E0,0.E0,1.5E0));
#7301=DIRECTION('',(1.E0,0.E0,0.E0));
#7302=DIRECTION('',(0.E0,0.E0,-1.E0));
#7303=AXIS2_PLACEMENT_3D('',#7300,#7301,#7302);
#7304=PLANE('',#7303);
#7306=ORIENTED_EDGE('',*,*,#7305,.T.);
#7308=ORIENTED_EDGE('',*,*,#7307,.F.);
#7309=ORIENTED_EDGE('',*,*,#7283,.F.);
#7311=ORIENTED_EDGE('',*,*,#7310,.T.);
#7312=EDGE_LOOP('',(#7306,#7308,#7309,#7311));
#7313=FACE_OUTER_BOUND('',#7312,.F.);
#7315=CARTESIAN_POINT('',(0.E0,6.5E-1,0.E0));
#7316=DIRECTION('',(0.E0,-1.E0,0.E0));
#7317=DIRECTION('',(-1.E0,0.E0,0.E0));
#7318=AXIS2_PLACEMENT_3D('',#7315,#7316,#7317);
#7319=PLANE('',#7318);
#7321=ORIENTED_EDGE('',*,*,#7320,.F.);
#7322=ORIENTED_EDGE('',*,*,#7305,.F.);
#7324=ORIENTED_EDGE('',*,*,#7323,.F.);
#7326=ORIENTED_EDGE('',*,*,#7325,.F.);
#7327=EDGE_LOOP('',(#7321,#7322,#7324,#7326));
#7328=FACE_OUTER_BOUND('',#7327,.F.);
#7330=ORIENTED_EDGE('',*,*,#7329,.T.);
#7332=ORIENTED_EDGE('',*,*,#7331,.T.);
#7333=EDGE_LOOP('',(#7330,#7332));
#7334=FACE_BOUND('',#7333,.F.);
#7336=CARTESIAN_POINT('',(0.E0,6.5E-1,0.E0));
#7337=DIRECTION('',(0.E0,-1.E0,0.E0));
#7338=DIRECTION('',(-1.E0,0.E0,0.E0));
#7339=AXIS2_PLACEMENT_3D('',#7336,#7337,#7338);
#7340=CYLINDRICAL_SURFACE('',#7339,1.49E0);
#7342=ORIENTED_EDGE('',*,*,#7341,.T.);
#7344=ORIENTED_EDGE('',*,*,#7343,.F.);
#7345=ORIENTED_EDGE('',*,*,#7329,.F.);
#7347=ORIENTED_EDGE('',*,*,#7346,.T.);
#7348=EDGE_LOOP('',(#7342,#7344,#7345,#7347));
#7349=FACE_OUTER_BOUND('',#7348,.F.);
#7351=CARTESIAN_POINT('',(0.E0,6.5E-1,0.E0));
#7352=DIRECTION('',(0.E0,-1.E0,0.E0));
#7353=DIRECTION('',(-1.E0,0.E0,0.E0));
#7354=AXIS2_PLACEMENT_3D('',#7351,#7352,#7353);
#7355=CYLINDRICAL_SURFACE('',#7354,1.49E0);
#7357=ORIENTED_EDGE('',*,*,#7356,.T.);
#7359=ORIENTED_EDGE('',*,*,#7358,.T.);
#7361=ORIENTED_EDGE('',*,*,#7360,.T.);
#7363=ORIENTED_EDGE('',*,*,#7362,.F.);
#7365=ORIENTED_EDGE('',*,*,#7364,.F.);
#7366=EDGE_LOOP('',(#7357,#7359,#7361,#7363,#7365));
#7367=FACE_OUTER_BOUND('',#7366,.F.);
#7369=CARTESIAN_POINT('',(0.E0,1.5E0,0.E0));
#7370=DIRECTION('',(0.E0,-1.E0,0.E0));
#7371=DIRECTION('',(0.E0,0.E0,1.E0));
#7372=AXIS2_PLACEMENT_3D('',#7369,#7370,#7371);
#7373=PLANE('',#7372);
#7375=ORIENTED_EDGE('',*,*,#7374,.T.);
#7377=ORIENTED_EDGE('',*,*,#7376,.T.);
#7379=ORIENTED_EDGE('',*,*,#7378,.T.);
#7381=ORIENTED_EDGE('',*,*,#7380,.T.);
#7383=ORIENTED_EDGE('',*,*,#7382,.T.);
#7385=ORIENTED_EDGE('',*,*,#7384,.F.);
#7387=ORIENTED_EDGE('',*,*,#7386,.T.);
#7389=ORIENTED_EDGE('',*,*,#7388,.F.);
#7390=EDGE_LOOP('',(#7375,#7377,#7379,#7381,#7383,#7385,#7387,#7389));
#7391=FACE_OUTER_BOUND('',#7390,.F.);
#7392=ORIENTED_EDGE('',*,*,#7341,.F.);
#7394=ORIENTED_EDGE('',*,*,#7393,.F.);
#7395=EDGE_LOOP('',(#7392,#7394));
#7396=FACE_BOUND('',#7395,.F.);
#7398=CARTESIAN_POINT('',(0.E0,6.5E-1,0.E0));
#7399=DIRECTION('',(0.E0,-1.E0,0.E0));
#7400=DIRECTION('',(-1.E0,0.E0,0.E0));
#7401=AXIS2_PLACEMENT_3D('',#7398,#7399,#7400);
#7402=CYLINDRICAL_SURFACE('',#7401,1.49E0);
#7403=ORIENTED_EDGE('',*,*,#7393,.T.);
#7404=ORIENTED_EDGE('',*,*,#7346,.F.);
#7405=ORIENTED_EDGE('',*,*,#7331,.F.);
#7406=ORIENTED_EDGE('',*,*,#7343,.T.);
#7407=EDGE_LOOP('',(#7403,#7404,#7405,#7406));
#7408=FACE_OUTER_BOUND('',#7407,.F.);
#7410=CARTESIAN_POINT('',(0.E0,6.5E-1,0.E0));
#7411=DIRECTION('',(0.E0,-1.E0,0.E0));
#7412=DIRECTION('',(-1.E0,0.E0,0.E0));
#7413=AXIS2_PLACEMENT_3D('',#7410,#7411,#7412);
#7414=CYLINDRICAL_SURFACE('',#7413,1.49E0);
#7416=ORIENTED_EDGE('',*,*,#7415,.T.);
#7417=ORIENTED_EDGE('',*,*,#7364,.T.);
#7419=ORIENTED_EDGE('',*,*,#7418,.F.);
#7420=ORIENTED_EDGE('',*,*,#7360,.F.);
#7422=ORIENTED_EDGE('',*,*,#7421,.T.);
#7423=EDGE_LOOP('',(#7416,#7417,#7419,#7420,#7422));
#7424=FACE_OUTER_BOUND('',#7423,.F.);
#7426=CARTESIAN_POINT('',(0.E0,1.625E0,0.E0));
#7427=DIRECTION('',(0.E0,-1.E0,0.E0));
#7428=DIRECTION('',(0.E0,0.E0,1.E0));
#7429=AXIS2_PLACEMENT_3D('',#7426,#7427,#7428);
#7430=CONICAL_SURFACE('',#7429,1.52E0,1.349573328080E1);
#7432=ORIENTED_EDGE('',*,*,#7431,.T.);
#7433=ORIENTED_EDGE('',*,*,#7388,.T.);
#7435=ORIENTED_EDGE('',*,*,#7434,.T.);
#7436=ORIENTED_EDGE('',*,*,#7384,.T.);
#7438=ORIENTED_EDGE('',*,*,#7437,.T.);
#7440=ORIENTED_EDGE('',*,*,#7439,.T.);
#7441=ORIENTED_EDGE('',*,*,#7356,.F.);
#7442=ORIENTED_EDGE('',*,*,#7415,.F.);
#7444=ORIENTED_EDGE('',*,*,#7443,.F.);
#7445=EDGE_LOOP('',(#7432,#7433,#7435,#7436,#7438,#7440,#7441,#7442,#7444));
#7446=FACE_OUTER_BOUND('',#7445,.F.);
#7448=CARTESIAN_POINT('',(1.5E0,0.E0,-1.5E0));
#7449=DIRECTION('',(0.E0,0.E0,1.E0));
#7450=DIRECTION('',(-1.E0,0.E0,0.E0));
#7451=AXIS2_PLACEMENT_3D('',#7448,#7449,#7450);
#7452=PLANE('',#7451);
#7453=ORIENTED_EDGE('',*,*,#7374,.F.);
#7454=ORIENTED_EDGE('',*,*,#7431,.F.);
#7456=ORIENTED_EDGE('',*,*,#7455,.F.);
#7457=EDGE_LOOP('',(#7453,#7454,#7456));
#7458=FACE_OUTER_BOUND('',#7457,.F.);
#7460=CARTESIAN_POINT('',(0.E0,1.625E0,0.E0));
#7461=DIRECTION('',(0.E0,-1.E0,0.E0));
#7462=DIRECTION('',(0.E0,0.E0,1.E0));
#7463=AXIS2_PLACEMENT_3D('',#7460,#7461,#7462);
#7464=CONICAL_SURFACE('',#7463,1.52E0,1.349573328080E1);
#7465=ORIENTED_EDGE('',*,*,#7455,.T.);
#7466=ORIENTED_EDGE('',*,*,#7443,.T.);
#7467=ORIENTED_EDGE('',*,*,#7421,.F.);
#7468=ORIENTED_EDGE('',*,*,#7358,.F.);
#7469=ORIENTED_EDGE('',*,*,#7439,.F.);
#7471=ORIENTED_EDGE('',*,*,#7470,.T.);
#7472=ORIENTED_EDGE('',*,*,#7380,.F.);
#7474=ORIENTED_EDGE('',*,*,#7473,.T.);
#7475=ORIENTED_EDGE('',*,*,#7376,.F.);
#7476=EDGE_LOOP('',(#7465,#7466,#7467,#7468,#7469,#7471,#7472,#7474,#7475));
#7477=FACE_OUTER_BOUND('',#7476,.F.);
#7479=CARTESIAN_POINT('',(-1.5E0,0.E0,1.5E0));
#7480=DIRECTION('',(0.E0,0.E0,-1.E0));
#7481=DIRECTION('',(1.E0,0.E0,0.E0));
#7482=AXIS2_PLACEMENT_3D('',#7479,#7480,#7481);
#7483=PLANE('',#7482);
#7484=ORIENTED_EDGE('',*,*,#7382,.F.);
#7485=ORIENTED_EDGE('',*,*,#7470,.F.);
#7486=ORIENTED_EDGE('',*,*,#7437,.F.);
#7487=EDGE_LOOP('',(#7484,#7485,#7486));
#7488=FACE_OUTER_BOUND('',#7487,.F.);
#7490=CARTESIAN_POINT('',(-1.5E0,0.E0,-1.5E0));
#7491=DIRECTION('',(1.E0,0.E0,0.E0));
#7492=DIRECTION('',(0.E0,0.E0,1.E0));
#7493=AXIS2_PLACEMENT_3D('',#7490,#7491,#7492);
#7494=PLANE('',#7493);
#7495=ORIENTED_EDGE('',*,*,#7378,.F.);
#7496=ORIENTED_EDGE('',*,*,#7473,.F.);
#7497=EDGE_LOOP('',(#7495,#7496));
#7498=FACE_OUTER_BOUND('',#7497,.F.);
#7500=CARTESIAN_POINT('',(1.5E0,0.E0,1.5E0));
#7501=DIRECTION('',(-1.E0,0.E0,0.E0));
#7502=DIRECTION('',(0.E0,0.E0,-1.E0));
#7503=AXIS2_PLACEMENT_3D('',#7500,#7501,#7502);
#7504=PLANE('',#7503);
#7505=ORIENTED_EDGE('',*,*,#7386,.F.);
#7506=ORIENTED_EDGE('',*,*,#7434,.F.);
#7507=EDGE_LOOP('',(#7505,#7506));
#7508=FACE_OUTER_BOUND('',#7507,.F.);
#7510=CARTESIAN_POINT('',(0.E0,4.35E0,0.E0));
#7511=DIRECTION('',(0.E0,-1.E0,0.E0));
#7512=DIRECTION('',(-1.E0,0.E0,0.E0));
#7513=AXIS2_PLACEMENT_3D('',#7510,#7511,#7512);
#7514=CONICAL_SURFACE('',#7513,1.403397459622E0,3.E1);
#7516=ORIENTED_EDGE('',*,*,#7515,.F.);
#7518=ORIENTED_EDGE('',*,*,#7517,.T.);
#7519=ORIENTED_EDGE('',*,*,#7418,.T.);
#7521=ORIENTED_EDGE('',*,*,#7520,.F.);
#7522=EDGE_LOOP('',(#7516,#7518,#7519,#7521));
#7523=FACE_OUTER_BOUND('',#7522,.F.);
#7525=CARTESIAN_POINT('',(0.E0,4.5E0,0.E0));
#7526=DIRECTION('',(0.E0,1.E0,0.E0));
#7527=DIRECTION('',(1.E0,0.E0,0.E0));
#7528=AXIS2_PLACEMENT_3D('',#7525,#7526,#7527);
#7529=PLANE('',#7528);
#7531=ORIENTED_EDGE('',*,*,#7530,.T.);
#7532=ORIENTED_EDGE('',*,*,#7515,.T.);
#7533=EDGE_LOOP('',(#7531,#7532));
#7534=FACE_OUTER_BOUND('',#7533,.F.);
#7536=ORIENTED_EDGE('',*,*,#7535,.F.);
#7538=ORIENTED_EDGE('',*,*,#7537,.F.);
#7539=EDGE_LOOP('',(#7536,#7538));
#7540=FACE_BOUND('',#7539,.F.);
#7542=CARTESIAN_POINT('',(0.E0,4.35E0,0.E0));
#7543=DIRECTION('',(0.E0,-1.E0,0.E0));
#7544=DIRECTION('',(-1.E0,0.E0,0.E0));
#7545=AXIS2_PLACEMENT_3D('',#7542,#7543,#7544);
#7546=CONICAL_SURFACE('',#7545,1.403397459622E0,3.E1);
#7547=ORIENTED_EDGE('',*,*,#7530,.F.);
#7548=ORIENTED_EDGE('',*,*,#7520,.T.);
#7549=ORIENTED_EDGE('',*,*,#7362,.T.);
#7550=ORIENTED_EDGE('',*,*,#7517,.F.);
#7551=EDGE_LOOP('',(#7547,#7548,#7549,#7550));
#7552=FACE_OUTER_BOUND('',#7551,.F.);
#7554=CARTESIAN_POINT('',(0.E0,4.35E0,0.E0));
#7555=DIRECTION('',(0.E0,1.E0,0.E0));
#7556=DIRECTION('',(-1.E0,0.E0,0.E0));
#7557=AXIS2_PLACEMENT_3D('',#7554,#7555,#7556);
#7558=CONICAL_SURFACE('',#7557,9.615E-1,4.5E1);
#7560=ORIENTED_EDGE('',*,*,#7559,.T.);
#7562=ORIENTED_EDGE('',*,*,#7561,.T.);
#7564=ORIENTED_EDGE('',*,*,#7563,.F.);
#7566=ORIENTED_EDGE('',*,*,#7565,.F.);
#7567=ORIENTED_EDGE('',*,*,#7535,.T.);
#7569=ORIENTED_EDGE('',*,*,#7568,.T.);
#7571=ORIENTED_EDGE('',*,*,#7570,.F.);
#7572=EDGE_LOOP('',(#7560,#7562,#7564,#7566,#7567,#7569,#7571));
#7573=FACE_OUTER_BOUND('',#7572,.F.);
#7575=CARTESIAN_POINT('',(-6.478328609811E-1,4.294893694266E0,
4.777297782483E-1));
#7576=CARTESIAN_POINT('',(-7.251327236393E-1,4.284592761980E0,3.729061029E-1));
#7577=CARTESIAN_POINT('',(-8.277571913920E-1,4.263990897407E0,
1.251086017204E-1));
#7578=CARTESIAN_POINT('',(-7.905129773820E-1,4.233088100547E0,
-2.755820073102E-1));
#7579=CARTESIAN_POINT('',(-5.706095740030E-1,4.202185303688E0,
-6.125777777647E-1));
#7580=CARTESIAN_POINT('',(-2.188761808591E-1,4.171282506829E0,
-8.080488245533E-1));
#7581=CARTESIAN_POINT('',(1.834280376671E-1,4.140379709969E0,
-8.168250463295E-1));
#7582=CARTESIAN_POINT('',(5.433523607551E-1,4.109476913110E0,
-6.368809401181E-1));
#7583=CARTESIAN_POINT('',(7.777396285231E-1,4.078574116251E0,
-3.097905469696E-1));
#7584=CARTESIAN_POINT('',(8.324364531219E-1,4.047671319392E0,
8.887440079702E-2));
#7585=CARTESIAN_POINT('',(6.948056086715E-1,4.016768522532E0,
4.670056495547E-1));
#7586=CARTESIAN_POINT('',(3.966455747162E-1,3.985865725673E0,
7.372390369384E-1));
#7587=CARTESIAN_POINT('',(6.843805549706E-3,3.954962928814E0,
8.371393385389E-1));
#7588=CARTESIAN_POINT('',(-3.845391693806E-1,3.924060131954E0,
7.436254009641E-1));
#7589=CARTESIAN_POINT('',(-6.870774951376E-1,3.893157335095E0,
4.783028595247E-1));
#7590=CARTESIAN_POINT('',(-8.308721509529E-1,3.862254538236E0,
1.024723305371E-1));
#7591=CARTESIAN_POINT('',(-7.827005505056E-1,3.831351741376E0,
-2.970335974130E-1));
#7592=CARTESIAN_POINT('',(-5.536923504920E-1,3.800448944517E0,
-6.279123272886E-1));
#7593=CARTESIAN_POINT('',(-1.967580339004E-1,3.769546147658E0,
-8.137170182868E-1));
#7594=CARTESIAN_POINT('',(2.056356269632E-1,3.738643350798E0,
-8.115190069728E-1));
#7595=CARTESIAN_POINT('',(5.605188478463E-1,3.707740553939E0,
-6.218261259895E-1));
#7596=CARTESIAN_POINT('',(7.858987454202E-1,3.676837757080E0,
-2.884653734745E-1));
#7597=CARTESIAN_POINT('',(8.297031265313E-1,3.645934960220E0,
1.115429586656E-1));
#7598=CARTESIAN_POINT('',(6.818113448190E-1,3.615032163361E0,
4.857801968010E-1));
#7599=CARTESIAN_POINT('',(3.763925949484E-1,3.584129366502E0,
7.477818699497E-1));
#7600=CARTESIAN_POINT('',(-1.598860639225E-2,3.553226569643E0,
8.370146187904E-1));
#7601=CARTESIAN_POINT('',(-4.046757622536E-1,3.522323772783E0,
7.328619516740E-1));
#7602=CARTESIAN_POINT('',(-6.998659025344E-1,3.491420975924E0,
4.593874598784E-1));
#7603=CARTESIAN_POINT('',(-8.333576046348E-1,3.460518179065E0,
7.977533522876E-2));
#7604=CARTESIAN_POINT('',(-7.743092195893E-1,3.429615382205E0,
-3.182686253287E-1));
#7605=CARTESIAN_POINT('',(-5.363614424973E-1,3.398712585346E0,
-6.427777397804E-1));
#7606=CARTESIAN_POINT('',(-1.744974663476E-1,3.367809788487E0,
-8.187837592434E-1));
#7607=CARTESIAN_POINT('',(2.277041980734E-1,3.336906991627E0,
-8.055960081241E-1));
#7608=CARTESIAN_POINT('',(4.607124273376E-1,3.316305127055E0,
-6.727707542465E-1));
#7609=CARTESIAN_POINT('',(5.550395101980E-1,3.306004194768E0,
-5.829616616136E-1));
#7610=CARTESIAN_POINT('',(-7.019279361563E-1,4.333699126681E0,
5.176209752287E-1));
#7611=CARTESIAN_POINT('',(-7.856824603999E-1,4.323398194395E0,
4.040443561203E-1));
#7612=CARTESIAN_POINT('',(-8.968762345775E-1,4.302796329822E0,
1.355553691241E-1));
#7613=CARTESIAN_POINT('',(-8.565220694087E-1,4.271893532962E0,
-2.985935436188E-1));
#7614=CARTESIAN_POINT('',(-6.182563817839E-1,4.240990736103E0,
-6.637289973688E-1));
#7615=CARTESIAN_POINT('',(-2.371526903892E-1,4.210087939244E0,
-8.755221877341E-1));
#7616=CARTESIAN_POINT('',(1.987445708108E-1,4.179185142384E0,
-8.850312379994E-1));
#7617=CARTESIAN_POINT('',(5.887231478392E-1,4.148282345525E0,
-6.900615124669E-1));
#7618=CARTESIAN_POINT('',(8.426821255862E-1,4.117379548666E0,
-3.356585507962E-1));
#7619=CARTESIAN_POINT('',(9.019462221107E-1,4.086476751806E0,
9.629555474247E-2));
#7620=CARTESIAN_POINT('',(7.528229830546E-1,4.055573954947E0,
5.060013647174E-1));
#7621=CARTESIAN_POINT('',(4.297661116240E-1,4.024671158088E0,
7.987996701315E-1));
#7622=CARTESIAN_POINT('',(7.415274207741E-3,3.993768361229E0,
9.070418059466E-1));
#7623=CARTESIAN_POINT('',(-4.166488021706E-1,3.962865564369E0,
8.057193057197E-1));
#7624=CARTESIAN_POINT('',(-7.444495597383E-1,3.931962767510E0,
5.182419097039E-1));
#7625=CARTESIAN_POINT('',(-9.002512982204E-1,3.901059970651E0,
1.110289332624E-1));
#7626=CARTESIAN_POINT('',(-8.480572924515E-1,3.870157173791E0,
-3.218363756439E-1));
#7627=CARTESIAN_POINT('',(-5.999265431793E-1,3.839254376932E0,
-6.803440061891E-1));
#7628=CARTESIAN_POINT('',(-2.131876429496E-1,3.808351580073E0,
-8.816636846675E-1));
#7629=CARTESIAN_POINT('',(2.228065291654E-1,3.777448783213E0,
-8.792821359098E-1));
#7630=CARTESIAN_POINT('',(6.073230639298E-1,3.746545986354E0,
-6.737495973928E-1));
#7631=CARTESIAN_POINT('',(8.515225417328E-1,3.715643189495E0,
-3.125526913669E-1));
#7632=CARTESIAN_POINT('',(8.989846583987E-1,3.684740392635E0,
1.208569732791E-1));
#7633=CARTESIAN_POINT('',(7.387436774848E-1,3.653837595776E0,
5.263436165460E-1));
#7634=CARTESIAN_POINT('',(4.078219758049E-1,3.622934798917E0,
8.102228464823E-1));
#7635=CARTESIAN_POINT('',(-1.732368047822E-2,3.592032002057E0,
9.069066719005E-1));
#7636=CARTESIAN_POINT('',(-4.384668326039E-1,3.561129205198E0,
7.940570912796E-1));
#7637=CARTESIAN_POINT('',(-7.583058195106E-1,3.530226408339E0,
4.977470440758E-1));
#7638=CARTESIAN_POINT('',(-9.029442912414E-1,3.499323611480E0,
8.643670271449E-2));
#7639=CARTESIAN_POINT('',(-8.389652720456E-1,3.468420814620E0,
-3.448445621945E-1));
#7640=CARTESIAN_POINT('',(-5.811484767781E-1,3.437518017761E0,
-6.964507042881E-1));
#7641=CARTESIAN_POINT('',(-1.890682825697E-1,3.406615220902E0,
-8.871535065597E-1));
#7642=CARTESIAN_POINT('',(2.467178610942E-1,3.375712424042E0,
-8.728645572284E-1));
#7643=CARTESIAN_POINT('',(4.991826484271E-1,3.355110559470E0,
-7.289481832079E-1));
#7644=CARTESIAN_POINT('',(6.013861928654E-1,3.344809627183E0,
-6.316398883733E-1));
#7645=CARTESIAN_POINT('',(-7.560230113315E-1,4.372504559096E0,
5.575121722091E-1));
#7646=CARTESIAN_POINT('',(-8.462321971604E-1,4.362203626809E0,
4.351826093406E-1));
#7647=CARTESIAN_POINT('',(-9.659952777630E-1,4.341601762237E0,
1.460021365278E-1));
#7648=CARTESIAN_POINT('',(-9.225311614354E-1,4.310698965377E0,
-3.216050799273E-1));
#7649=CARTESIAN_POINT('',(-6.659031895649E-1,4.279796168518E0,
-7.148802169730E-1));
#7650=CARTESIAN_POINT('',(-2.554291999193E-1,4.248893371659E0,
-9.429955509149E-1));
#7651=CARTESIAN_POINT('',(2.140611039546E-1,4.217990574799E0,
-9.532374296693E-1));
#7652=CARTESIAN_POINT('',(6.340939349233E-1,4.187087777940E0,
-7.432420848157E-1));
#7653=CARTESIAN_POINT('',(9.076246226493E-1,4.156184981081E0,
-3.615265546228E-1));
#7654=CARTESIAN_POINT('',(9.714559910996E-1,4.125282184221E0,
1.037167086879E-1));
#7655=CARTESIAN_POINT('',(8.108403574377E-1,4.094379387362E0,
5.449970798802E-1));
#7656=CARTESIAN_POINT('',(4.628866485317E-1,4.063476590503E0,
8.603603033245E-1));
#7657=CARTESIAN_POINT('',(7.986742865773E-3,4.032573793643E0,
9.769442733543E-1));
#7658=CARTESIAN_POINT('',(-4.487584349607E-1,4.001670996784E0,
8.678132104753E-1));
#7659=CARTESIAN_POINT('',(-8.018216243389E-1,3.970768199925E0,
5.581809598832E-1));
#7660=CARTESIAN_POINT('',(-9.696304454879E-1,3.939865403066E0,
1.195855359876E-1));
#7661=CARTESIAN_POINT('',(-9.134140343975E-1,3.908962606206E0,
-3.466391538749E-1));
#7662=CARTESIAN_POINT('',(-6.461607358666E-1,3.878059809347E0,
-7.327756850895E-1));
#7663=CARTESIAN_POINT('',(-2.296172519989E-1,3.847157012488E0,
-9.496103510482E-1));
#7664=CARTESIAN_POINT('',(2.399774313676E-1,3.816254215628E0,
-9.470452648468E-1));
#7665=CARTESIAN_POINT('',(6.541272800133E-1,3.785351418769E0,
-7.256730687961E-1));
#7666=CARTESIAN_POINT('',(9.171463380453E-1,3.754448621910E0,
-3.366400092592E-1));
#7667=CARTESIAN_POINT('',(9.682661902661E-1,3.723545825050E0,
1.301709878926E-1));
#7668=CARTESIAN_POINT('',(7.956760101507E-1,3.692643028191E0,
5.669070362910E-1));
#7669=CARTESIAN_POINT('',(4.392513566613E-1,3.661740231332E0,
8.726638230148E-1));
#7670=CARTESIAN_POINT('',(-1.865875456419E-2,3.630837434472E0,
9.767987250107E-1));
#7671=CARTESIAN_POINT('',(-4.722579029542E-1,3.599934637613E0,
8.552522308852E-1));
#7672=CARTESIAN_POINT('',(-8.167457364867E-1,3.569031840754E0,
5.361066282732E-1));
#7673=CARTESIAN_POINT('',(-9.725309778479E-1,3.538129043895E0,
9.309807020022E-2));
#7674=CARTESIAN_POINT('',(-9.036213245019E-1,3.507226247035E0,
-3.714204990603E-1));
#7675=CARTESIAN_POINT('',(-6.259355110588E-1,3.476323450176E0,
-7.501236687958E-1));
#7676=CARTESIAN_POINT('',(-2.036390987917E-1,3.445420653317E0,
-9.555232538760E-1));
#7677=CARTESIAN_POINT('',(2.657315241150E-1,3.414517856457E0,
-9.401331063327E-1));
#7678=CARTESIAN_POINT('',(5.376528695165E-1,3.393915991884E0,
-7.851256121693E-1));
#7679=CARTESIAN_POINT('',(6.477328755327E-1,3.383615059598E0,
-6.803181151330E-1));
#7680=CARTESIAN_POINT('',(-8.101180865067E-1,4.411309991511E0,
5.974033691894E-1));
#7681=CARTESIAN_POINT('',(-9.067819339210E-1,4.401009059224E0,
4.663208625609E-1));
#7682=CARTESIAN_POINT('',(-1.035114320949E0,4.380407194652E0,
1.564489039314E-1));
#7683=CARTESIAN_POINT('',(-9.885402534621E-1,4.349504397792E0,
-3.446166162359E-1));
#7684=CARTESIAN_POINT('',(-7.135499973459E-1,4.318601600933E0,
-7.660314365771E-1));
#7685=CARTESIAN_POINT('',(-2.737057094494E-1,4.287698804074E0,
-1.010468914096E0));
#7686=CARTESIAN_POINT('',(2.293776370983E-1,4.256796007214E0,
-1.021443621339E0));
#7687=CARTESIAN_POINT('',(6.794647220074E-1,4.225893210355E0,
-7.964226571644E-1));
#7688=CARTESIAN_POINT('',(9.725671197125E-1,4.194990413496E0,
-3.873945584495E-1));
#7689=CARTESIAN_POINT('',(1.040965760088E0,4.164087616636E0,1.111378626334E-1));
#7690=CARTESIAN_POINT('',(8.688577318209E-1,4.133184819777E0,
5.839927950429E-1));
#7691=CARTESIAN_POINT('',(4.960071854395E-1,4.102282022918E0,
9.219209365175E-1));
#7692=CARTESIAN_POINT('',(8.558211523807E-3,4.071379226058E0,1.046846740762E0));
#7693=CARTESIAN_POINT('',(-4.808680677508E-1,4.040476429199E0,
9.299071152309E-1));
#7694=CARTESIAN_POINT('',(-8.591936889396E-1,4.009573632340E0,
5.981200100624E-1));
#7695=CARTESIAN_POINT('',(-1.039009592755E0,3.978670835481E0,
1.281421387129E-1));
#7696=CARTESIAN_POINT('',(-9.787707763434E-1,3.947768038621E0,
-3.714419321058E-1));
#7697=CARTESIAN_POINT('',(-6.923949285539E-1,3.916865241762E0,
-7.852073639899E-1));
#7698=CARTESIAN_POINT('',(-2.460468610481E-1,3.885962444903E0,
-1.017557017429E0));
#7699=CARTESIAN_POINT('',(2.571483335698E-1,3.855059648043E0,
-1.014808393784E0));
#7700=CARTESIAN_POINT('',(7.009314960968E-1,3.824156851184E0,
-7.775965401994E-1));
#7701=CARTESIAN_POINT('',(9.827701343578E-1,3.793254054325E0,
-3.607273271515E-1));
#7702=CARTESIAN_POINT('',(1.037547722133E0,3.762351257465E0,1.394850025061E-1));
#7703=CARTESIAN_POINT('',(8.526083428166E-1,3.731448460606E0,
6.074704560359E-1));
#7704=CARTESIAN_POINT('',(4.706807375178E-1,3.700545663747E0,
9.351047995474E-1));
#7705=CARTESIAN_POINT('',(-1.999382865016E-2,3.669642866887E0,
1.046690778121E0));
#7706=CARTESIAN_POINT('',(-5.060489733046E-1,3.638740070028E0,
9.164473704908E-1));
#7707=CARTESIAN_POINT('',(-8.751856534628E-1,3.607837273169E0,
5.744662124707E-1));
#7708=CARTESIAN_POINT('',(-1.042117664455E0,3.576934476309E0,
9.975943768594E-2));
#7709=CARTESIAN_POINT('',(-9.682773769582E-1,3.546031679450E0,
-3.979964359262E-1));
#7710=CARTESIAN_POINT('',(-6.707225453396E-1,3.515128882591E0,
-8.037966333034E-1));
#7711=CARTESIAN_POINT('',(-2.182099150137E-1,3.484226085732E0,
-1.023893001192E0));
#7712=CARTESIAN_POINT('',(2.847451871358E-1,3.453323288872E0,
-1.007401655437E0));
#7713=CARTESIAN_POINT('',(5.761230906060E-1,3.432721424299E0,
-8.413030411307E-1));
#7714=CARTESIAN_POINT('',(6.940795582E-1,3.422420492013E0,-7.289963418927E-1));
#7715=B_SPLINE_SURFACE_WITH_KNOTS('',3,3,((#7575,#7576,#7577,#7578,#7579,#7580,
#7581,#7582,#7583,#7584,#7585,#7586,#7587,#7588,#7589,#7590,#7591,#7592,#7593,
#7594,#7595,#7596,#7597,#7598,#7599,#7600,#7601,#7602,#7603,#7604,#7605,#7606,
#7607,#7608,#7609),(#7610,#7611,#7612,#7613,#7614,#7615,#7616,#7617,#7618,#7619,
#7620,#7621,#7622,#7623,#7624,#7625,#7626,#7627,#7628,#7629,#7630,#7631,#7632,
#7633,#7634,#7635,#7636,#7637,#7638,#7639,#7640,#7641,#7642,#7643,#7644),(#7645,
#7646,#7647,#7648,#7649,#7650,#7651,#7652,#7653,#7654,#7655,#7656,#7657,#7658,
#7659,#7660,#7661,#7662,#7663,#7664,#7665,#7666,#7667,#7668,#7669,#7670,#7671,
#7672,#7673,#7674,#7675,#7676,#7677,#7678,#7679),(#7680,#7681,#7682,#7683,#7684,
#7685,#7686,#7687,#7688,#7689,#7690,#7691,#7692,#7693,#7694,#7695,#7696,#7697,
#7698,#7699,#7700,#7701,#7702,#7703,#7704,#7705,#7706,#7707,#7708,#7709,#7710,
#7711,#7712,#7713,#7714)),.UNSPECIFIED.,.F.,.F.,.F.,(4,4),(4,1,1,1,1,1,1,1,1,1,
1,1,1,1,1,1,1,1,1,1,1,1,1,1,1,1,1,1,1,1,1,1,4),(-3.485130413038E-2,
1.034851304130E0),(2.111146263903E-1,2.362506799612E-1,2.613867335321E-1,
2.865227871030E-1,3.116588406739E-1,3.367948942448E-1,3.619309478157E-1,
3.870670013866E-1,4.122030549575E-1,4.373391085284E-1,4.624751620993E-1,
4.876112156701E-1,5.127472692410E-1,5.378833228119E-1,5.630193763828E-1,
5.881554299537E-1,6.132914835246E-1,6.384275370955E-1,6.635635906664E-1,
6.886996442373E-1,7.138356978082E-1,7.389717513791E-1,7.641078049500E-1,
7.892438585209E-1,8.143799120918E-1,8.395159656627E-1,8.646520192336E-1,
8.897880728045E-1,9.149241263754E-1,9.400601799463E-1,9.651962335172E-1,
9.903322870881E-1,1.015468340659E0),.UNSPECIFIED.);
#7717=ORIENTED_EDGE('',*,*,#7716,.T.);
#7719=ORIENTED_EDGE('',*,*,#7718,.T.);
#7720=ORIENTED_EDGE('',*,*,#7559,.F.);
#7722=ORIENTED_EDGE('',*,*,#7721,.T.);
#7724=ORIENTED_EDGE('',*,*,#7723,.F.);
#7726=ORIENTED_EDGE('',*,*,#7725,.T.);
#7728=ORIENTED_EDGE('',*,*,#7727,.T.);
#7730=ORIENTED_EDGE('',*,*,#7729,.T.);
#7731=EDGE_LOOP('',(#7717,#7719,#7720,#7722,#7724,#7726,#7728,#7730));
#7732=FACE_OUTER_BOUND('',#7731,.F.);
#7734=CARTESIAN_POINT('',(0.E0,4.5E0,0.E0));
#7735=DIRECTION('',(0.E0,-1.E0,0.E0));
#7736=DIRECTION('',(1.E0,0.E0,0.E0));
#7737=AXIS2_PLACEMENT_3D('',#7734,#7735,#7736);
#7738=CYLINDRICAL_SURFACE('',#7737,8.115E-1);
#7739=ORIENTED_EDGE('',*,*,#7716,.F.);
#7741=ORIENTED_EDGE('',*,*,#7740,.T.);
#7743=ORIENTED_EDGE('',*,*,#7742,.F.);
#7745=ORIENTED_EDGE('',*,*,#7744,.F.);
#7746=EDGE_LOOP('',(#7739,#7741,#7743,#7745));
#7747=FACE_OUTER_BOUND('',#7746,.F.);
#7749=CARTESIAN_POINT('',(0.E0,4.5E0,0.E0));
#7750=DIRECTION('',(0.E0,-1.E0,0.E0));
#7751=DIRECTION('',(1.E0,0.E0,0.E0));
#7752=AXIS2_PLACEMENT_3D('',#7749,#7750,#7751);
#7753=CYLINDRICAL_SURFACE('',#7752,8.115E-1);
#7754=ORIENTED_EDGE('',*,*,#7727,.F.);
#7756=ORIENTED_EDGE('',*,*,#7755,.T.);
#7758=ORIENTED_EDGE('',*,*,#7757,.F.);
#7760=ORIENTED_EDGE('',*,*,#7759,.F.);
#7761=EDGE_LOOP('',(#7754,#7756,#7758,#7760));
#7762=FACE_OUTER_BOUND('',#7761,.F.);
#7764=CARTESIAN_POINT('',(0.E0,4.5E0,0.E0));
#7765=DIRECTION('',(0.E0,-1.E0,0.E0));
#7766=DIRECTION('',(1.E0,0.E0,0.E0));
#7767=AXIS2_PLACEMENT_3D('',#7764,#7765,#7766);
#7768=CYLINDRICAL_SURFACE('',#7767,8.115E-1);
#7770=ORIENTED_EDGE('',*,*,#7769,.F.);
#7772=ORIENTED_EDGE('',*,*,#7771,.T.);
#7774=ORIENTED_EDGE('',*,*,#7773,.F.);
#7776=ORIENTED_EDGE('',*,*,#7775,.F.);
#7777=EDGE_LOOP('',(#7770,#7772,#7774,#7776));
#7778=FACE_OUTER_BOUND('',#7777,.F.);
#7780=CARTESIAN_POINT('',(0.E0,4.5E0,0.E0));
#7781=DIRECTION('',(0.E0,-1.E0,0.E0));
#7782=DIRECTION('',(1.E0,0.E0,0.E0));
#7783=AXIS2_PLACEMENT_3D('',#7780,#7781,#7782);
#7784=CYLINDRICAL_SURFACE('',#7783,8.115E-1);
#7786=ORIENTED_EDGE('',*,*,#7785,.F.);
#7788=ORIENTED_EDGE('',*,*,#7787,.T.);
#7790=ORIENTED_EDGE('',*,*,#7789,.F.);
#7792=ORIENTED_EDGE('',*,*,#7791,.F.);
#7793=EDGE_LOOP('',(#7786,#7788,#7790,#7792));
#7794=FACE_OUTER_BOUND('',#7793,.F.);
#7796=CARTESIAN_POINT('',(0.E0,4.5E0,0.E0));
#7797=DIRECTION('',(0.E0,-1.E0,0.E0));
#7798=DIRECTION('',(1.E0,0.E0,0.E0));
#7799=AXIS2_PLACEMENT_3D('',#7796,#7797,#7798);
#7800=CYLINDRICAL_SURFACE('',#7799,8.115E-1);
#7802=ORIENTED_EDGE('',*,*,#7801,.F.);
#7804=ORIENTED_EDGE('',*,*,#7803,.T.);
#7806=ORIENTED_EDGE('',*,*,#7805,.F.);
#7808=ORIENTED_EDGE('',*,*,#7807,.F.);
#7809=EDGE_LOOP('',(#7802,#7804,#7806,#7808));
#7810=FACE_OUTER_BOUND('',#7809,.F.);
#7812=CARTESIAN_POINT('',(0.E0,4.5E0,0.E0));
#7813=DIRECTION('',(0.E0,-1.E0,0.E0));
#7814=DIRECTION('',(1.E0,0.E0,0.E0));
#7815=AXIS2_PLACEMENT_3D('',#7812,#7813,#7814);
#7816=CYLINDRICAL_SURFACE('',#7815,8.115E-1);
#7818=ORIENTED_EDGE('',*,*,#7817,.F.);
#7820=ORIENTED_EDGE('',*,*,#7819,.T.);
#7822=ORIENTED_EDGE('',*,*,#7821,.F.);
#7824=ORIENTED_EDGE('',*,*,#7823,.F.);
#7825=EDGE_LOOP('',(#7818,#7820,#7822,#7824));
#7826=FACE_OUTER_BOUND('',#7825,.F.);
#7828=CARTESIAN_POINT('',(0.E0,4.5E0,0.E0));
#7829=DIRECTION('',(0.E0,-1.E0,0.E0));
#7830=DIRECTION('',(1.E0,0.E0,0.E0));
#7831=AXIS2_PLACEMENT_3D('',#7828,#7829,#7830);
#7832=CYLINDRICAL_SURFACE('',#7831,8.115E-1);
#7834=ORIENTED_EDGE('',*,*,#7833,.F.);
#7836=ORIENTED_EDGE('',*,*,#7835,.T.);
#7838=ORIENTED_EDGE('',*,*,#7837,.F.);
#7840=ORIENTED_EDGE('',*,*,#7839,.F.);
#7841=EDGE_LOOP('',(#7834,#7836,#7838,#7840));
#7842=FACE_OUTER_BOUND('',#7841,.F.);
#7844=CARTESIAN_POINT('',(0.E0,4.5E0,0.E0));
#7845=DIRECTION('',(0.E0,-1.E0,0.E0));
#7846=DIRECTION('',(1.E0,0.E0,0.E0));
#7847=AXIS2_PLACEMENT_3D('',#7844,#7845,#7846);
#7848=CYLINDRICAL_SURFACE('',#7847,8.115E-1);
#7850=ORIENTED_EDGE('',*,*,#7849,.F.);
#7852=ORIENTED_EDGE('',*,*,#7851,.T.);
#7854=ORIENTED_EDGE('',*,*,#7853,.F.);
#7856=ORIENTED_EDGE('',*,*,#7855,.F.);
#7857=EDGE_LOOP('',(#7850,#7852,#7854,#7856));
#7858=FACE_OUTER_BOUND('',#7857,.F.);
#7860=CARTESIAN_POINT('',(0.E0,4.5E0,0.E0));
#7861=DIRECTION('',(0.E0,-1.E0,0.E0));
#7862=DIRECTION('',(1.E0,0.E0,0.E0));
#7863=AXIS2_PLACEMENT_3D('',#7860,#7861,#7862);
#7864=CYLINDRICAL_SURFACE('',#7863,8.115E-1);
#7866=ORIENTED_EDGE('',*,*,#7865,.F.);
#7868=ORIENTED_EDGE('',*,*,#7867,.T.);
#7870=ORIENTED_EDGE('',*,*,#7869,.F.);
#7872=ORIENTED_EDGE('',*,*,#7871,.F.);
#7873=EDGE_LOOP('',(#7866,#7868,#7870,#7872));
#7874=FACE_OUTER_BOUND('',#7873,.F.);
#7876=CARTESIAN_POINT('',(0.E0,4.5E0,0.E0));
#7877=DIRECTION('',(0.E0,-1.E0,0.E0));
#7878=DIRECTION('',(1.E0,0.E0,0.E0));
#7879=AXIS2_PLACEMENT_3D('',#7876,#7877,#7878);
#7880=CYLINDRICAL_SURFACE('',#7879,8.115E-1);
#7882=ORIENTED_EDGE('',*,*,#7881,.F.);
#7884=ORIENTED_EDGE('',*,*,#7883,.F.);
#7886=ORIENTED_EDGE('',*,*,#7885,.F.);
#7888=ORIENTED_EDGE('',*,*,#7887,.F.);
#7889=EDGE_LOOP('',(#7882,#7884,#7886,#7888));
#7890=FACE_OUTER_BOUND('',#7889,.F.);
#7892=CARTESIAN_POINT('',(0.E0,4.5E0,0.E0));
#7893=DIRECTION('',(0.E0,-1.E0,0.E0));
#7894=DIRECTION('',(1.E0,0.E0,0.E0));
#7895=AXIS2_PLACEMENT_3D('',#7892,#7893,#7894);
#7896=CYLINDRICAL_SURFACE('',#7895,8.115E-1);
#7897=ORIENTED_EDGE('',*,*,#7725,.F.);
#7899=ORIENTED_EDGE('',*,*,#7898,.F.);
#7900=ORIENTED_EDGE('',*,*,#7775,.T.);
#7902=ORIENTED_EDGE('',*,*,#7901,.F.);
#7903=ORIENTED_EDGE('',*,*,#7755,.F.);
#7904=EDGE_LOOP('',(#7897,#7899,#7900,#7902,#7903));
#7905=FACE_OUTER_BOUND('',#7904,.F.);
#7907=CARTESIAN_POINT('',(0.E0,4.5E0,0.E0));
#7908=DIRECTION('',(0.E0,-1.E0,0.E0));
#7909=DIRECTION('',(1.E0,0.E0,0.E0));
#7910=AXIS2_PLACEMENT_3D('',#7907,#7908,#7909);
#7911=CYLINDRICAL_SURFACE('',#7910,8.115E-1);
#7913=ORIENTED_EDGE('',*,*,#7912,.T.);
#7914=ORIENTED_EDGE('',*,*,#7561,.F.);
#7915=ORIENTED_EDGE('',*,*,#7718,.F.);
#7916=ORIENTED_EDGE('',*,*,#7744,.T.);
#7917=EDGE_LOOP('',(#7913,#7914,#7915,#7916));
#7918=FACE_OUTER_BOUND('',#7917,.F.);
#7920=CARTESIAN_POINT('',(0.E0,4.5E0,0.E0));
#7921=DIRECTION('',(0.E0,-1.E0,0.E0));
#7922=DIRECTION('',(1.E0,0.E0,0.E0));
#7923=AXIS2_PLACEMENT_3D('',#7920,#7921,#7922);
#7924=CYLINDRICAL_SURFACE('',#7923,8.115E-1);
#7925=ORIENTED_EDGE('',*,*,#7729,.F.);
#7926=ORIENTED_EDGE('',*,*,#7759,.T.);
#7928=ORIENTED_EDGE('',*,*,#7927,.F.);
#7930=ORIENTED_EDGE('',*,*,#7929,.F.);
#7931=ORIENTED_EDGE('',*,*,#7740,.F.);
#7932=EDGE_LOOP('',(#7925,#7926,#7928,#7930,#7931));
#7933=FACE_OUTER_BOUND('',#7932,.F.);
#7935=CARTESIAN_POINT('',(0.E0,4.5E0,0.E0));
#7936=DIRECTION('',(0.E0,-1.E0,0.E0));
#7937=DIRECTION('',(1.E0,0.E0,0.E0));
#7938=AXIS2_PLACEMENT_3D('',#7935,#7936,#7937);
#7939=CYLINDRICAL_SURFACE('',#7938,8.115E-1);
#7941=ORIENTED_EDGE('',*,*,#7940,.F.);
#7943=ORIENTED_EDGE('',*,*,#7942,.F.);
#7944=ORIENTED_EDGE('',*,*,#7823,.T.);
#7946=ORIENTED_EDGE('',*,*,#7945,.F.);
#7947=ORIENTED_EDGE('',*,*,#7803,.F.);
#7948=EDGE_LOOP('',(#7941,#7943,#7944,#7946,#7947));
#7949=FACE_OUTER_BOUND('',#7948,.F.);
#7951=CARTESIAN_POINT('',(0.E0,4.5E0,0.E0));
#7952=DIRECTION('',(0.E0,-1.E0,0.E0));
#7953=DIRECTION('',(1.E0,0.E0,0.E0));
#7954=AXIS2_PLACEMENT_3D('',#7951,#7952,#7953);
#7955=CYLINDRICAL_SURFACE('',#7954,8.115E-1);
#7957=ORIENTED_EDGE('',*,*,#7956,.F.);
#7958=ORIENTED_EDGE('',*,*,#7791,.T.);
#7960=ORIENTED_EDGE('',*,*,#7959,.F.);
#7961=ORIENTED_EDGE('',*,*,#7771,.F.);
#7962=EDGE_LOOP('',(#7957,#7958,#7960,#7961));
#7963=FACE_OUTER_BOUND('',#7962,.F.);
#7965=CARTESIAN_POINT('',(0.E0,4.5E0,0.E0));
#7966=DIRECTION('',(0.E0,-1.E0,0.E0));
#7967=DIRECTION('',(1.E0,0.E0,0.E0));
#7968=AXIS2_PLACEMENT_3D('',#7965,#7966,#7967);
#7969=CYLINDRICAL_SURFACE('',#7968,8.115E-1);
#7971=ORIENTED_EDGE('',*,*,#7970,.F.);
#7972=ORIENTED_EDGE('',*,*,#7807,.T.);
#7974=ORIENTED_EDGE('',*,*,#7973,.F.);
#7976=ORIENTED_EDGE('',*,*,#7975,.F.);
#7977=ORIENTED_EDGE('',*,*,#7787,.F.);
#7978=EDGE_LOOP('',(#7971,#7972,#7974,#7976,#7977));
#7979=FACE_OUTER_BOUND('',#7978,.F.);
#7981=CARTESIAN_POINT('',(0.E0,4.5E0,0.E0));
#7982=DIRECTION('',(0.E0,-1.E0,0.E0));
#7983=DIRECTION('',(1.E0,0.E0,0.E0));
#7984=AXIS2_PLACEMENT_3D('',#7981,#7982,#7983);
#7985=CYLINDRICAL_SURFACE('',#7984,8.115E-1);
#7987=ORIENTED_EDGE('',*,*,#7986,.F.);
#7988=ORIENTED_EDGE('',*,*,#7839,.T.);
#7990=ORIENTED_EDGE('',*,*,#7989,.F.);
#7991=ORIENTED_EDGE('',*,*,#7819,.F.);
#7992=EDGE_LOOP('',(#7987,#7988,#7990,#7991));
#7993=FACE_OUTER_BOUND('',#7992,.F.);
#7995=CARTESIAN_POINT('',(0.E0,4.5E0,0.E0));
#7996=DIRECTION('',(0.E0,-1.E0,0.E0));
#7997=DIRECTION('',(1.E0,0.E0,0.E0));
#7998=AXIS2_PLACEMENT_3D('',#7995,#7996,#7997);
#7999=CYLINDRICAL_SURFACE('',#7998,8.115E-1);
#8001=ORIENTED_EDGE('',*,*,#8000,.F.);
#8002=ORIENTED_EDGE('',*,*,#7855,.T.);
#8004=ORIENTED_EDGE('',*,*,#8003,.F.);
#8006=ORIENTED_EDGE('',*,*,#8005,.F.);
#8007=ORIENTED_EDGE('',*,*,#7835,.F.);
#8008=EDGE_LOOP('',(#8001,#8002,#8004,#8006,#8007));
#8009=FACE_OUTER_BOUND('',#8008,.F.);
#8011=CARTESIAN_POINT('',(0.E0,4.5E0,0.E0));
#8012=DIRECTION('',(0.E0,-1.E0,0.E0));
#8013=DIRECTION('',(1.E0,0.E0,0.E0));
#8014=AXIS2_PLACEMENT_3D('',#8011,#8012,#8013);
#8015=CYLINDRICAL_SURFACE('',#8014,8.115E-1);
#8017=ORIENTED_EDGE('',*,*,#8016,.F.);
#8019=ORIENTED_EDGE('',*,*,#8018,.F.);
#8020=ORIENTED_EDGE('',*,*,#7871,.T.);
#8022=ORIENTED_EDGE('',*,*,#8021,.F.);
#8023=ORIENTED_EDGE('',*,*,#7851,.F.);
#8024=EDGE_LOOP('',(#8017,#8019,#8020,#8022,#8023));
#8025=FACE_OUTER_BOUND('',#8024,.F.);
#8027=CARTESIAN_POINT('',(0.E0,4.5E0,0.E0));
#8028=DIRECTION('',(0.E0,-1.E0,0.E0));
#8029=DIRECTION('',(1.E0,0.E0,0.E0));
#8030=AXIS2_PLACEMENT_3D('',#8027,#8028,#8029);
#8031=CYLINDRICAL_SURFACE('',#8030,8.115E-1);
#8033=ORIENTED_EDGE('',*,*,#8032,.F.);
#8034=ORIENTED_EDGE('',*,*,#7887,.T.);
#8036=ORIENTED_EDGE('',*,*,#8035,.F.);
#8037=ORIENTED_EDGE('',*,*,#7867,.F.);
#8038=EDGE_LOOP('',(#8033,#8034,#8036,#8037));
#8039=FACE_OUTER_BOUND('',#8038,.F.);
#8041=CARTESIAN_POINT('',(6.104593367530E-2,3.349609724301E0,
-8.026123290692E-1));
#8042=CARTESIAN_POINT('',(2.289605508987E-1,3.336290994757E0,
-7.898409022983E-1));
#8043=CARTESIAN_POINT('',(5.559821166843E-1,3.309653535669E0,
-6.554466908071E-1));
#8044=CARTESIAN_POINT('',(8.349933626219E-1,3.269697347038E0,
-2.039969412326E-1));
#8045=CARTESIAN_POINT('',(7.956347280168E-1,3.229741158407E0,
3.251996863258E-1));
#8046=CARTESIAN_POINT('',(4.530424454303E-1,3.189784969775E0,
7.304462131257E-1));
#8047=CARTESIAN_POINT('',(-6.223791967402E-2,3.149828781144E0,
8.572771950364E-1));
#8048=CARTESIAN_POINT('',(-5.537938031206E-1,3.109872592513E0,
6.573508009976E-1));
#8049=CARTESIAN_POINT('',(-8.342676369610E-1,3.069916403881E0,
2.068702552386E-1));
#8050=CARTESIAN_POINT('',(-7.967540562612E-1,3.029960215250E0,
-3.224604042220E-1));
#8051=CARTESIAN_POINT('',(-4.555518248523E-1,2.990004026618E0,
-7.288829032932E-1));
#8052=CARTESIAN_POINT('',(5.928735785431E-2,2.950047837987E0,
-8.574863025846E-1));
#8053=CARTESIAN_POINT('',(5.515287236571E-1,2.910091649356E0,
-6.592524681592E-1));
#8054=CARTESIAN_POINT('',(8.335508459768E-1,2.870135460724E0,
-2.097396890379E-1));
#8055=CARTESIAN_POINT('',(7.978589101335E-1,2.830179272093E0,
3.197169207788E-1));
#8056=CARTESIAN_POINT('',(4.580571611972E-1,2.790223083461E0,
7.273110661926E-1));
#8057=CARTESIAN_POINT('',(-5.633645598147E-2,2.750266894830E0,
8.576852299387E-1));
#8058=CARTESIAN_POINT('',(-5.492570171005E-1,2.710310706199E0,
6.611463371244E-1));
#8059=CARTESIAN_POINT('',(-8.328242117056E-1,2.670354517567E0,
2.126066375366E-1));
#8060=CARTESIAN_POINT('',(-7.989543103669E-1,2.630398328936E0,
-3.169696513491E-1));
#8061=CARTESIAN_POINT('',(-4.605570759925E-1,2.590442140304E0,
-7.257306178363E-1));
#8062=CARTESIAN_POINT('',(5.338488757364E-2,2.550485951673E0,
-8.578740022668E-1));
#8063=CARTESIAN_POINT('',(5.469788072224E-1,2.510529763042E0,
-6.630323779745E-1));
#8064=CARTESIAN_POINT('',(8.320877166737E-1,2.470573574410E0,
-2.154710692469E-1));
#8065=CARTESIAN_POINT('',(8.000402514253E-1,2.430617385779E0,
3.142186307951E-1));
#8066=CARTESIAN_POINT('',(4.630515359815E-1,2.390661197147E0,
7.241415700572E-1));
#8067=CARTESIAN_POINT('',(-5.043268038179E-2,2.350705008516E0,
8.580526425182E-1));
#8068=CARTESIAN_POINT('',(-5.446941461236E-1,2.310748819885E0,
6.649104745194E-1));
#8069=CARTESIAN_POINT('',(-8.313412762913E-1,2.270792631253E0,
2.183333005047E-1));
#8070=CARTESIAN_POINT('',(-8.011170685650E-1,2.230836442622E0,
-3.114651988344E-1));
#8071=CARTESIAN_POINT('',(-4.655392124844E-1,2.190880253991E0,
-7.225390633400E-1));
#8072=CARTESIAN_POINT('',(4.747502089298E-2,2.150924065359E0,
-8.582393547526E-1));
#8073=CARTESIAN_POINT('',(5.424211555790E-1,2.110967876728E0,
-6.667126581542E-1));
#8074=CARTESIAN_POINT('',(7.344852978375E-1,2.084330417640E0,
-3.698688038641E-1));
#8075=CARTESIAN_POINT('',(7.778212345793E-1,2.071011688096E0,
-2.071407343563E-1));
#8076=CARTESIAN_POINT('',(6.614336631604E-2,3.388415156716E0,
-8.696317362227E-1));
#8077=CARTESIAN_POINT('',(2.480791213803E-1,3.375096427172E0,
-8.557938749857E-1));
#8078=CARTESIAN_POINT('',(6.024075084938E-1,3.348458968084E0,
-7.101775328931E-1));
#8079=CARTESIAN_POINT('',(9.047166376244E-1,3.308502779453E0,
-2.210310105677E-1));
#8080=CARTESIAN_POINT('',(8.620714943748E-1,3.268546590822E0,
3.523543778184E-1));
#8081=CARTESIAN_POINT('',(4.908722108207E-1,3.228590402190E0,
7.914396347169E-1));
#8082=CARTESIAN_POINT('',(-6.743488504316E-2,3.188634213559E0,
9.288612055190E-1));
#8083=CARTESIAN_POINT('',(-6.000364672639E-1,3.148678024928E0,
7.122406393157E-1));
#8084=CARTESIAN_POINT('',(-9.039303127155E-1,3.108721836296E0,
2.241442508672E-1));
#8085=CARTESIAN_POINT('',(-8.632842883095E-1,3.068765647665E0,
-3.493863612983E-1));
#8086=CARTESIAN_POINT('',(-4.935911274191E-1,3.028809459033E0,
-7.897457860248E-1));
#8087=CARTESIAN_POINT('',(6.423794661452E-2,2.988853270402E0,
-9.290877738804E-1));
#8088=CARTESIAN_POINT('',(5.975822500595E-1,2.948897081771E0,
-7.143010987126E-1));
#8089=CARTESIAN_POINT('',(9.031536685431E-1,2.908940893139E0,
-2.272532869566E-1));
#8090=CARTESIAN_POINT('',(8.644813992389E-1,2.868984704508E0,
3.464137926203E-1));
#8091=CARTESIAN_POINT('',(4.963056633370E-1,2.829028515876E0,
7.880426980240E-1));
#8092=CARTESIAN_POINT('',(-6.104063973776E-2,2.789072327245E0,
9.293033119853E-1));
#8093=CARTESIAN_POINT('',(-5.951208523890E-1,2.749116138614E0,
7.163531087513E-1));
#8094=CARTESIAN_POINT('',(-9.023663591534E-1,2.709159949982E0,
2.303596302188E-1));
#8095=CARTESIAN_POINT('',(-8.656682671356E-1,2.669203761351E0,
-3.434371218198E-1));
#8096=CARTESIAN_POINT('',(-4.990143249973E-1,2.629247572719E0,
-7.863302797140E-1));
#8097=CARTESIAN_POINT('',(5.784261066929E-2,2.589291384088E0,
-9.295078471032E-1));
#8098=CARTESIAN_POINT('',(5.926524083594E-1,2.549335195457E0,
-7.183966370147E-1));
#8099=CARTESIAN_POINT('',(9.015683656140E-1,2.509379006825E0,
-2.334632465368E-1));
#8100=CARTESIAN_POINT('',(8.668448860011E-1,2.469422818194E0,
3.404563866702E-1));
#8101=CARTESIAN_POINT('',(5.017170763664E-1,2.429466629562E0,
7.846085439158E-1));
#8102=CARTESIAN_POINT('',(-5.464388947731E-2,2.389510440931E0,9.297014041E-1));
#8103=CARTESIAN_POINT('',(-5.901769744219E-1,2.349554252300E0,
7.204315576109E-1));
#8104=CARTESIAN_POINT('',(-9.007595962713E-1,2.309598063668E0,
2.365644786609E-1));
#8105=CARTESIAN_POINT('',(-8.680116190861E-1,2.269641875037E0,
-3.374730387576E-1));
#8106=CARTESIAN_POINT('',(-5.044124778174E-1,2.229685686405E0,
-7.828722253367E-1));
#8107=CARTESIAN_POINT('',(5.143926071289E-2,2.189729497774E0,
-9.299037071032E-1));
#8108=CARTESIAN_POINT('',(5.877141855485E-1,2.149773309143E0,
-7.223842264481E-1));
#8109=CARTESIAN_POINT('',(7.958159894319E-1,2.123135850055E0,
-4.007534377798E-1));
#8110=CARTESIAN_POINT('',(8.427705458781E-1,2.109817120511E0,
-2.244373154218E-1));
#8111=CARTESIAN_POINT('',(7.124079895676E-2,3.427220589131E0,
-9.366511433762E-1));
#8112=CARTESIAN_POINT('',(2.671976918620E-1,3.413901859587E0,
-9.217468476730E-1));
#8113=CARTESIAN_POINT('',(6.488329003033E-1,3.387264400499E0,
-7.649083749792E-1));
#8114=CARTESIAN_POINT('',(9.744399126268E-1,3.347308211868E0,
-2.380650799027E-1));
#8115=CARTESIAN_POINT('',(9.285082607328E-1,3.307352023237E0,
3.795090693111E-1));
#8116=CARTESIAN_POINT('',(5.287019762111E-1,3.267395834605E0,
8.524330563081E-1));
#8117=CARTESIAN_POINT('',(-7.263185041235E-2,3.227439645974E0,
1.000445216002E0));
#8118=CARTESIAN_POINT('',(-6.462791314073E-1,3.187483457342E0,
7.671304776338E-1));
#8119=CARTESIAN_POINT('',(-9.735929884700E-1,3.147527268711E0,
2.414182464957E-1));
#8120=CARTESIAN_POINT('',(-9.298145203578E-1,3.107571080080E0,
-3.763123183747E-1));
#8121=CARTESIAN_POINT('',(-5.316304299859E-1,3.067614891448E0,
-8.506086687564E-1));
#8122=CARTESIAN_POINT('',(6.918853537479E-2,3.027658702817E0,
-1.000689245176E0));
#8123=CARTESIAN_POINT('',(6.436357764619E-1,2.987702514186E0,
-7.693497292659E-1));
#8124=CARTESIAN_POINT('',(9.727564911093E-1,2.947746325554E0,
-2.447668848752E-1));
#8125=CARTESIAN_POINT('',(9.311038883443E-1,2.907790136923E0,
3.731106644618E-1));
#8126=CARTESIAN_POINT('',(5.345541654768E-1,2.867833948291E0,
8.487743298555E-1));
#8127=CARTESIAN_POINT('',(-6.574482349411E-2,2.827877759660E0,
1.000921394032E0));
#8128=CARTESIAN_POINT('',(-6.409846876776E-1,2.787921571029E0,
7.715598803780E-1));
#8129=CARTESIAN_POINT('',(-9.719085066013E-1,2.747965382397E0,
2.481126229009E-1));
#8130=CARTESIAN_POINT('',(-9.323822239042E-1,2.708009193766E0,
-3.699045922906E-1));
#8131=CARTESIAN_POINT('',(-5.374715740021E-1,2.668053005134E0,
-8.469299415919E-1));
#8132=CARTESIAN_POINT('',(6.230033376498E-2,2.628096816503E0,
-1.001141691940E0));
#8133=CARTESIAN_POINT('',(6.383260094965E-1,2.588140627872E0,
-7.737608960548E-1));
#8134=CARTESIAN_POINT('',(9.710490145542E-1,2.548184439240E0,
-2.514554238266E-1));
#8135=CARTESIAN_POINT('',(9.336495205769E-1,2.508228250609E0,
3.666941425453E-1));
#8136=CARTESIAN_POINT('',(5.403826167512E-1,2.468272061977E0,
8.450755177745E-1));
#8137=CARTESIAN_POINT('',(-5.885509857284E-2,2.428315873346E0,
1.001350165682E0));
#8138=CARTESIAN_POINT('',(-6.356598027203E-1,2.388359684715E0,
7.759526407023E-1));
#8139=CARTESIAN_POINT('',(-9.701779162514E-1,2.348403496083E0,
2.547956568172E-1));
#8140=CARTESIAN_POINT('',(-9.349061696073E-1,2.308447307452E0,
-3.634808786808E-1));
#8141=CARTESIAN_POINT('',(-5.432857431503E-1,2.268491118820E0,
-8.432053873334E-1));
#8142=CARTESIAN_POINT('',(5.540350053280E-2,2.228534930189E0,
-1.001568059454E0));
#8143=CARTESIAN_POINT('',(6.330072155180E-1,2.188578741558E0,
-7.780557947419E-1));
#8144=CARTESIAN_POINT('',(8.571466810263E-1,2.161941282470E0,
-4.316380716955E-1));
#8145=CARTESIAN_POINT('',(9.077198571768E-1,2.148622552926E0,
-2.417338964872E-1));
#8146=CARTESIAN_POINT('',(7.633823159749E-2,3.466026021546E0,
-1.003670550530E0));
#8147=CARTESIAN_POINT('',(2.863162623437E-1,3.452707292002E0,
-9.876998203603E-1));
#8148=CARTESIAN_POINT('',(6.952582921127E-1,3.426069832914E0,
-8.196392170653E-1));
#8149=CARTESIAN_POINT('',(1.044163187629E0,3.386113644283E0,
-2.550991492378E-1));
#8150=CARTESIAN_POINT('',(9.949450270908E-1,3.346157455652E0,
4.066637608037E-1));
#8151=CARTESIAN_POINT('',(5.665317416015E-1,3.306201267020E0,
9.134264778993E-1));
#8152=CARTESIAN_POINT('',(-7.782881578149E-2,3.266245078389E0,
1.072029226484E0));
#8153=CARTESIAN_POINT('',(-6.925217955506E-1,3.226288889757E0,
8.220203159519E-1));
#8154=CARTESIAN_POINT('',(-1.043255664224E0,3.186332701126E0,
2.586922421243E-1));
#8155=CARTESIAN_POINT('',(-9.963447524061E-1,3.146376512495E0,
-4.032382754510E-1));
#8156=CARTESIAN_POINT('',(-5.696697325527E-1,3.106420323863E0,
-9.114715514879E-1));
#8157=CARTESIAN_POINT('',(7.413912413500E-2,3.066464135232E0,
-1.072290716472E0));
#8158=CARTESIAN_POINT('',(6.896893028642E-1,3.026507946600E0,
-8.243983598193E-1));
#8159=CARTESIAN_POINT('',(1.042359313676E0,2.986551757969E0,
-2.622804827939E-1));
#8160=CARTESIAN_POINT('',(9.977263774498E-1,2.946595569338E0,
3.998075363033E-1));
#8161=CARTESIAN_POINT('',(5.728026676166E-1,2.906639380706E0,
9.095059616870E-1));
#8162=CARTESIAN_POINT('',(-7.044900725040E-2,2.866683192075E0,
1.072539476078E0));
#8163=CARTESIAN_POINT('',(-6.868485229662E-1,2.826727003443E0,
8.267666520049E-1));
#8164=CARTESIAN_POINT('',(-1.041450654049E0,2.786770814812E0,
2.658656155831E-1));
#8165=CARTESIAN_POINT('',(-9.990961806729E-1,2.746814626181E0,
-3.963720627613E-1));
#8166=CARTESIAN_POINT('',(-5.759288230069E-1,2.706858437549E0,
-9.075296034697E-1));
#8167=CARTESIAN_POINT('',(6.675805686062E-2,2.666902248918E0,
-1.072775536776E0));
#8168=CARTESIAN_POINT('',(6.839996106335E-1,2.626946060287E0,
-8.291251550950E-1));
#8169=CARTESIAN_POINT('',(1.040529663495E0,2.586989871655E0,
-2.694476011165E-1));
#8170=CARTESIAN_POINT('',(1.000454155153E0,2.547033683024E0,3.929318984204E-1));
#8171=CARTESIAN_POINT('',(5.790481571361E-1,2.507077494392E0,
9.055424916331E-1));
#8172=CARTESIAN_POINT('',(-6.306630766836E-2,2.467121305761E0,
1.072998927264E0));
#8173=CARTESIAN_POINT('',(-6.811426310186E-1,2.427165117130E0,
8.314737237937E-1));
#8174=CARTESIAN_POINT('',(-1.039596236232E0,2.387208928498E0,
2.730268349735E-1));
#8175=CARTESIAN_POINT('',(-1.001800720128E0,2.347252739867E0,
-3.894887186040E-1));
#8176=CARTESIAN_POINT('',(-5.821590084833E-1,2.307296551235E0,
-9.035385493301E-1));
#8177=CARTESIAN_POINT('',(5.936774035271E-2,2.267340362604E0,
-1.073232411804E0));
#8178=CARTESIAN_POINT('',(6.783002454875E-1,2.227384173973E0,
-8.337273630357E-1));
#8179=CARTESIAN_POINT('',(9.184773726208E-1,2.200746714885E0,
-4.625227056113E-1));
#8180=CARTESIAN_POINT('',(9.726691684756E-1,2.187427985341E0,
-2.590304775527E-1));
#8181=B_SPLINE_SURFACE_WITH_KNOTS('',3,3,((#8041,#8042,#8043,#8044,#8045,#8046,
#8047,#8048,#8049,#8050,#8051,#8052,#8053,#8054,#8055,#8056,#8057,#8058,#8059,
#8060,#8061,#8062,#8063,#8064,#8065,#8066,#8067,#8068,#8069,#8070,#8071,#8072,
#8073,#8074,#8075),(#8076,#8077,#8078,#8079,#8080,#8081,#8082,#8083,#8084,#8085,
#8086,#8087,#8088,#8089,#8090,#8091,#8092,#8093,#8094,#8095,#8096,#8097,#8098,
#8099,#8100,#8101,#8102,#8103,#8104,#8105,#8106,#8107,#8108,#8109,#8110),(#8111,
#8112,#8113,#8114,#8115,#8116,#8117,#8118,#8119,#8120,#8121,#8122,#8123,#8124,
#8125,#8126,#8127,#8128,#8129,#8130,#8131,#8132,#8133,#8134,#8135,#8136,#8137,
#8138,#8139,#8140,#8141,#8142,#8143,#8144,#8145),(#8146,#8147,#8148,#8149,#8150,
#8151,#8152,#8153,#8154,#8155,#8156,#8157,#8158,#8159,#8160,#8161,#8162,#8163,
#8164,#8165,#8166,#8167,#8168,#8169,#8170,#8171,#8172,#8173,#8174,#8175,#8176,
#8177,#8178,#8179,#8180)),.UNSPECIFIED.,.F.,.F.,.F.,(4,4),(4,1,1,1,1,1,1,1,1,1,
1,1,1,1,1,1,1,1,1,1,1,1,1,1,1,1,1,1,1,1,1,1,4),(-3.485130413038E-2,
1.034851304130E0),(-2.E-2,1.25E-2,4.5E-2,7.75E-2,1.1E-1,1.425E-1,1.75E-1,
2.075E-1,2.4E-1,2.725E-1,3.05E-1,3.375E-1,3.7E-1,4.025E-1,4.35E-1,4.675E-1,
5.E-1,5.325E-1,5.65E-1,5.975E-1,6.3E-1,6.625E-1,6.95E-1,7.275E-1,7.6E-1,
7.925E-1,8.25E-1,8.575E-1,8.9E-1,9.225E-1,9.55E-1,9.875E-1,1.02E0),
.UNSPECIFIED.);
#8182=ORIENTED_EDGE('',*,*,#7769,.T.);
#8183=ORIENTED_EDGE('',*,*,#7898,.T.);
#8184=ORIENTED_EDGE('',*,*,#7723,.T.);
#8186=ORIENTED_EDGE('',*,*,#8185,.T.);
#8188=ORIENTED_EDGE('',*,*,#8187,.F.);
#8189=ORIENTED_EDGE('',*,*,#7940,.T.);
#8190=ORIENTED_EDGE('',*,*,#7801,.T.);
#8191=ORIENTED_EDGE('',*,*,#7970,.T.);
#8192=ORIENTED_EDGE('',*,*,#7785,.T.);
#8193=ORIENTED_EDGE('',*,*,#7956,.T.);
#8194=EDGE_LOOP('',(#8182,#8183,#8184,#8186,#8188,#8189,#8190,#8191,#8192,
#8193));
#8195=FACE_OUTER_BOUND('',#8194,.F.);
#8197=CARTESIAN_POINT('',(7.584000291073E-2,3.454647364292E0,
-9.971199997786E-1));
#8198=CARTESIAN_POINT('',(2.844475921846E-1,3.441328634748E0,
-9.812535040898E-1));
#8199=CARTESIAN_POINT('',(6.907206231284E-1,3.414691175660E0,
-8.142897642133E-1));
#8200=CARTESIAN_POINT('',(1.037348357853E0,3.374734987029E0,
-2.534342205191E-1));
#8201=CARTESIAN_POINT('',(9.884514242935E-1,3.334778798398E0,
4.040096313163E-1));
#8202=CARTESIAN_POINT('',(5.628342186209E-1,3.294822609766E0,
9.074649136213E-1));
#8203=CARTESIAN_POINT('',(-7.732085865611E-2,3.254866421135E0,
1.065032526371E0));
#8204=CARTESIAN_POINT('',(-6.880019865698E-1,3.214910232503E0,
8.166553226329E-1));
#8205=CARTESIAN_POINT('',(-1.036446757486E0,3.174954043872E0,
2.570038627451E-1));
#8206=CARTESIAN_POINT('',(-9.898420141691E-1,3.134997855241E0,
-4.006065027177E-1));
#8207=CARTESIAN_POINT('',(-5.659517291774E-1,3.095041666609E0,
-9.055227462220E-1));
#8208=CARTESIAN_POINT('',(7.365524813103E-2,3.055085477978E0,
-1.065292309719E0));
#8209=CARTESIAN_POINT('',(6.851879804148E-1,3.015129289347E0,
-8.190178459721E-1));
#8210=CARTESIAN_POINT('',(1.035556257053E0,2.975173100715E0,
-2.605686844227E-1));
#8211=CARTESIAN_POINT('',(9.912146219063E-1,2.935216912084E0,
3.971981546134E-1));
#8212=CARTESIAN_POINT('',(5.690642168444E-1,2.895260723452E0,
9.035699850288E-1));
#8213=CARTESIAN_POINT('',(-6.998921514320E-2,2.855304534821E0,
1.065539445773E0));
#8214=CARTESIAN_POINT('',(-6.823657411354E-1,2.815348346190E0,
8.213706812748E-1));
#8215=CARTESIAN_POINT('',(-1.034653527880E0,2.775392157558E0,
2.641304185038E-1));
#8216=CARTESIAN_POINT('',(-9.925754849792E-1,2.735435968927E0,
-3.937851030143E-1));
#8217=CARTESIAN_POINT('',(-5.721699690860E-1,2.695479780295E0,
-9.016065257002E-1));
#8218=CARTESIAN_POINT('',(6.632235409014E-2,2.655523591664E0,
-1.065773965798E0));
#8219=CARTESIAN_POINT('',(6.795354224984E-1,2.615567403033E0,
-8.237137913715E-1));
#8220=CARTESIAN_POINT('',(1.033738548257E0,2.575611214401E0,
-2.676890258699E-1));
#8221=CARTESIAN_POINT('',(9.939245965100E-1,2.535655025770E0,
3.903673912313E-1));
#8222=CARTESIAN_POINT('',(5.752689445860E-1,2.495698837138E0,
8.996323829370E-1));
#8223=CARTESIAN_POINT('',(-6.265469944806E-2,2.455742648507E0,
1.065995898306E0));
#8224=CARTESIAN_POINT('',(-6.766970892311E-1,2.415786459876E0,
8.260470319145E-1));
#8225=CARTESIAN_POINT('',(-1.032811213096E0,2.375830271244E0,
2.712448995187E-1));
#8226=CARTESIAN_POINT('',(-9.952623730022E-1,2.335874082613E0,
-3.869466836536E-1));
#8227=CARTESIAN_POINT('',(-5.783594926678E-1,2.295917893981E0,
-8.976415195529E-1));
#8228=CARTESIAN_POINT('',(5.898027118172E-2,2.255961705350E0,
-1.066227858988E0));
#8229=CARTESIAN_POINT('',(6.738732547980E-1,2.216005516719E0,
-8.282859625669E-1));
#8230=CARTESIAN_POINT('',(9.124828432008E-1,2.189368057631E0,
-4.595040074388E-1));
#8231=CARTESIAN_POINT('',(9.663209511758E-1,2.176049328087E0,
-2.573398906481E-1));
#8232=CARTESIAN_POINT('',(7.584000291073E-2,3.476371211960E0,
-9.971199997786E-1));
#8233=CARTESIAN_POINT('',(2.844475921846E-1,3.463052482416E0,
-9.812535040898E-1));
#8234=CARTESIAN_POINT('',(6.907206231284E-1,3.436415023329E0,
-8.142897642133E-1));
#8235=CARTESIAN_POINT('',(1.037348357853E0,3.396458834697E0,
-2.534342205191E-1));
#8236=CARTESIAN_POINT('',(9.884514242935E-1,3.356502646066E0,
4.040096313163E-1));
#8237=CARTESIAN_POINT('',(5.628342186209E-1,3.316546457435E0,
9.074649136213E-1));
#8238=CARTESIAN_POINT('',(-7.732085865611E-2,3.276590268803E0,
1.065032526371E0));
#8239=CARTESIAN_POINT('',(-6.880019865698E-1,3.236634080172E0,
8.166553226329E-1));
#8240=CARTESIAN_POINT('',(-1.036446757486E0,3.196677891541E0,
2.570038627451E-1));
#8241=CARTESIAN_POINT('',(-9.898420141691E-1,3.156721702909E0,
-4.006065027177E-1));
#8242=CARTESIAN_POINT('',(-5.659517291774E-1,3.116765514278E0,
-9.055227462220E-1));
#8243=CARTESIAN_POINT('',(7.365524813103E-2,3.076809325646E0,
-1.065292309719E0));
#8244=CARTESIAN_POINT('',(6.851879804148E-1,3.036853137015E0,
-8.190178459721E-1));
#8245=CARTESIAN_POINT('',(1.035556257053E0,2.996896948384E0,
-2.605686844227E-1));
#8246=CARTESIAN_POINT('',(9.912146219063E-1,2.956940759752E0,
3.971981546134E-1));
#8247=CARTESIAN_POINT('',(5.690642168444E-1,2.916984571121E0,
9.035699850288E-1));
#8248=CARTESIAN_POINT('',(-6.998921514320E-2,2.877028382489E0,
1.065539445773E0));
#8249=CARTESIAN_POINT('',(-6.823657411354E-1,2.837072193858E0,
8.213706812748E-1));
#8250=CARTESIAN_POINT('',(-1.034653527880E0,2.797116005227E0,
2.641304185038E-1));
#8251=CARTESIAN_POINT('',(-9.925754849792E-1,2.757159816595E0,
-3.937851030143E-1));
#8252=CARTESIAN_POINT('',(-5.721699690860E-1,2.717203627964E0,
-9.016065257002E-1));
#8253=CARTESIAN_POINT('',(6.632235409014E-2,2.677247439332E0,
-1.065773965798E0));
#8254=CARTESIAN_POINT('',(6.795354224984E-1,2.637291250701E0,
-8.237137913715E-1));
#8255=CARTESIAN_POINT('',(1.033738548257E0,2.597335062070E0,
-2.676890258699E-1));
#8256=CARTESIAN_POINT('',(9.939245965100E-1,2.557378873438E0,
3.903673912313E-1));
#8257=CARTESIAN_POINT('',(5.752689445860E-1,2.517422684807E0,
8.996323829370E-1));
#8258=CARTESIAN_POINT('',(-6.265469944806E-2,2.477466496175E0,
1.065995898306E0));
#8259=CARTESIAN_POINT('',(-6.766970892311E-1,2.437510307544E0,
8.260470319145E-1));
#8260=CARTESIAN_POINT('',(-1.032811213096E0,2.397554118913E0,
2.712448995187E-1));
#8261=CARTESIAN_POINT('',(-9.952623730022E-1,2.357597930281E0,
-3.869466836536E-1));
#8262=CARTESIAN_POINT('',(-5.783594926678E-1,2.317641741650E0,
-8.976415195529E-1));
#8263=CARTESIAN_POINT('',(5.898027118172E-2,2.277685553018E0,
-1.066227858988E0));
#8264=CARTESIAN_POINT('',(6.738732547980E-1,2.237729364387E0,
-8.282859625669E-1));
#8265=CARTESIAN_POINT('',(9.124828432008E-1,2.211091905300E0,
-4.595040074388E-1));
#8266=CARTESIAN_POINT('',(9.663209511758E-1,2.197773175756E0,
-2.573398906481E-1));
#8267=CARTESIAN_POINT('',(7.584000291073E-2,3.498095059629E0,
-9.971199997786E-1));
#8268=CARTESIAN_POINT('',(2.844475921846E-1,3.484776330085E0,
-9.812535040898E-1));
#8269=CARTESIAN_POINT('',(6.907206231284E-1,3.458138870997E0,
-8.142897642133E-1));
#8270=CARTESIAN_POINT('',(1.037348357853E0,3.418182682366E0,
-2.534342205191E-1));
#8271=CARTESIAN_POINT('',(9.884514242935E-1,3.378226493734E0,
4.040096313163E-1));
#8272=CARTESIAN_POINT('',(5.628342186209E-1,3.338270305103E0,
9.074649136213E-1));
#8273=CARTESIAN_POINT('',(-7.732085865611E-2,3.298314116472E0,
1.065032526371E0));
#8274=CARTESIAN_POINT('',(-6.880019865698E-1,3.258357927840E0,
8.166553226329E-1));
#8275=CARTESIAN_POINT('',(-1.036446757486E0,3.218401739209E0,
2.570038627451E-1));
#8276=CARTESIAN_POINT('',(-9.898420141691E-1,3.178445550578E0,
-4.006065027177E-1));
#8277=CARTESIAN_POINT('',(-5.659517291774E-1,3.138489361946E0,
-9.055227462220E-1));
#8278=CARTESIAN_POINT('',(7.365524813103E-2,3.098533173315E0,
-1.065292309719E0));
#8279=CARTESIAN_POINT('',(6.851879804148E-1,3.058576984683E0,
-8.190178459721E-1));
#8280=CARTESIAN_POINT('',(1.035556257053E0,3.018620796052E0,
-2.605686844227E-1));
#8281=CARTESIAN_POINT('',(9.912146219063E-1,2.978664607421E0,
3.971981546134E-1));
#8282=CARTESIAN_POINT('',(5.690642168444E-1,2.938708418789E0,
9.035699850288E-1));
#8283=CARTESIAN_POINT('',(-6.998921514320E-2,2.898752230158E0,
1.065539445773E0));
#8284=CARTESIAN_POINT('',(-6.823657411354E-1,2.858796041526E0,
8.213706812748E-1));
#8285=CARTESIAN_POINT('',(-1.034653527880E0,2.818839852895E0,
2.641304185038E-1));
#8286=CARTESIAN_POINT('',(-9.925754849792E-1,2.778883664264E0,
-3.937851030143E-1));
#8287=CARTESIAN_POINT('',(-5.721699690860E-1,2.738927475632E0,
-9.016065257002E-1));
#8288=CARTESIAN_POINT('',(6.632235409014E-2,2.698971287001E0,
-1.065773965798E0));
#8289=CARTESIAN_POINT('',(6.795354224984E-1,2.659015098369E0,
-8.237137913715E-1));
#8290=CARTESIAN_POINT('',(1.033738548257E0,2.619058909738E0,
-2.676890258699E-1));
#8291=CARTESIAN_POINT('',(9.939245965100E-1,2.579102721107E0,
3.903673912313E-1));
#8292=CARTESIAN_POINT('',(5.752689445860E-1,2.539146532475E0,
8.996323829370E-1));
#8293=CARTESIAN_POINT('',(-6.265469944806E-2,2.499190343844E0,
1.065995898306E0));
#8294=CARTESIAN_POINT('',(-6.766970892311E-1,2.459234155212E0,
8.260470319145E-1));
#8295=CARTESIAN_POINT('',(-1.032811213096E0,2.419277966581E0,
2.712448995187E-1));
#8296=CARTESIAN_POINT('',(-9.952623730022E-1,2.379321777950E0,
-3.869466836536E-1));
#8297=CARTESIAN_POINT('',(-5.783594926678E-1,2.339365589318E0,
-8.976415195529E-1));
#8298=CARTESIAN_POINT('',(5.898027118172E-2,2.299409400687E0,
-1.066227858988E0));
#8299=CARTESIAN_POINT('',(6.738732547980E-1,2.259453212056E0,
-8.282859625669E-1));
#8300=CARTESIAN_POINT('',(9.124828432008E-1,2.232815752968E0,
-4.595040074388E-1));
#8301=CARTESIAN_POINT('',(9.663209511758E-1,2.219497023424E0,
-2.573398906481E-1));
#8302=CARTESIAN_POINT('',(7.584000291073E-2,3.519818907297E0,
-9.971199997786E-1));
#8303=CARTESIAN_POINT('',(2.844475921846E-1,3.506500177753E0,
-9.812535040898E-1));
#8304=CARTESIAN_POINT('',(6.907206231284E-1,3.479862718666E0,
-8.142897642133E-1));
#8305=CARTESIAN_POINT('',(1.037348357853E0,3.439906530034E0,
-2.534342205191E-1));
#8306=CARTESIAN_POINT('',(9.884514242935E-1,3.399950341403E0,
4.040096313163E-1));
#8307=CARTESIAN_POINT('',(5.628342186209E-1,3.359994152771E0,
9.074649136213E-1));
#8308=CARTESIAN_POINT('',(-7.732085865611E-2,3.320037964140E0,
1.065032526371E0));
#8309=CARTESIAN_POINT('',(-6.880019865698E-1,3.280081775509E0,
8.166553226329E-1));
#8310=CARTESIAN_POINT('',(-1.036446757486E0,3.240125586877E0,
2.570038627451E-1));
#8311=CARTESIAN_POINT('',(-9.898420141691E-1,3.200169398246E0,
-4.006065027177E-1));
#8312=CARTESIAN_POINT('',(-5.659517291774E-1,3.160213209615E0,
-9.055227462220E-1));
#8313=CARTESIAN_POINT('',(7.365524813103E-2,3.120257020983E0,
-1.065292309719E0));
#8314=CARTESIAN_POINT('',(6.851879804148E-1,3.080300832352E0,
-8.190178459721E-1));
#8315=CARTESIAN_POINT('',(1.035556257053E0,3.040344643720E0,
-2.605686844227E-1));
#8316=CARTESIAN_POINT('',(9.912146219063E-1,3.000388455089E0,
3.971981546134E-1));
#8317=CARTESIAN_POINT('',(5.690642168444E-1,2.960432266458E0,
9.035699850288E-1));
#8318=CARTESIAN_POINT('',(-6.998921514320E-2,2.920476077826E0,
1.065539445773E0));
#8319=CARTESIAN_POINT('',(-6.823657411354E-1,2.880519889195E0,
8.213706812748E-1));
#8320=CARTESIAN_POINT('',(-1.034653527880E0,2.840563700563E0,
2.641304185038E-1));
#8321=CARTESIAN_POINT('',(-9.925754849792E-1,2.800607511932E0,
-3.937851030143E-1));
#8322=CARTESIAN_POINT('',(-5.721699690860E-1,2.760651323301E0,
-9.016065257002E-1));
#8323=CARTESIAN_POINT('',(6.632235409014E-2,2.720695134669E0,
-1.065773965798E0));
#8324=CARTESIAN_POINT('',(6.795354224984E-1,2.680738946038E0,
-8.237137913715E-1));
#8325=CARTESIAN_POINT('',(1.033738548257E0,2.640782757406E0,
-2.676890258699E-1));
#8326=CARTESIAN_POINT('',(9.939245965100E-1,2.600826568775E0,
3.903673912313E-1));
#8327=CARTESIAN_POINT('',(5.752689445860E-1,2.560870380144E0,
8.996323829370E-1));
#8328=CARTESIAN_POINT('',(-6.265469944806E-2,2.520914191512E0,
1.065995898306E0));
#8329=CARTESIAN_POINT('',(-6.766970892311E-1,2.480958002881E0,
8.260470319145E-1));
#8330=CARTESIAN_POINT('',(-1.032811213096E0,2.441001814249E0,
2.712448995187E-1));
#8331=CARTESIAN_POINT('',(-9.952623730022E-1,2.401045625618E0,
-3.869466836536E-1));
#8332=CARTESIAN_POINT('',(-5.783594926678E-1,2.361089436987E0,
-8.976415195529E-1));
#8333=CARTESIAN_POINT('',(5.898027118172E-2,2.321133248355E0,
-1.066227858988E0));
#8334=CARTESIAN_POINT('',(6.738732547980E-1,2.281177059724E0,
-8.282859625669E-1));
#8335=CARTESIAN_POINT('',(9.124828432008E-1,2.254539600636E0,
-4.595040074388E-1));
#8336=CARTESIAN_POINT('',(9.663209511758E-1,2.241220871093E0,
-2.573398906481E-1));
#8337=B_SPLINE_SURFACE_WITH_KNOTS('',3,3,((#8197,#8198,#8199,#8200,#8201,#8202,
#8203,#8204,#8205,#8206,#8207,#8208,#8209,#8210,#8211,#8212,#8213,#8214,#8215,
#8216,#8217,#8218,#8219,#8220,#8221,#8222,#8223,#8224,#8225,#8226,#8227,#8228,
#8229,#8230,#8231),(#8232,#8233,#8234,#8235,#8236,#8237,#8238,#8239,#8240,#8241,
#8242,#8243,#8244,#8245,#8246,#8247,#8248,#8249,#8250,#8251,#8252,#8253,#8254,
#8255,#8256,#8257,#8258,#8259,#8260,#8261,#8262,#8263,#8264,#8265,#8266),(#8267,
#8268,#8269,#8270,#8271,#8272,#8273,#8274,#8275,#8276,#8277,#8278,#8279,#8280,
#8281,#8282,#8283,#8284,#8285,#8286,#8287,#8288,#8289,#8290,#8291,#8292,#8293,
#8294,#8295,#8296,#8297,#8298,#8299,#8300,#8301),(#8302,#8303,#8304,#8305,#8306,
#8307,#8308,#8309,#8310,#8311,#8312,#8313,#8314,#8315,#8316,#8317,#8318,#8319,
#8320,#8321,#8322,#8323,#8324,#8325,#8326,#8327,#8328,#8329,#8330,#8331,#8332,
#8333,#8334,#8335,#8336)),.UNSPECIFIED.,.F.,.F.,.F.,(4,4),(4,1,1,1,1,1,1,1,1,1,
1,1,1,1,1,1,1,1,1,1,1,1,1,1,1,1,1,1,1,1,1,1,4),(-1.517154300525E-1,
1.151715430052E0),(-2.E-2,1.25E-2,4.5E-2,7.75E-2,1.1E-1,1.425E-1,1.75E-1,
2.075E-1,2.4E-1,2.725E-1,3.05E-1,3.375E-1,3.7E-1,4.025E-1,4.35E-1,4.675E-1,
5.E-1,5.325E-1,5.65E-1,5.975E-1,6.3E-1,6.625E-1,6.95E-1,7.275E-1,7.6E-1,
7.925E-1,8.25E-1,8.575E-1,8.9E-1,9.225E-1,9.55E-1,9.875E-1,1.02E0),
.UNSPECIFIED.);
#8339=ORIENTED_EDGE('',*,*,#8338,.T.);
#8341=ORIENTED_EDGE('',*,*,#8340,.T.);
#8343=ORIENTED_EDGE('',*,*,#8342,.F.);
#8344=ORIENTED_EDGE('',*,*,#8185,.F.);
#8345=EDGE_LOOP('',(#8339,#8341,#8343,#8344));
#8346=FACE_OUTER_BOUND('',#8345,.F.);
#8348=CARTESIAN_POINT('',(-8.048307742135E-1,4.399931334257E0,
5.935043596123E-1));
#8349=CARTESIAN_POINT('',(-9.008637358876E-1,4.389630401971E0,
4.632773753580E-1));
#8350=CARTESIAN_POINT('',(-1.028358549457E0,4.369028537398E0,
1.554278253667E-1));
#8351=CARTESIAN_POINT('',(-9.820884520255E-1,4.338125740538E0,
-3.423674433045E-1));
#8352=CARTESIAN_POINT('',(-7.088929458177E-1,4.307222943679E0,
-7.610318599734E-1));
#8353=CARTESIAN_POINT('',(-2.719193432561E-1,4.276320146820E0,
-1.003873993182E0));
#8354=CARTESIAN_POINT('',(2.278805822608E-1,4.245417349960E0,
-1.014777072961E0));
#8355=CARTESIAN_POINT('',(6.750301312517E-1,4.214514553101E0,
-7.912247293859E-1));
#8356=CARTESIAN_POINT('',(9.662195684436E-1,4.183611756242E0,
-3.848661912332E-1));
#8357=CARTESIAN_POINT('',(1.034171798626E0,4.152708959382E0,1.104125108641E-1));
#8358=CARTESIAN_POINT('',(8.631870496784E-1,4.121806162523E0,
5.801813108460E-1));
#8359=CARTESIAN_POINT('',(4.927699476432E-1,4.090903365664E0,
9.159039323522E-1));
#8360=CARTESIAN_POINT('',(8.502355547064E-3,4.060000568805E0,1.040014396523E0));
#8361=CARTESIAN_POINT('',(-4.777296368376E-1,4.029097771945E0,
9.238379885151E-1));
#8362=CARTESIAN_POINT('',(-8.535860800868E-1,3.998194975086E0,
5.942163232609E-1));
#8363=CARTESIAN_POINT('',(-1.032228398404E0,3.967292178227E0,
1.273058069280E-1));
#8364=CARTESIAN_POINT('',(-9.723827363230E-1,3.936389381367E0,
-3.690176812138E-1));
#8365=CARTESIAN_POINT('',(-6.878759475826E-1,3.905486584508E0,
-7.800826338827E-1));
#8366=CARTESIAN_POINT('',(-2.444410129442E-1,3.874583787649E0,
-1.010915835338E0));
#8367=CARTESIAN_POINT('',(2.554700306558E-1,3.843680990789E0,
-1.008185150846E0));
#8368=CARTESIAN_POINT('',(6.963568004102E-1,3.812778193930E0,
-7.725214828534E-1));
#8369=CARTESIAN_POINT('',(9.763559921491E-1,3.781875397071E0,
-3.583730061419E-1));
#8370=CARTESIAN_POINT('',(1.030776068819E0,3.750972600211E0,1.385746404481E-1));
#8371=CARTESIAN_POINT('',(8.470437138480E-1,3.720069803352E0,
6.035057426646E-1));
#8372=CARTESIAN_POINT('',(4.676087951787E-1,3.689167006493E0,
9.290017496534E-1));
#8373=CARTESIAN_POINT('',(-1.986333703694E-2,3.658264209633E0,
1.039859451786E0));
#8374=CARTESIAN_POINT('',(-5.027461968303E-1,3.627361412774E0,
9.104660900716E-1));
#8375=CARTESIAN_POINT('',(-8.694736715414E-1,3.596458615915E0,
5.707169044157E-1));
#8376=CARTESIAN_POINT('',(-1.035316184979E0,3.565555819056E0,
9.910834828302E-2));
#8377=CARTESIAN_POINT('',(-9.619578231010E-1,3.534653022196E0,
-3.953988745541E-1));
#8378=CARTESIAN_POINT('',(-6.663450112265E-1,3.503750225337E0,
-7.985505785724E-1));
#8379=CARTESIAN_POINT('',(-2.167857473703E-1,3.472847428478E0,
-1.017210466705E0));
#8380=CARTESIAN_POINT('',(2.828867707475E-1,3.441944631618E0,
-1.000826753277E0));
#8381=CARTESIAN_POINT('',(5.723629687792E-1,3.421342767045E0,
-8.358121972825E-1));
#8382=CARTESIAN_POINT('',(6.895495823340E-1,3.411041834759E0,
-7.242384783364E-1));
#8383=CARTESIAN_POINT('',(-8.048307742135E-1,4.421655181925E0,
5.935043596123E-1));
#8384=CARTESIAN_POINT('',(-9.008637358876E-1,4.411354249639E0,
4.632773753580E-1));
#8385=CARTESIAN_POINT('',(-1.028358549457E0,4.390752385066E0,
1.554278253667E-1));
#8386=CARTESIAN_POINT('',(-9.820884520255E-1,4.359849588207E0,
-3.423674433045E-1));
#8387=CARTESIAN_POINT('',(-7.088929458177E-1,4.328946791347E0,
-7.610318599734E-1));
#8388=CARTESIAN_POINT('',(-2.719193432561E-1,4.298043994488E0,
-1.003873993182E0));
#8389=CARTESIAN_POINT('',(2.278805822608E-1,4.267141197629E0,
-1.014777072961E0));
#8390=CARTESIAN_POINT('',(6.750301312517E-1,4.236238400770E0,
-7.912247293859E-1));
#8391=CARTESIAN_POINT('',(9.662195684436E-1,4.205335603910E0,
-3.848661912332E-1));
#8392=CARTESIAN_POINT('',(1.034171798626E0,4.174432807051E0,1.104125108641E-1));
#8393=CARTESIAN_POINT('',(8.631870496784E-1,4.143530010192E0,
5.801813108460E-1));
#8394=CARTESIAN_POINT('',(4.927699476432E-1,4.112627213332E0,
9.159039323522E-1));
#8395=CARTESIAN_POINT('',(8.502355547064E-3,4.081724416473E0,1.040014396523E0));
#8396=CARTESIAN_POINT('',(-4.777296368376E-1,4.050821619614E0,
9.238379885151E-1));
#8397=CARTESIAN_POINT('',(-8.535860800868E-1,4.019918822754E0,
5.942163232609E-1));
#8398=CARTESIAN_POINT('',(-1.032228398404E0,3.989016025895E0,
1.273058069280E-1));
#8399=CARTESIAN_POINT('',(-9.723827363230E-1,3.958113229036E0,
-3.690176812138E-1));
#8400=CARTESIAN_POINT('',(-6.878759475826E-1,3.927210432176E0,
-7.800826338827E-1));
#8401=CARTESIAN_POINT('',(-2.444410129442E-1,3.896307635317E0,
-1.010915835338E0));
#8402=CARTESIAN_POINT('',(2.554700306558E-1,3.865404838458E0,
-1.008185150846E0));
#8403=CARTESIAN_POINT('',(6.963568004102E-1,3.834502041598E0,
-7.725214828534E-1));
#8404=CARTESIAN_POINT('',(9.763559921491E-1,3.803599244739E0,
-3.583730061419E-1));
#8405=CARTESIAN_POINT('',(1.030776068819E0,3.772696447880E0,1.385746404481E-1));
#8406=CARTESIAN_POINT('',(8.470437138480E-1,3.741793651020E0,
6.035057426646E-1));
#8407=CARTESIAN_POINT('',(4.676087951787E-1,3.710890854161E0,
9.290017496534E-1));
#8408=CARTESIAN_POINT('',(-1.986333703694E-2,3.679988057302E0,
1.039859451786E0));
#8409=CARTESIAN_POINT('',(-5.027461968303E-1,3.649085260443E0,
9.104660900716E-1));
#8410=CARTESIAN_POINT('',(-8.694736715414E-1,3.618182463583E0,
5.707169044157E-1));
#8411=CARTESIAN_POINT('',(-1.035316184979E0,3.587279666724E0,
9.910834828302E-2));
#8412=CARTESIAN_POINT('',(-9.619578231010E-1,3.556376869865E0,
-3.953988745541E-1));
#8413=CARTESIAN_POINT('',(-6.663450112265E-1,3.525474073005E0,
-7.985505785724E-1));
#8414=CARTESIAN_POINT('',(-2.167857473703E-1,3.494571276146E0,
-1.017210466705E0));
#8415=CARTESIAN_POINT('',(2.828867707475E-1,3.463668479287E0,
-1.000826753277E0));
#8416=CARTESIAN_POINT('',(5.723629687792E-1,3.443066614714E0,
-8.358121972825E-1));
#8417=CARTESIAN_POINT('',(6.895495823340E-1,3.432765682427E0,
-7.242384783364E-1));
#8418=CARTESIAN_POINT('',(-8.048307742135E-1,4.443379029594E0,
5.935043596123E-1));
#8419=CARTESIAN_POINT('',(-9.008637358876E-1,4.433078097307E0,
4.632773753580E-1));
#8420=CARTESIAN_POINT('',(-1.028358549457E0,4.412476232734E0,
1.554278253667E-1));
#8421=CARTESIAN_POINT('',(-9.820884520255E-1,4.381573435875E0,
-3.423674433045E-1));
#8422=CARTESIAN_POINT('',(-7.088929458177E-1,4.350670639016E0,
-7.610318599734E-1));
#8423=CARTESIAN_POINT('',(-2.719193432561E-1,4.319767842157E0,
-1.003873993182E0));
#8424=CARTESIAN_POINT('',(2.278805822608E-1,4.288865045297E0,
-1.014777072961E0));
#8425=CARTESIAN_POINT('',(6.750301312517E-1,4.257962248438E0,
-7.912247293859E-1));
#8426=CARTESIAN_POINT('',(9.662195684436E-1,4.227059451579E0,
-3.848661912332E-1));
#8427=CARTESIAN_POINT('',(1.034171798626E0,4.196156654719E0,1.104125108641E-1));
#8428=CARTESIAN_POINT('',(8.631870496784E-1,4.165253857860E0,
5.801813108460E-1));
#8429=CARTESIAN_POINT('',(4.927699476432E-1,4.134351061001E0,
9.159039323522E-1));
#8430=CARTESIAN_POINT('',(8.502355547063E-3,4.103448264141E0,1.040014396523E0));
#8431=CARTESIAN_POINT('',(-4.777296368376E-1,4.072545467282E0,
9.238379885151E-1));
#8432=CARTESIAN_POINT('',(-8.535860800868E-1,4.041642670423E0,
5.942163232609E-1));
#8433=CARTESIAN_POINT('',(-1.032228398404E0,4.010739873563E0,
1.273058069280E-1));
#8434=CARTESIAN_POINT('',(-9.723827363230E-1,3.979837076704E0,
-3.690176812138E-1));
#8435=CARTESIAN_POINT('',(-6.878759475826E-1,3.948934279845E0,
-7.800826338827E-1));
#8436=CARTESIAN_POINT('',(-2.444410129442E-1,3.918031482985E0,
-1.010915835338E0));
#8437=CARTESIAN_POINT('',(2.554700306558E-1,3.887128686126E0,
-1.008185150846E0));
#8438=CARTESIAN_POINT('',(6.963568004102E-1,3.856225889267E0,
-7.725214828534E-1));
#8439=CARTESIAN_POINT('',(9.763559921491E-1,3.825323092408E0,
-3.583730061419E-1));
#8440=CARTESIAN_POINT('',(1.030776068819E0,3.794420295548E0,1.385746404481E-1));
#8441=CARTESIAN_POINT('',(8.470437138480E-1,3.763517498689E0,
6.035057426646E-1));
#8442=CARTESIAN_POINT('',(4.676087951787E-1,3.732614701830E0,
9.290017496534E-1));
#8443=CARTESIAN_POINT('',(-1.986333703694E-2,3.701711904970E0,
1.039859451786E0));
#8444=CARTESIAN_POINT('',(-5.027461968303E-1,3.670809108111E0,
9.104660900716E-1));
#8445=CARTESIAN_POINT('',(-8.694736715414E-1,3.639906311252E0,
5.707169044157E-1));
#8446=CARTESIAN_POINT('',(-1.035316184979E0,3.609003514392E0,
9.910834828302E-2));
#8447=CARTESIAN_POINT('',(-9.619578231010E-1,3.578100717533E0,
-3.953988745541E-1));
#8448=CARTESIAN_POINT('',(-6.663450112265E-1,3.547197920674E0,
-7.985505785724E-1));
#8449=CARTESIAN_POINT('',(-2.167857473703E-1,3.516295123814E0,
-1.017210466705E0));
#8450=CARTESIAN_POINT('',(2.828867707475E-1,3.485392326955E0,
-1.000826753277E0));
#8451=CARTESIAN_POINT('',(5.723629687792E-1,3.464790462382E0,
-8.358121972825E-1));
#8452=CARTESIAN_POINT('',(6.895495823340E-1,3.454489530096E0,
-7.242384783364E-1));
#8453=CARTESIAN_POINT('',(-8.048307742135E-1,4.465102877262E0,
5.935043596123E-1));
#8454=CARTESIAN_POINT('',(-9.008637358876E-1,4.454801944976E0,
4.632773753580E-1));
#8455=CARTESIAN_POINT('',(-1.028358549457E0,4.434200080403E0,
1.554278253667E-1));
#8456=CARTESIAN_POINT('',(-9.820884520255E-1,4.403297283544E0,
-3.423674433045E-1));
#8457=CARTESIAN_POINT('',(-7.088929458177E-1,4.372394486684E0,
-7.610318599734E-1));
#8458=CARTESIAN_POINT('',(-2.719193432561E-1,4.341491689825E0,
-1.003873993182E0));
#8459=CARTESIAN_POINT('',(2.278805822608E-1,4.310588892966E0,
-1.014777072961E0));
#8460=CARTESIAN_POINT('',(6.750301312517E-1,4.279686096106E0,
-7.912247293859E-1));
#8461=CARTESIAN_POINT('',(9.662195684436E-1,4.248783299247E0,
-3.848661912332E-1));
#8462=CARTESIAN_POINT('',(1.034171798626E0,4.217880502388E0,1.104125108641E-1));
#8463=CARTESIAN_POINT('',(8.631870496784E-1,4.186977705528E0,
5.801813108460E-1));
#8464=CARTESIAN_POINT('',(4.927699476432E-1,4.156074908669E0,
9.159039323522E-1));
#8465=CARTESIAN_POINT('',(8.502355547063E-3,4.125172111810E0,1.040014396523E0));
#8466=CARTESIAN_POINT('',(-4.777296368376E-1,4.094269314950E0,
9.238379885151E-1));
#8467=CARTESIAN_POINT('',(-8.535860800868E-1,4.063366518091E0,
5.942163232609E-1));
#8468=CARTESIAN_POINT('',(-1.032228398404E0,4.032463721232E0,
1.273058069280E-1));
#8469=CARTESIAN_POINT('',(-9.723827363230E-1,4.001560924373E0,
-3.690176812138E-1));
#8470=CARTESIAN_POINT('',(-6.878759475826E-1,3.970658127513E0,
-7.800826338827E-1));
#8471=CARTESIAN_POINT('',(-2.444410129442E-1,3.939755330654E0,
-1.010915835338E0));
#8472=CARTESIAN_POINT('',(2.554700306558E-1,3.908852533795E0,
-1.008185150846E0));
#8473=CARTESIAN_POINT('',(6.963568004102E-1,3.877949736935E0,
-7.725214828534E-1));
#8474=CARTESIAN_POINT('',(9.763559921491E-1,3.847046940076E0,
-3.583730061419E-1));
#8475=CARTESIAN_POINT('',(1.030776068819E0,3.816144143217E0,1.385746404481E-1));
#8476=CARTESIAN_POINT('',(8.470437138480E-1,3.785241346357E0,
6.035057426646E-1));
#8477=CARTESIAN_POINT('',(4.676087951787E-1,3.754338549498E0,
9.290017496534E-1));
#8478=CARTESIAN_POINT('',(-1.986333703694E-2,3.723435752639E0,
1.039859451786E0));
#8479=CARTESIAN_POINT('',(-5.027461968303E-1,3.692532955779E0,
9.104660900716E-1));
#8480=CARTESIAN_POINT('',(-8.694736715414E-1,3.661630158920E0,
5.707169044157E-1));
#8481=CARTESIAN_POINT('',(-1.035316184979E0,3.630727362061E0,
9.910834828302E-2));
#8482=CARTESIAN_POINT('',(-9.619578231010E-1,3.599824565201E0,
-3.953988745541E-1));
#8483=CARTESIAN_POINT('',(-6.663450112265E-1,3.568921768342E0,
-7.985505785724E-1));
#8484=CARTESIAN_POINT('',(-2.167857473703E-1,3.538018971483E0,
-1.017210466705E0));
#8485=CARTESIAN_POINT('',(2.828867707475E-1,3.507116174624E0,
-1.000826753277E0));
#8486=CARTESIAN_POINT('',(5.723629687792E-1,3.486514310051E0,
-8.358121972825E-1));
#8487=CARTESIAN_POINT('',(6.895495823340E-1,3.476213377764E0,
-7.242384783364E-1));
#8488=B_SPLINE_SURFACE_WITH_KNOTS('',3,3,((#8348,#8349,#8350,#8351,#8352,#8353,
#8354,#8355,#8356,#8357,#8358,#8359,#8360,#8361,#8362,#8363,#8364,#8365,#8366,
#8367,#8368,#8369,#8370,#8371,#8372,#8373,#8374,#8375,#8376,#8377,#8378,#8379,
#8380,#8381,#8382),(#8383,#8384,#8385,#8386,#8387,#8388,#8389,#8390,#8391,#8392,
#8393,#8394,#8395,#8396,#8397,#8398,#8399,#8400,#8401,#8402,#8403,#8404,#8405,
#8406,#8407,#8408,#8409,#8410,#8411,#8412,#8413,#8414,#8415,#8416,#8417),(#8418,
#8419,#8420,#8421,#8422,#8423,#8424,#8425,#8426,#8427,#8428,#8429,#8430,#8431,
#8432,#8433,#8434,#8435,#8436,#8437,#8438,#8439,#8440,#8441,#8442,#8443,#8444,
#8445,#8446,#8447,#8448,#8449,#8450,#8451,#8452),(#8453,#8454,#8455,#8456,#8457,
#8458,#8459,#8460,#8461,#8462,#8463,#8464,#8465,#8466,#8467,#8468,#8469,#8470,
#8471,#8472,#8473,#8474,#8475,#8476,#8477,#8478,#8479,#8480,#8481,#8482,#8483,
#8484,#8485,#8486,#8487)),.UNSPECIFIED.,.F.,.F.,.F.,(4,4),(4,1,1,1,1,1,1,1,1,1,
1,1,1,1,1,1,1,1,1,1,1,1,1,1,1,1,1,1,1,1,1,1,4),(-1.517154300525E-1,
1.151715430052E0),(2.111146263903E-1,2.362506799612E-1,2.613867335321E-1,
2.865227871030E-1,3.116588406739E-1,3.367948942448E-1,3.619309478157E-1,
3.870670013866E-1,4.122030549575E-1,4.373391085284E-1,4.624751620993E-1,
4.876112156701E-1,5.127472692410E-1,5.378833228119E-1,5.630193763828E-1,
5.881554299537E-1,6.132914835246E-1,6.384275370955E-1,6.635635906664E-1,
6.886996442373E-1,7.138356978082E-1,7.389717513791E-1,7.641078049500E-1,
7.892438585209E-1,8.143799120918E-1,8.395159656627E-1,8.646520192336E-1,
8.897880728045E-1,9.149241263754E-1,9.400601799463E-1,9.651962335172E-1,
9.903322870881E-1,1.015468340659E0),.UNSPECIFIED.);
#8490=ORIENTED_EDGE('',*,*,#8489,.T.);
#8492=ORIENTED_EDGE('',*,*,#8491,.T.);
#8493=ORIENTED_EDGE('',*,*,#8338,.F.);
#8494=ORIENTED_EDGE('',*,*,#7721,.F.);
#8495=ORIENTED_EDGE('',*,*,#7570,.T.);
#8496=EDGE_LOOP('',(#8490,#8492,#8493,#8494,#8495));
#8497=FACE_OUTER_BOUND('',#8496,.F.);
#8499=CARTESIAN_POINT('',(0.E0,4.389907568053E0,0.E0));
#8500=DIRECTION('',(0.E0,1.E0,0.E0));
#8501=DIRECTION('',(-1.E0,0.E0,0.E0));
#8502=AXIS2_PLACEMENT_3D('',#8499,#8500,#8501);
#8503=CONICAL_SURFACE('',#8502,1.001407568053E0,4.5E1);
#8504=ORIENTED_EDGE('',*,*,#8489,.F.);
#8505=ORIENTED_EDGE('',*,*,#7568,.F.);
#8506=ORIENTED_EDGE('',*,*,#7537,.T.);
#8507=ORIENTED_EDGE('',*,*,#7565,.T.);
#8509=ORIENTED_EDGE('',*,*,#8508,.F.);
#8510=EDGE_LOOP('',(#8504,#8505,#8506,#8507,#8509));
#8511=FACE_OUTER_BOUND('',#8510,.F.);
#8513=CARTESIAN_POINT('',(-9.927826129382E-1,4.402724220008E0,
-1.660264528676E-1));
#8514=CARTESIAN_POINT('',(-9.673310589059E-1,4.392964954388E0,
-3.182182264017E-1));
#8515=CARTESIAN_POINT('',(-8.452161193517E-1,4.373446423149E0,
-6.105546550942E-1));
#8516=CARTESIAN_POINT('',(-4.863891863807E-1,4.344168626290E0,
-9.222894554622E-1));
#8517=CARTESIAN_POINT('',(-2.649457505329E-2,4.314890829430E0,
-1.042343284435E0));
#8518=CARTESIAN_POINT('',(4.389068977713E-1,4.285613032571E0,
-9.458042127873E-1));
#8519=CARTESIAN_POINT('',(8.131025703836E-1,4.256335235712E0,
-6.527237023446E-1));
#8520=CARTESIAN_POINT('',(1.018334486074E0,4.227057438852E0,
-2.240068347529E-1));
#8521=CARTESIAN_POINT('',(1.011955052901E0,4.197779641993E0,2.512591091622E-1));
#8522=CARTESIAN_POINT('',(7.952899565020E-1,4.168501845134E0,
6.743130215930E-1));
#8523=CARTESIAN_POINT('',(4.133624975482E-1,4.139224048274E0,
9.572437591366E-1));
#8524=CARTESIAN_POINT('',(-5.446226376032E-2,4.109946251415E0,
1.041257907289E0));
#8525=CARTESIAN_POINT('',(-5.109696909159E-1,4.080668454556E0,
9.088972125434E-1));
#8526=CARTESIAN_POINT('',(-8.612969044684E-1,4.051390657697E0,
5.876664107087E-1));
#8527=CARTESIAN_POINT('',(-1.032645421467E0,4.022112860837E0,
1.443177101436E-1));
#8528=CARTESIAN_POINT('',(-9.894087813730E-1,3.992835063978E0,
-3.290204116430E-1));
#8529=CARTESIAN_POINT('',(-7.405716182321E-1,3.963557267119E0,
-7.339876335501E-1));
#8530=CARTESIAN_POINT('',(-3.378426411819E-1,3.934279470259E0,
-9.864312027379E-1));
#8531=CARTESIAN_POINT('',(1.350905073318E-1,3.905001673400E0,
-1.033892993866E0));
#8532=CARTESIAN_POINT('',(5.799516602357E-1,3.875723876541E0,
-8.665103806220E-1));
#8533=CARTESIAN_POINT('',(9.042980502540E-1,3.846446079681E0,
-5.190657032053E-1));
#8534=CARTESIAN_POINT('',(1.040730045702E0,3.817168282822E0,
-6.375844959692E-2));
#8535=CARTESIAN_POINT('',(9.608968879222E-1,3.787890485963E0,
4.047978986919E-1));
#8536=CARTESIAN_POINT('',(6.813880181230E-1,3.758612689103E0,
7.892366795992E-1));
#8537=CARTESIAN_POINT('',(2.602857695153E-1,3.729334892244E0,1.009670979564E0));
#8538=CARTESIAN_POINT('',(-2.149042266488E-1,3.700057095385E0,
1.020294241565E0));
#8539=CARTESIAN_POINT('',(-6.454368174417E-1,3.670779298525E0,
8.188989459752E-1));
#8540=CARTESIAN_POINT('',(-9.418467672110E-1,3.641501501666E0,
4.473352821288E-1));
#8541=CARTESIAN_POINT('',(-1.042539539414E0,3.612223704807E0,
-1.718517748694E-2));
#8542=CARTESIAN_POINT('',(-9.265915435460E-1,3.582945907948E0,
-4.781349027906E-1));
#8543=CARTESIAN_POINT('',(-6.180950394299E-1,3.553668111088E0,
-8.397261502099E-1));
#8544=CARTESIAN_POINT('',(-1.811631034902E-1,3.524390314229E0,
-1.026826280448E0));
#8545=CARTESIAN_POINT('',(2.934355965801E-1,3.495112517370E0,
-1.000531271840E0));
#8546=CARTESIAN_POINT('',(5.691320481104E-1,3.475593986130E0,
-8.444411933059E-1));
#8547=CARTESIAN_POINT('',(6.825433544661E-1,3.465834720510E0,
-7.398085352835E-1));
#8548=CARTESIAN_POINT('',(-9.264902402903E-1,4.441529652423E0,
-1.549401512549E-1));
#8549=CARTESIAN_POINT('',(-9.027381961833E-1,4.431770386803E0,
-2.969694243246E-1));
#8550=CARTESIAN_POINT('',(-7.887773972973E-1,4.412251855564E0,
-5.697852900893E-1));
#8551=CARTESIAN_POINT('',(-4.539108847109E-1,4.382974058705E0,
-8.607042146714E-1));
#8552=CARTESIAN_POINT('',(-2.472541812035E-2,4.353696261845E0,
-9.727415322103E-1));
#8553=CARTESIAN_POINT('',(4.095991930980E-1,4.324418464986E0,
-8.826487903323E-1));
#8554=CARTESIAN_POINT('',(7.588082083608E-1,4.295140668127E0,
-6.091385283618E-1));
#8555=CARTESIAN_POINT('',(9.503359047617E-1,4.265862871267E0,
-2.090489332228E-1));
#8556=CARTESIAN_POINT('',(9.443824538287E-1,4.236585074408E0,
2.344814558484E-1));
#8557=CARTESIAN_POINT('',(7.421850194569E-1,4.207307277549E0,
6.292862357426E-1));
#8558=CARTESIAN_POINT('',(3.857605025404E-1,4.178029480689E0,
8.933244688825E-1));
#8559=CARTESIAN_POINT('',(-5.082558374861E-2,4.148751683830E0,
9.717286303731E-1));
#8560=CARTESIAN_POINT('',(-4.768500430488E-1,4.119473886971E0,
8.482062295152E-1));
#8561=CARTESIAN_POINT('',(-8.037843991048E-1,4.090196090111E0,
5.484253923995E-1));
#8562=CARTESIAN_POINT('',(-9.636912373373E-1,4.060918293252E0,
1.346809948185E-1));
#8563=CARTESIAN_POINT('',(-9.233416939955E-1,4.031640496393E0,
-3.070503011141E-1));
#8564=CARTESIAN_POINT('',(-6.911204603970E-1,4.002362699534E0,
-6.849761167406E-1));
#8565=CARTESIAN_POINT('',(-3.152834323746E-1,3.973084902674E0,
-9.205629411153E-1));
#8566=CARTESIAN_POINT('',(1.260699320956E-1,3.943807105815E0,
-9.648555039516E-1));
#8567=CARTESIAN_POINT('',(5.412257890560E-1,3.914529308956E0,
-8.086497489924E-1));
#8568=CARTESIAN_POINT('',(8.439141731081E-1,3.885251512096E0,
-4.844054497146E-1));
#8569=CARTESIAN_POINT('',(9.712360163785E-1,3.855973715237E0,
-5.950102320262E-2));
#8570=CARTESIAN_POINT('',(8.967336625189E-1,3.826695918378E0,
3.777677988519E-1));
#8571=CARTESIAN_POINT('',(6.358888042704E-1,3.797418121518E0,
7.365359459345E-1));
#8572=CARTESIAN_POINT('',(2.429053671969E-1,3.768140324659E0,
9.422508979096E-1));
#8573=CARTESIAN_POINT('',(-2.005541454820E-1,3.738862527800E0,
9.521647989353E-1));
#8574=CARTESIAN_POINT('',(-6.023382201608E-1,3.709584730940E0,
7.642175349794E-1));
#8575=CARTESIAN_POINT('',(-8.789556004486E-1,3.680306934081E0,
4.174647779168E-1));
#8576=CARTESIAN_POINT('',(-9.729246823987E-1,3.651029137222E0,
-1.603764914072E-2));
#8577=CARTESIAN_POINT('',(-8.647190337975E-1,3.621751340363E0,
-4.462077752012E-1));
#8578=CARTESIAN_POINT('',(-5.768221704738E-1,3.592473543503E0,
-7.836540170496E-1));
#8579=CARTESIAN_POINT('',(-1.690660624964E-1,3.563195746644E0,
-9.582606654372E-1));
#8580=CARTESIAN_POINT('',(2.738416374765E-1,3.533917949785E0,
-9.337214878503E-1));
#8581=CARTESIAN_POINT('',(5.311286490506E-1,3.514399418545E0,
-7.880542164025E-1));
#8582=CARTESIAN_POINT('',(6.369669938279E-1,3.504640152925E0,
-6.904083317848E-1));
#8583=CARTESIAN_POINT('',(-8.601978676424E-1,4.480335084838E0,
-1.438538496422E-1));
#8584=CARTESIAN_POINT('',(-8.381453334607E-1,4.470575819218E0,
-2.757206222474E-1));
#8585=CARTESIAN_POINT('',(-7.323386752429E-1,4.451057287979E0,
-5.290159250843E-1));
#8586=CARTESIAN_POINT('',(-4.214325830412E-1,4.421779491120E0,
-7.991189738806E-1));
#8587=CARTESIAN_POINT('',(-2.295626118741E-2,4.392501694260E0,
-9.031397799855E-1));
#8588=CARTESIAN_POINT('',(3.802914884247E-1,4.363223897401E0,
-8.194933678774E-1));
#8589=CARTESIAN_POINT('',(7.045138463380E-1,4.333946100542E0,
-5.655533543791E-1));
#8590=CARTESIAN_POINT('',(8.823373234498E-1,4.304668303682E0,
-1.940910316927E-1));
#8591=CARTESIAN_POINT('',(8.768098547567E-1,4.275390506823E0,
2.177038025347E-1));
#8592=CARTESIAN_POINT('',(6.890800824118E-1,4.246112709964E0,
5.842594498922E-1));
#8593=CARTESIAN_POINT('',(3.581585075326E-1,4.216834913104E0,
8.294051786285E-1));
#8594=CARTESIAN_POINT('',(-4.718890373690E-2,4.187557116245E0,
9.021993534568E-1));
#8595=CARTESIAN_POINT('',(-4.427303951818E-1,4.158279319386E0,
7.875152464870E-1));
#8596=CARTESIAN_POINT('',(-7.462718937412E-1,4.129001522526E0,
5.091843740903E-1));
#8597=CARTESIAN_POINT('',(-8.947370532079E-1,4.099723725667E0,
1.250442794935E-1));
#8598=CARTESIAN_POINT('',(-8.572746066180E-1,4.070445928808E0,
-2.850801905852E-1));
#8599=CARTESIAN_POINT('',(-6.416693025620E-1,4.041168131948E0,
-6.359645999310E-1));
#8600=CARTESIAN_POINT('',(-2.927242235672E-1,4.011890335089E0,
-8.546946794927E-1));
#8601=CARTESIAN_POINT('',(1.170493568593E-1,3.982612538230E0,
-8.958180140378E-1));
#8602=CARTESIAN_POINT('',(5.024999178763E-1,3.953334741371E0,
-7.507891173628E-1));
#8603=CARTESIAN_POINT('',(7.835302959623E-1,3.924056944511E0,
-4.497451962238E-1));
#8604=CARTESIAN_POINT('',(9.017419870548E-1,3.894779147652E0,
-5.524359680831E-2));
#8605=CARTESIAN_POINT('',(8.325704371157E-1,3.865501350793E0,
3.507376990119E-1));
#8606=CARTESIAN_POINT('',(5.903895904178E-1,3.836223553933E0,
6.838352122698E-1));
#8607=CARTESIAN_POINT('',(2.255249648784E-1,3.806945757074E0,
8.748308162556E-1));
#8608=CARTESIAN_POINT('',(-1.862040643153E-1,3.777667960215E0,
8.840353563052E-1));
#8609=CARTESIAN_POINT('',(-5.592396228798E-1,3.748390163355E0,
7.095361239836E-1));
#8610=CARTESIAN_POINT('',(-8.160644336861E-1,3.719112366496E0,
3.875942737047E-1));
#8611=CARTESIAN_POINT('',(-9.033098253834E-1,3.689834569637E0,
-1.489012079449E-2));
#8612=CARTESIAN_POINT('',(-8.028465240490E-1,3.660556772777E0,
-4.142806476119E-1));
#8613=CARTESIAN_POINT('',(-5.355493015177E-1,3.631278975918E0,
-7.275818838893E-1));
#8614=CARTESIAN_POINT('',(-1.569690215026E-1,3.602001179059E0,
-8.896950504265E-1));
#8615=CARTESIAN_POINT('',(2.542476783730E-1,3.572723382200E0,
-8.669117038611E-1));
#8616=CARTESIAN_POINT('',(4.931252499907E-1,3.553204850960E0,
-7.316672394990E-1));
#8617=CARTESIAN_POINT('',(5.913906331897E-1,3.543445585340E0,
-6.410081282861E-1));
#8618=CARTESIAN_POINT('',(-7.939054949945E-1,4.519140517253E0,
-1.327675480294E-1));
#8619=CARTESIAN_POINT('',(-7.735524707382E-1,4.509381251633E0,
-2.544718201702E-1));
#8620=CARTESIAN_POINT('',(-6.758999531885E-1,4.489862720394E0,
-4.882465600794E-1));
#8621=CARTESIAN_POINT('',(-3.889542813715E-1,4.460584923535E0,
-7.375337330898E-1));
#8622=CARTESIAN_POINT('',(-2.118710425447E-2,4.431307126675E0,
-8.335380277607E-1));
#8623=CARTESIAN_POINT('',(3.509837837514E-1,4.402029329816E0,
-7.563379454224E-1));
#8624=CARTESIAN_POINT('',(6.502194843151E-1,4.372751532957E0,
-5.219681803964E-1));
#8625=CARTESIAN_POINT('',(8.143387421378E-1,4.343473736097E0,
-1.791331301626E-1));
#8626=CARTESIAN_POINT('',(8.092372556846E-1,4.314195939238E0,
2.009261492210E-1));
#8627=CARTESIAN_POINT('',(6.359751453667E-1,4.284918142379E0,
5.392326640418E-1));
#8628=CARTESIAN_POINT('',(3.305565125248E-1,4.255640345519E0,
7.654858883745E-1));
#8629=CARTESIAN_POINT('',(-4.355222372519E-2,4.226362548660E0,
8.326700765406E-1));
#8630=CARTESIAN_POINT('',(-4.086107473147E-1,4.197084751801E0,
7.268242634587E-1));
#8631=CARTESIAN_POINT('',(-6.887593883776E-1,4.167806954941E0,
4.699433557812E-1));
#8632=CARTESIAN_POINT('',(-8.257828690785E-1,4.138529158082E0,
1.154075641685E-1));
#8633=CARTESIAN_POINT('',(-7.912075192405E-1,4.109251361223E0,
-2.631100800563E-1));
#8634=CARTESIAN_POINT('',(-5.922181447269E-1,4.079973564363E0,
-5.869530831215E-1));
#8635=CARTESIAN_POINT('',(-2.701650147599E-1,4.050695767504E0,
-7.888264178700E-1));
#8636=CARTESIAN_POINT('',(1.080287816231E-1,4.021417970645E0,
-8.267805241239E-1));
#8637=CARTESIAN_POINT('',(4.637740466966E-1,3.992140173786E0,
-6.929284857332E-1));
#8638=CARTESIAN_POINT('',(7.231464188164E-1,3.962862376926E0,
-4.150849427331E-1));
#8639=CARTESIAN_POINT('',(8.322479577311E-1,3.933584580067E0,
-5.098617041401E-2));
#8640=CARTESIAN_POINT('',(7.684072117125E-1,3.904306783208E0,
3.237075991718E-1));
#8641=CARTESIAN_POINT('',(5.448903765652E-1,3.875028986348E0,
6.311344786052E-1));
#8642=CARTESIAN_POINT('',(2.081445625599E-1,3.845751189489E0,
8.074107346016E-1));
#8643=CARTESIAN_POINT('',(-1.718539831485E-1,3.816473392630E0,
8.159059136750E-1));
#8644=CARTESIAN_POINT('',(-5.161410255989E-1,3.787195595770E0,
6.548547129878E-1));
#8645=CARTESIAN_POINT('',(-7.531732669236E-1,3.757917798911E0,
3.577237694926E-1));
#8646=CARTESIAN_POINT('',(-8.336949683680E-1,3.728640002052E0,
-1.374259244827E-2));
#8647=CARTESIAN_POINT('',(-7.409740143005E-1,3.699362205192E0,
-3.823535200225E-1));
#8648=CARTESIAN_POINT('',(-4.942764325616E-1,3.670084408333E0,
-6.715097507290E-1));
#8649=CARTESIAN_POINT('',(-1.448719805089E-1,3.640806611474E0,
-8.211294354157E-1));
#8650=CARTESIAN_POINT('',(2.346537192694E-1,3.611528814615E0,
-8.001019198719E-1));
#8651=CARTESIAN_POINT('',(4.551218509308E-1,3.592010283375E0,
-6.752802625956E-1));
#8652=CARTESIAN_POINT('',(5.458142725515E-1,3.582251017755E0,
-5.916079247874E-1));
#8653=B_SPLINE_SURFACE_WITH_KNOTS('',3,3,((#8513,#8514,#8515,#8516,#8517,#8518,
#8519,#8520,#8521,#8522,#8523,#8524,#8525,#8526,#8527,#8528,#8529,#8530,#8531,
#8532,#8533,#8534,#8535,#8536,#8537,#8538,#8539,#8540,#8541,#8542,#8543,#8544,
#8545,#8546,#8547),(#8548,#8549,#8550,#8551,#8552,#8553,#8554,#8555,#8556,#8557,
#8558,#8559,#8560,#8561,#8562,#8563,#8564,#8565,#8566,#8567,#8568,#8569,#8570,
#8571,#8572,#8573,#8574,#8575,#8576,#8577,#8578,#8579,#8580,#8581,#8582),(#8583,
#8584,#8585,#8586,#8587,#8588,#8589,#8590,#8591,#8592,#8593,#8594,#8595,#8596,
#8597,#8598,#8599,#8600,#8601,#8602,#8603,#8604,#8605,#8606,#8607,#8608,#8609,
#8610,#8611,#8612,#8613,#8614,#8615,#8616,#8617),(#8618,#8619,#8620,#8621,#8622,
#8623,#8624,#8625,#8626,#8627,#8628,#8629,#8630,#8631,#8632,#8633,#8634,#8635,
#8636,#8637,#8638,#8639,#8640,#8641,#8642,#8643,#8644,#8645,#8646,#8647,#8648,
#8649,#8650,#8651,#8652)),.UNSPECIFIED.,.F.,.F.,.F.,(4,4),(4,1,1,1,1,1,1,1,1,1,
1,1,1,1,1,1,1,1,1,1,1,1,1,1,1,1,1,1,1,1,1,1,4),(-3.485130413038E-2,
1.034851304130E0),(2.525975619948E-1,2.764118553626E-1,3.002261487305E-1,
3.240404420983E-1,3.478547354661E-1,3.716690288339E-1,3.954833222017E-1,
4.192976155695E-1,4.431119089373E-1,4.669262023051E-1,4.907404956730E-1,
5.145547890408E-1,5.383690824086E-1,5.621833757764E-1,5.859976691442E-1,
6.098119625120E-1,6.336262558798E-1,6.574405492476E-1,6.812548426154E-1,
7.050691359833E-1,7.288834293511E-1,7.526977227189E-1,7.765120160867E-1,
8.003263094545E-1,8.241406028223E-1,8.479548961901E-1,8.717691895579E-1,
8.955834829257E-1,9.193977762936E-1,9.432120696614E-1,9.670263630292E-1,
9.908406563970E-1,1.014654949765E0),.UNSPECIFIED.);
#8654=ORIENTED_EDGE('',*,*,#7742,.T.);
#8655=ORIENTED_EDGE('',*,*,#7929,.T.);
#8657=ORIENTED_EDGE('',*,*,#8656,.F.);
#8658=ORIENTED_EDGE('',*,*,#8491,.F.);
#8659=ORIENTED_EDGE('',*,*,#8508,.T.);
#8660=ORIENTED_EDGE('',*,*,#7563,.T.);
#8661=ORIENTED_EDGE('',*,*,#7912,.F.);
#8662=EDGE_LOOP('',(#8654,#8655,#8657,#8658,#8659,#8660,#8661));
#8663=FACE_OUTER_BOUND('',#8662,.F.);
#8665=CARTESIAN_POINT('',(7.633823159749E-2,3.508440250043E0,
-1.003670550530E0));
#8666=CARTESIAN_POINT('',(2.863162623437E-1,3.495121520499E0,
-9.876998203603E-1));
#8667=CARTESIAN_POINT('',(6.952582921127E-1,3.468484061412E0,
-8.196392170653E-1));
#8668=CARTESIAN_POINT('',(1.044163187629E0,3.428527872780E0,
-2.550991492378E-1));
#8669=CARTESIAN_POINT('',(9.949450270908E-1,3.388571684149E0,
4.066637608037E-1));
#8670=CARTESIAN_POINT('',(5.665317416015E-1,3.348615495518E0,
9.134264778993E-1));
#8671=CARTESIAN_POINT('',(-7.782881578149E-2,3.308659306886E0,
1.072029226484E0));
#8672=CARTESIAN_POINT('',(-6.925217955506E-1,3.268703118255E0,
8.220203159519E-1));
#8673=CARTESIAN_POINT('',(-1.043255664224E0,3.228746929623E0,
2.586922421243E-1));
#8674=CARTESIAN_POINT('',(-9.963447524061E-1,3.188790740992E0,
-4.032382754510E-1));
#8675=CARTESIAN_POINT('',(-5.696697325527E-1,3.148834552361E0,
-9.114715514879E-1));
#8676=CARTESIAN_POINT('',(7.413912413500E-2,3.108878363729E0,
-1.072290716472E0));
#8677=CARTESIAN_POINT('',(6.896893028642E-1,3.068922175098E0,
-8.243983598193E-1));
#8678=CARTESIAN_POINT('',(1.042359313676E0,3.028965986466E0,
-2.622804827939E-1));
#8679=CARTESIAN_POINT('',(9.977263774498E-1,2.989009797835E0,
3.998075363033E-1));
#8680=CARTESIAN_POINT('',(5.728026676166E-1,2.949053609204E0,
9.095059616870E-1));
#8681=CARTESIAN_POINT('',(-7.044900725040E-2,2.909097420572E0,
1.072539476078E0));
#8682=CARTESIAN_POINT('',(-6.868485229662E-1,2.869141231941E0,
8.267666520049E-1));
#8683=CARTESIAN_POINT('',(-1.041450654049E0,2.829185043309E0,
2.658656155831E-1));
#8684=CARTESIAN_POINT('',(-9.990961806729E-1,2.789228854678E0,
-3.963720627613E-1));
#8685=CARTESIAN_POINT('',(-5.759288230069E-1,2.749272666047E0,
-9.075296034697E-1));
#8686=CARTESIAN_POINT('',(6.675805686062E-2,2.709316477415E0,
-1.072775536776E0));
#8687=CARTESIAN_POINT('',(6.839996106335E-1,2.669360288784E0,
-8.291251550950E-1));
#8688=CARTESIAN_POINT('',(1.040529663495E0,2.629404100152E0,
-2.694476011165E-1));
#8689=CARTESIAN_POINT('',(1.000454155153E0,2.589447911521E0,3.929318984204E-1));
#8690=CARTESIAN_POINT('',(5.790481571361E-1,2.549491722890E0,
9.055424916331E-1));
#8691=CARTESIAN_POINT('',(-6.306630766836E-2,2.509535534258E0,
1.072998927264E0));
#8692=CARTESIAN_POINT('',(-6.811426310186E-1,2.469579345627E0,
8.314737237937E-1));
#8693=CARTESIAN_POINT('',(-1.039596236232E0,2.429623156996E0,
2.730268349735E-1));
#8694=CARTESIAN_POINT('',(-1.001800720128E0,2.389666968364E0,
-3.894887186040E-1));
#8695=CARTESIAN_POINT('',(-5.821590084833E-1,2.349710779733E0,
-9.035385493301E-1));
#8696=CARTESIAN_POINT('',(5.936774035271E-2,2.309754591101E0,
-1.073232411804E0));
#8697=CARTESIAN_POINT('',(6.783002454875E-1,2.269798402470E0,
-8.337273630357E-1));
#8698=CARTESIAN_POINT('',(9.184773726208E-1,2.243160943382E0,
-4.625227056113E-1));
#8699=CARTESIAN_POINT('',(9.726691684756E-1,2.229842213839E0,
-2.590304775527E-1));
#8700=CARTESIAN_POINT('',(7.124079895676E-2,3.547245682458E0,
-9.366511433762E-1));
#8701=CARTESIAN_POINT('',(2.671976918620E-1,3.533926952914E0,
-9.217468476730E-1));
#8702=CARTESIAN_POINT('',(6.488329003033E-1,3.507289493827E0,
-7.649083749792E-1));
#8703=CARTESIAN_POINT('',(9.744399126268E-1,3.467333305195E0,
-2.380650799027E-1));
#8704=CARTESIAN_POINT('',(9.285082607328E-1,3.427377116564E0,
3.795090693111E-1));
#8705=CARTESIAN_POINT('',(5.287019762111E-1,3.387420927933E0,
8.524330563081E-1));
#8706=CARTESIAN_POINT('',(-7.263185041235E-2,3.347464739301E0,
1.000445216002E0));
#8707=CARTESIAN_POINT('',(-6.462791314073E-1,3.307508550670E0,
7.671304776338E-1));
#8708=CARTESIAN_POINT('',(-9.735929884700E-1,3.267552362038E0,
2.414182464957E-1));
#8709=CARTESIAN_POINT('',(-9.298145203578E-1,3.227596173407E0,
-3.763123183747E-1));
#8710=CARTESIAN_POINT('',(-5.316304299859E-1,3.187639984776E0,
-8.506086687564E-1));
#8711=CARTESIAN_POINT('',(6.918853537479E-2,3.147683796144E0,
-1.000689245176E0));
#8712=CARTESIAN_POINT('',(6.436357764619E-1,3.107727607513E0,
-7.693497292659E-1));
#8713=CARTESIAN_POINT('',(9.727564911093E-1,3.067771418881E0,
-2.447668848752E-1));
#8714=CARTESIAN_POINT('',(9.311038883443E-1,3.027815230250E0,
3.731106644618E-1));
#8715=CARTESIAN_POINT('',(5.345541654768E-1,2.987859041619E0,
8.487743298555E-1));
#8716=CARTESIAN_POINT('',(-6.574482349411E-2,2.947902852987E0,
1.000921394032E0));
#8717=CARTESIAN_POINT('',(-6.409846876776E-1,2.907946664356E0,
7.715598803780E-1));
#8718=CARTESIAN_POINT('',(-9.719085066013E-1,2.867990475724E0,
2.481126229009E-1));
#8719=CARTESIAN_POINT('',(-9.323822239042E-1,2.828034287093E0,
-3.699045922906E-1));
#8720=CARTESIAN_POINT('',(-5.374715740021E-1,2.788078098462E0,
-8.469299415919E-1));
#8721=CARTESIAN_POINT('',(6.230033376498E-2,2.748121909830E0,
-1.001141691940E0));
#8722=CARTESIAN_POINT('',(6.383260094965E-1,2.708165721199E0,
-7.737608960548E-1));
#8723=CARTESIAN_POINT('',(9.710490145542E-1,2.668209532567E0,
-2.514554238266E-1));
#8724=CARTESIAN_POINT('',(9.336495205769E-1,2.628253343936E0,
3.666941425453E-1));
#8725=CARTESIAN_POINT('',(5.403826167512E-1,2.588297155305E0,
8.450755177745E-1));
#8726=CARTESIAN_POINT('',(-5.885509857284E-2,2.548340966673E0,
1.001350165682E0));
#8727=CARTESIAN_POINT('',(-6.356598027203E-1,2.508384778042E0,
7.759526407023E-1));
#8728=CARTESIAN_POINT('',(-9.701779162514E-1,2.468428589410E0,
2.547956568172E-1));
#8729=CARTESIAN_POINT('',(-9.349061696073E-1,2.428472400779E0,
-3.634808786808E-1));
#8730=CARTESIAN_POINT('',(-5.432857431503E-1,2.388516212148E0,
-8.432053873334E-1));
#8731=CARTESIAN_POINT('',(5.540350053280E-2,2.348560023516E0,
-1.001568059454E0));
#8732=CARTESIAN_POINT('',(6.330072155180E-1,2.308603834885E0,
-7.780557947419E-1));
#8733=CARTESIAN_POINT('',(8.571466810263E-1,2.281966375797E0,
-4.316380716955E-1));
#8734=CARTESIAN_POINT('',(9.077198571768E-1,2.268647646254E0,
-2.417338964872E-1));
#8735=CARTESIAN_POINT('',(6.614336631604E-2,3.586051114873E0,
-8.696317362227E-1));
#8736=CARTESIAN_POINT('',(2.480791213803E-1,3.572732385329E0,
-8.557938749857E-1));
#8737=CARTESIAN_POINT('',(6.024075084938E-1,3.546094926242E0,
-7.101775328931E-1));
#8738=CARTESIAN_POINT('',(9.047166376244E-1,3.506138737610E0,
-2.210310105677E-1));
#8739=CARTESIAN_POINT('',(8.620714943748E-1,3.466182548979E0,
3.523543778184E-1));
#8740=CARTESIAN_POINT('',(4.908722108207E-1,3.426226360347E0,
7.914396347169E-1));
#8741=CARTESIAN_POINT('',(-6.743488504316E-2,3.386270171716E0,
9.288612055190E-1));
#8742=CARTESIAN_POINT('',(-6.000364672639E-1,3.346313983085E0,
7.122406393157E-1));
#8743=CARTESIAN_POINT('',(-9.039303127155E-1,3.306357794453E0,
2.241442508672E-1));
#8744=CARTESIAN_POINT('',(-8.632842883095E-1,3.266401605822E0,
-3.493863612983E-1));
#8745=CARTESIAN_POINT('',(-4.935911274191E-1,3.226445417191E0,
-7.897457860248E-1));
#8746=CARTESIAN_POINT('',(6.423794661452E-2,3.186489228559E0,
-9.290877738804E-1));
#8747=CARTESIAN_POINT('',(5.975822500595E-1,3.146533039928E0,
-7.143010987126E-1));
#8748=CARTESIAN_POINT('',(9.031536685431E-1,3.106576851296E0,
-2.272532869566E-1));
#8749=CARTESIAN_POINT('',(8.644813992389E-1,3.066620662665E0,
3.464137926203E-1));
#8750=CARTESIAN_POINT('',(4.963056633370E-1,3.026664474034E0,
7.880426980240E-1));
#8751=CARTESIAN_POINT('',(-6.104063973776E-2,2.986708285402E0,
9.293033119853E-1));
#8752=CARTESIAN_POINT('',(-5.951208523890E-1,2.946752096771E0,
7.163531087513E-1));
#8753=CARTESIAN_POINT('',(-9.023663591534E-1,2.906795908139E0,
2.303596302188E-1));
#8754=CARTESIAN_POINT('',(-8.656682671356E-1,2.866839719508E0,
-3.434371218198E-1));
#8755=CARTESIAN_POINT('',(-4.990143249973E-1,2.826883530877E0,
-7.863302797140E-1));
#8756=CARTESIAN_POINT('',(5.784261066929E-2,2.786927342245E0,
-9.295078471032E-1));
#8757=CARTESIAN_POINT('',(5.926524083594E-1,2.746971153614E0,
-7.183966370147E-1));
#8758=CARTESIAN_POINT('',(9.015683656140E-1,2.707014964982E0,
-2.334632465368E-1));
#8759=CARTESIAN_POINT('',(8.668448860011E-1,2.667058776351E0,
3.404563866702E-1));
#8760=CARTESIAN_POINT('',(5.017170763664E-1,2.627102587720E0,
7.846085439158E-1));
#8761=CARTESIAN_POINT('',(-5.464388947731E-2,2.587146399088E0,9.297014041E-1));
#8762=CARTESIAN_POINT('',(-5.901769744219E-1,2.547190210457E0,
7.204315576109E-1));
#8763=CARTESIAN_POINT('',(-9.007595962713E-1,2.507234021825E0,
2.365644786609E-1));
#8764=CARTESIAN_POINT('',(-8.680116190861E-1,2.467277833194E0,
-3.374730387576E-1));
#8765=CARTESIAN_POINT('',(-5.044124778174E-1,2.427321644563E0,
-7.828722253367E-1));
#8766=CARTESIAN_POINT('',(5.143926071289E-2,2.387365455931E0,
-9.299037071032E-1));
#8767=CARTESIAN_POINT('',(5.877141855485E-1,2.347409267300E0,
-7.223842264481E-1));
#8768=CARTESIAN_POINT('',(7.958159894319E-1,2.320771808212E0,
-4.007534377798E-1));
#8769=CARTESIAN_POINT('',(8.427705458781E-1,2.307453078669E0,
-2.244373154218E-1));
#8770=CARTESIAN_POINT('',(6.104593367530E-2,3.624856547288E0,
-8.026123290692E-1));
#8771=CARTESIAN_POINT('',(2.289605508987E-1,3.611537817744E0,
-7.898409022983E-1));
#8772=CARTESIAN_POINT('',(5.559821166843E-1,3.584900358657E0,
-6.554466908071E-1));
#8773=CARTESIAN_POINT('',(8.349933626219E-1,3.544944170025E0,
-2.039969412326E-1));
#8774=CARTESIAN_POINT('',(7.956347280168E-1,3.504987981394E0,
3.251996863258E-1));
#8775=CARTESIAN_POINT('',(4.530424454303E-1,3.465031792762E0,
7.304462131257E-1));
#8776=CARTESIAN_POINT('',(-6.223791967402E-2,3.425075604131E0,
8.572771950364E-1));
#8777=CARTESIAN_POINT('',(-5.537938031206E-1,3.385119415500E0,
6.573508009976E-1));
#8778=CARTESIAN_POINT('',(-8.342676369610E-1,3.345163226868E0,
2.068702552386E-1));
#8779=CARTESIAN_POINT('',(-7.967540562612E-1,3.305207038237E0,
-3.224604042220E-1));
#8780=CARTESIAN_POINT('',(-4.555518248523E-1,3.265250849605E0,
-7.288829032932E-1));
#8781=CARTESIAN_POINT('',(5.928735785431E-2,3.225294660974E0,
-8.574863025846E-1));
#8782=CARTESIAN_POINT('',(5.515287236571E-1,3.185338472343E0,
-6.592524681592E-1));
#8783=CARTESIAN_POINT('',(8.335508459768E-1,3.145382283711E0,
-2.097396890379E-1));
#8784=CARTESIAN_POINT('',(7.978589101335E-1,3.105426095080E0,
3.197169207788E-1));
#8785=CARTESIAN_POINT('',(4.580571611972E-1,3.065469906449E0,
7.273110661926E-1));
#8786=CARTESIAN_POINT('',(-5.633645598147E-2,3.025513717817E0,
8.576852299387E-1));
#8787=CARTESIAN_POINT('',(-5.492570171005E-1,2.985557529186E0,
6.611463371244E-1));
#8788=CARTESIAN_POINT('',(-8.328242117056E-1,2.945601340554E0,
2.126066375366E-1));
#8789=CARTESIAN_POINT('',(-7.989543103669E-1,2.905645151923E0,
-3.169696513491E-1));
#8790=CARTESIAN_POINT('',(-4.605570759925E-1,2.865688963292E0,
-7.257306178363E-1));
#8791=CARTESIAN_POINT('',(5.338488757364E-2,2.825732774660E0,
-8.578740022668E-1));
#8792=CARTESIAN_POINT('',(5.469788072224E-1,2.785776586029E0,
-6.630323779745E-1));
#8793=CARTESIAN_POINT('',(8.320877166737E-1,2.745820397397E0,
-2.154710692469E-1));
#8794=CARTESIAN_POINT('',(8.000402514253E-1,2.705864208766E0,
3.142186307951E-1));
#8795=CARTESIAN_POINT('',(4.630515359815E-1,2.665908020135E0,
7.241415700572E-1));
#8796=CARTESIAN_POINT('',(-5.043268038180E-2,2.625951831503E0,
8.580526425182E-1));
#8797=CARTESIAN_POINT('',(-5.446941461236E-1,2.585995642872E0,
6.649104745194E-1));
#8798=CARTESIAN_POINT('',(-8.313412762913E-1,2.546039454240E0,
2.183333005047E-1));
#8799=CARTESIAN_POINT('',(-8.011170685650E-1,2.506083265609E0,
-3.114651988344E-1));
#8800=CARTESIAN_POINT('',(-4.655392124844E-1,2.466127076978E0,
-7.225390633400E-1));
#8801=CARTESIAN_POINT('',(4.747502089298E-2,2.426170888346E0,
-8.582393547526E-1));
#8802=CARTESIAN_POINT('',(5.424211555790E-1,2.386214699715E0,
-6.667126581542E-1));
#8803=CARTESIAN_POINT('',(7.344852978375E-1,2.359577240627E0,
-3.698688038641E-1));
#8804=CARTESIAN_POINT('',(7.778212345793E-1,2.346258511084E0,
-2.071407343563E-1));
#8805=B_SPLINE_SURFACE_WITH_KNOTS('',3,3,((#8665,#8666,#8667,#8668,#8669,#8670,
#8671,#8672,#8673,#8674,#8675,#8676,#8677,#8678,#8679,#8680,#8681,#8682,#8683,
#8684,#8685,#8686,#8687,#8688,#8689,#8690,#8691,#8692,#8693,#8694,#8695,#8696,
#8697,#8698,#8699),(#8700,#8701,#8702,#8703,#8704,#8705,#8706,#8707,#8708,#8709,
#8710,#8711,#8712,#8713,#8714,#8715,#8716,#8717,#8718,#8719,#8720,#8721,#8722,
#8723,#8724,#8725,#8726,#8727,#8728,#8729,#8730,#8731,#8732,#8733,#8734),(#8735,
#8736,#8737,#8738,#8739,#8740,#8741,#8742,#8743,#8744,#8745,#8746,#8747,#8748,
#8749,#8750,#8751,#8752,#8753,#8754,#8755,#8756,#8757,#8758,#8759,#8760,#8761,
#8762,#8763,#8764,#8765,#8766,#8767,#8768,#8769),(#8770,#8771,#8772,#8773,#8774,
#8775,#8776,#8777,#8778,#8779,#8780,#8781,#8782,#8783,#8784,#8785,#8786,#8787,
#8788,#8789,#8790,#8791,#8792,#8793,#8794,#8795,#8796,#8797,#8798,#8799,#8800,
#8801,#8802,#8803,#8804)),.UNSPECIFIED.,.F.,.F.,.F.,(4,4),(4,1,1,1,1,1,1,1,1,1,
1,1,1,1,1,1,1,1,1,1,1,1,1,1,1,1,1,1,1,1,1,1,4),(-3.485130413038E-2,
1.034851304130E0),(-2.E-2,1.25E-2,4.5E-2,7.75E-2,1.1E-1,1.425E-1,1.75E-1,
2.075E-1,2.4E-1,2.725E-1,3.05E-1,3.375E-1,3.7E-1,4.025E-1,4.35E-1,4.675E-1,
5.E-1,5.325E-1,5.65E-1,5.975E-1,6.3E-1,6.625E-1,6.95E-1,7.275E-1,7.6E-1,
7.925E-1,8.25E-1,8.575E-1,8.9E-1,9.225E-1,9.55E-1,9.875E-1,1.02E0),
.UNSPECIFIED.);
#8806=ORIENTED_EDGE('',*,*,#7757,.T.);
#8807=ORIENTED_EDGE('',*,*,#7901,.T.);
#8808=ORIENTED_EDGE('',*,*,#7773,.T.);
#8809=ORIENTED_EDGE('',*,*,#7959,.T.);
#8810=ORIENTED_EDGE('',*,*,#7789,.T.);
#8811=ORIENTED_EDGE('',*,*,#7975,.T.);
#8813=ORIENTED_EDGE('',*,*,#8812,.F.);
#8814=ORIENTED_EDGE('',*,*,#8340,.F.);
#8815=ORIENTED_EDGE('',*,*,#8656,.T.);
#8816=ORIENTED_EDGE('',*,*,#7927,.T.);
#8817=EDGE_LOOP('',(#8806,#8807,#8808,#8809,#8810,#8811,#8813,#8814,#8815,
#8816));
#8818=FACE_OUTER_BOUND('',#8817,.F.);
#8820=CARTESIAN_POINT('',(5.158375992955E-1,2.279019061385E0,
-8.643458050787E-1));
#8821=CARTESIAN_POINT('',(6.966674841002E-1,2.265700331841E0,
-7.564273618926E-1));
#8822=CARTESIAN_POINT('',(9.877770639430E-1,2.239062872754E0,
-4.236614342267E-1));
#8823=CARTESIAN_POINT('',(1.048368926141E0,2.199106684122E0,2.372233821623E-1));
#8824=CARTESIAN_POINT('',(7.092530838777E-1,2.159150495491E0,
8.076206314191E-1));
#8825=CARTESIAN_POINT('',(9.983077947860E-2,2.119194306859E0,1.070205569149E0));
#8826=CARTESIAN_POINT('',(-5.476509590061E-1,2.079238118228E0,
9.248688631920E-1));
#8827=CARTESIAN_POINT('',(-9.863892958784E-1,2.039281929597E0,
4.270128734907E-1));
#8828=CARTESIAN_POINT('',(-1.049158659819E0,1.999325740965E0,
-2.336025761832E-1));
#8829=CARTESIAN_POINT('',(-7.120332983359E-1,1.959369552334E0,
-8.051785854683E-1));
#8830=CARTESIAN_POINT('',(-1.035112314273E-1,1.919413363702E0,
-1.069854858533E0));
#8831=CARTESIAN_POINT('',(5.444649167478E-1,1.879457175071E0,
-9.267480481718E-1));
#8832=CARTESIAN_POINT('',(9.849142397983E-1,1.839500986440E0,
-4.304043800901E-1));
#8833=CARTESIAN_POINT('',(1.049956230827E0,1.799544797808E0,2.299910950611E-1));
#8834=CARTESIAN_POINT('',(7.147996538040E-1,1.759588609177E0,
8.027237664761E-1));
#8835=CARTESIAN_POINT('',(1.071919123598E-1,1.719632420546E0,1.069492348873E0));
#8836=CARTESIAN_POINT('',(-5.412728177539E-1,1.679676231914E0,
9.286160278229E-1));
#8837=CARTESIAN_POINT('',(-9.834274178665E-1,1.639720043283E0,
4.337908530117E-1));
#8838=CARTESIAN_POINT('',(-1.050741398301E0,1.599763854651E0,
-2.263769075353E-1));
#8839=CARTESIAN_POINT('',(-7.175575385211E-1,1.559807666020E0,
-8.002594387349E-1));
#8840=CARTESIAN_POINT('',(-1.108713261479E-1,1.519851477389E0,
-1.069117177573E0));
#8841=CARTESIAN_POINT('',(5.380743106183E-1,1.479895288757E0,
-9.304730123509E-1));
#8842=CARTESIAN_POINT('',(9.819289519420E-1,1.439939100126E0,
-4.371721897561E-1));
#8843=CARTESIAN_POINT('',(1.051514125124E0,1.399982911494E0,2.227600391080E-1));
#8844=CARTESIAN_POINT('',(7.203069268524E-1,1.360026722863E0,
7.977856381804E-1));
#8845=CARTESIAN_POINT('',(1.145494289690E-1,1.320070534232E0,1.068729339337E0));
#8846=CARTESIAN_POINT('',(-5.348694391993E-1,1.280114345600E0,
9.323190119708E-1));
#8847=CARTESIAN_POINT('',(-9.804188355593E-1,1.240158156969E0,
4.405482312197E-1));
#8848=CARTESIAN_POINT('',(-1.052274492991E0,1.200201968337E0,
-2.191400885330E-1));
#8849=CARTESIAN_POINT('',(-7.230474470803E-1,1.160245779706E0,
-7.953040513164E-1));
#8850=CARTESIAN_POINT('',(-1.182274430896E-1,1.120289591075E0,
-1.068322653969E0));
#8851=CARTESIAN_POINT('',(5.316629655408E-1,1.080333402443E0,
-9.341770867530E-1));
#8852=CARTESIAN_POINT('',(9.788794560229E-1,1.040377213812E0,
-4.438327945063E-1));
#8853=CARTESIAN_POINT('',(1.028352012743E0,1.013739754724E0,
-4.480525565807E-3));
#8854=CARTESIAN_POINT('',(9.861276874919E-1,1.000421025181E0,
2.018273607965E-1));
#8855=CARTESIAN_POINT('',(4.813929002117E-1,2.317824493800E0,
-8.066297114846E-1));
#8856=CARTESIAN_POINT('',(6.501479944700E-1,2.304505764256E0,
-7.059174477360E-1));
#8857=CARTESIAN_POINT('',(9.218189333688E-1,2.277868305169E0,
-3.953717348421E-1));
#8858=CARTESIAN_POINT('',(9.783648158567E-1,2.237912116537E0,
2.213829548158E-1));
#8859=CARTESIAN_POINT('',(6.618931995230E-1,2.197955927906E0,
7.536923220809E-1));
#8860=CARTESIAN_POINT('',(9.316464819399E-2,2.157999739274E0,
9.987433321245E-1));
#8861=CARTESIAN_POINT('',(-5.110819448208E-1,2.118043550643E0,
8.631113842333E-1));
#8862=CARTESIAN_POINT('',(-9.205238325574E-1,2.078087362012E0,
3.984993840662E-1));
#8863=CARTESIAN_POINT('',(-9.791018156141E-1,2.038131173380E0,
-2.180039256528E-1));
#8864=CARTESIAN_POINT('',(-6.644877670828E-1,1.998174984749E0,
-7.514133420602E-1));
#8865=CARTESIAN_POINT('',(-9.659934050818E-2,1.958218796117E0,
-9.984160399672E-1));
#8866=CARTESIAN_POINT('',(5.081086483318E-1,1.918262607486E0,
-8.648650879351E-1));
#8867=CARTESIAN_POINT('',(9.191472723272E-1,1.878306418855E0,
-4.016644251570E-1));
#8868=CARTESIAN_POINT('',(9.798461293703E-1,1.838350230223E0,
2.146335986860E-1));
#8869=CARTESIAN_POINT('',(6.670694010770E-1,1.798394041592E0,
7.491224419091E-1));
#8870=CARTESIAN_POINT('',(1.000342465159E-1,1.758437852960E0,
9.980777366389E-1));
#8871=CARTESIAN_POINT('',(-5.051296995414E-1,1.718481664329E0,
8.666083345364E-1));
#8872=CARTESIAN_POINT('',(-9.177597319020E-1,1.678525475698E0,
4.048247686904E-1));
#8873=CARTESIAN_POINT('',(-9.805788678286E-1,1.638569287066E0,
-2.112607460336E-1));
#8874=CARTESIAN_POINT('',(-6.696431299487E-1,1.598613098435E0,
-7.468226679492E-1));
#8875=CARTESIAN_POINT('',(-1.034679699920E-1,1.558656909803E0,
-9.977276171435E-1));
#8876=CARTESIAN_POINT('',(5.021447705087E-1,1.518700721172E0,
-8.683413202063E-1));
#8877=CARTESIAN_POINT('',(9.163613250038E-1,1.478744532541E0,
-4.079803190113E-1));
#8878=CARTESIAN_POINT('',(9.812999963525E-1,1.438788343909E0,
2.078853914952E-1));
#8879=CARTESIAN_POINT('',(6.722089297749E-1,1.398832155278E0,
7.445140537165E-1));
#8880=CARTESIAN_POINT('',(1.069004700400E-1,1.358875966647E0,
9.973656765369E-1));
#8881=CARTESIAN_POINT('',(-4.991539021631E-1,1.318919778015E0,
8.700640544778E-1));
#8882=CARTESIAN_POINT('',(-9.149520455986E-1,1.278963589384E0,
4.111309276400E-1));
#8883=CARTESIAN_POINT('',(-9.820095911808E-1,1.239007400752E0,
-2.045071606172E-1));
#8884=CARTESIAN_POINT('',(-6.747664536591E-1,1.199051212121E0,
-7.421981730998E-1));
#8885=CARTESIAN_POINT('',(-1.103328873103E-1,1.159095023490E0,
-9.969861473041E-1));
#8886=CARTESIAN_POINT('',(4.961615385663E-1,1.119138834858E0,
-8.717980576009E-1));
#8887=CARTESIAN_POINT('',(9.135154570665E-1,1.079182646227E0,
-4.141961664839E-1));
#8888=CARTESIAN_POINT('',(9.596845180132E-1,1.052545187139E0,
-4.181341568630E-3));
#8889=CARTESIAN_POINT('',(9.202796928900E-1,1.039226457595E0,
1.883504783067E-1));
#8890=CARTESIAN_POINT('',(4.469482011279E-1,2.356629926215E0,
-7.489136178905E-1));
#8891=CARTESIAN_POINT('',(6.036285048398E-1,2.343311196671E0,
-6.554075335794E-1));
#8892=CARTESIAN_POINT('',(8.558608027947E-1,2.316673737583E0,
-3.670820354575E-1));
#8893=CARTESIAN_POINT('',(9.083607055726E-1,2.276717548952E0,
2.055425274694E-1));
#8894=CARTESIAN_POINT('',(6.145333151683E-1,2.236761360321E0,
6.997640127426E-1));
#8895=CARTESIAN_POINT('',(8.649851690934E-2,2.196805171689E0,
9.272810950997E-1));
#8896=CARTESIAN_POINT('',(-4.745129306356E-1,2.156848983058E0,
8.013539052745E-1));
#8897=CARTESIAN_POINT('',(-8.546583692363E-1,2.116892794427E0,
3.699858946416E-1));
#8898=CARTESIAN_POINT('',(-9.090449714097E-1,2.076936605795E0,
-2.024052751225E-1));
#8899=CARTESIAN_POINT('',(-6.169422358296E-1,2.036980417164E0,
-6.976480986521E-1));
#8900=CARTESIAN_POINT('',(-8.968744958901E-2,1.997024228532E0,
-9.269772214014E-1));
#8901=CARTESIAN_POINT('',(4.717523799158E-1,1.957068039901E0,
-8.029821276984E-1));
#8902=CARTESIAN_POINT('',(8.533803048562E-1,1.917111851270E0,
-3.729244702238E-1));
#8903=CARTESIAN_POINT('',(9.097360279131E-1,1.877155662638E0,
1.992761023109E-1));
#8904=CARTESIAN_POINT('',(6.193391483499E-1,1.837199474007E0,
6.955211173422E-1));
#8905=CARTESIAN_POINT('',(9.287658067202E-2,1.797243285375E0,
9.266631244050E-1));
#8906=CARTESIAN_POINT('',(-4.689865813290E-1,1.757287096744E0,
8.046006412499E-1));
#8907=CARTESIAN_POINT('',(-8.520920459377E-1,1.717330908113E0,
3.758586843691E-1));
#8908=CARTESIAN_POINT('',(-9.104163373562E-1,1.677374719481E0,
-1.961445845320E-1));
#8909=CARTESIAN_POINT('',(-6.217287213762E-1,1.637418530850E0,
-6.933858971636E-1));
#8910=CARTESIAN_POINT('',(-9.606461383607E-2,1.597462342218E0,
-9.263380567137E-1));
#8911=CARTESIAN_POINT('',(4.662152303990E-1,1.557506153587E0,
-8.062096280617E-1));
#8912=CARTESIAN_POINT('',(8.507936980656E-1,1.517549964956E0,
-3.787884482664E-1));
#8913=CARTESIAN_POINT('',(9.110858675807E-1,1.477593776324E0,
1.930107438824E-1));
#8914=CARTESIAN_POINT('',(6.241109326973E-1,1.437637587693E0,
6.912424692526E-1));
#8915=CARTESIAN_POINT('',(9.925151111096E-2,1.397681399061E0,
9.260020137373E-1));
#8916=CARTESIAN_POINT('',(-4.634383651268E-1,1.357725210430E0,
8.078090969848E-1));
#8917=CARTESIAN_POINT('',(-8.494852556378E-1,1.317769021799E0,
3.817136240604E-1));
#8918=CARTESIAN_POINT('',(-9.117446893704E-1,1.277812833167E0,
-1.898742327015E-1));
#8919=CARTESIAN_POINT('',(-6.264854602378E-1,1.237856644536E0,
-6.890922948832E-1));
#8920=CARTESIAN_POINT('',(-1.024383315311E-1,1.197900455905E0,
-9.256496406387E-1));
#8921=CARTESIAN_POINT('',(4.606601115919E-1,1.157944267273E0,
-8.094190284489E-1));
#8922=CARTESIAN_POINT('',(8.481514581101E-1,1.117988078642E0,
-3.845595384615E-1));
#8923=CARTESIAN_POINT('',(8.910170232832E-1,1.091350619554E0,
-3.882157571453E-3));
#8924=CARTESIAN_POINT('',(8.544316982881E-1,1.078031890010E0,
1.748735958169E-1));
#8925=CARTESIAN_POINT('',(4.125035020441E-1,2.395435358630E0,
-6.911975242964E-1));
#8926=CARTESIAN_POINT('',(5.571090152096E-1,2.382116629086E0,
-6.048976194229E-1));
#8927=CARTESIAN_POINT('',(7.899026722205E-1,2.355479169998E0,
-3.387923360728E-1));
#8928=CARTESIAN_POINT('',(8.383565952886E-1,2.315522981367E0,
1.897021001229E-1));
#8929=CARTESIAN_POINT('',(5.671734308137E-1,2.275566792736E0,
6.458357034044E-1));
#8930=CARTESIAN_POINT('',(7.983238562474E-2,2.235610604104E0,
8.558188580749E-1));
#8931=CARTESIAN_POINT('',(-4.379439164503E-1,2.195654415473E0,
7.395964263157E-1));
#8932=CARTESIAN_POINT('',(-7.887929059153E-1,2.155698226842E0,
3.414724052170E-1));
#8933=CARTESIAN_POINT('',(-8.389881272053E-1,2.115742038210E0,
-1.868066245922E-1));
#8934=CARTESIAN_POINT('',(-5.693967045765E-1,2.075785849579E0,
-6.438828552440E-1));
#8935=CARTESIAN_POINT('',(-8.277555866990E-2,2.035829660947E0,
-8.555384028355E-1));
#8936=CARTESIAN_POINT('',(4.353961114998E-1,1.995873472316E0,
-7.410991674618E-1));
#8937=CARTESIAN_POINT('',(7.876133373852E-1,1.955917283685E0,
-3.441845152907E-1));
#8938=CARTESIAN_POINT('',(8.396259264560E-1,1.915961095053E0,
1.839186059358E-1));
#8939=CARTESIAN_POINT('',(5.716088956229E-1,1.876004906422E0,
6.419197927752E-1));
#8940=CARTESIAN_POINT('',(8.571891482818E-2,1.836048717790E0,
8.552485121711E-1));
#8941=CARTESIAN_POINT('',(-4.328434631165E-1,1.796092529159E0,
7.425929479634E-1));
#8942=CARTESIAN_POINT('',(-7.864243599732E-1,1.756136340528E0,
3.468926000477E-1));
#8943=CARTESIAN_POINT('',(-8.402538068838E-1,1.716180151896E0,
-1.810284230304E-1));
#8944=CARTESIAN_POINT('',(-5.738143128037E-1,1.676223963265E0,
-6.399491263779E-1));
#8945=CARTESIAN_POINT('',(-8.866125768018E-2,1.636267774633E0,
-8.549484962840E-1));
#8946=CARTESIAN_POINT('',(4.302856902893E-1,1.596311586002E0,
-7.440779359171E-1));
#8947=CARTESIAN_POINT('',(7.852260711273E-1,1.556355397371E0,
-3.495965775216E-1));
#8948=CARTESIAN_POINT('',(8.408717388089E-1,1.516399208739E0,
1.781360962695E-1));
#8949=CARTESIAN_POINT('',(5.760129356197E-1,1.476443020108E0,
6.379708847888E-1));
#8950=CARTESIAN_POINT('',(9.160255218193E-2,1.436486831476E0,
8.546383509377E-1));
#8951=CARTESIAN_POINT('',(-4.277228280905E-1,1.396530642845E0,
7.455541394917E-1));
#8952=CARTESIAN_POINT('',(-7.840184656771E-1,1.356574454214E0,
3.522963204808E-1));
#8953=CARTESIAN_POINT('',(-8.414797875599E-1,1.316618265582E0,
-1.752413047858E-1));
#8954=CARTESIAN_POINT('',(-5.782044668166E-1,1.276662076951E0,
-6.359864166666E-1));
#8955=CARTESIAN_POINT('',(-9.454377575183E-2,1.236705888320E0,
-8.543131339733E-1));
#8956=CARTESIAN_POINT('',(4.251586846175E-1,1.196749699688E0,
-7.470399992968E-1));
#8957=CARTESIAN_POINT('',(7.827874591537E-1,1.156793511057E0,
-3.549229104390E-1));
#8958=CARTESIAN_POINT('',(8.223495285532E-1,1.130156051969E0,
-3.582973574276E-3));
#8959=CARTESIAN_POINT('',(7.885837036862E-1,1.116837322425E0,
1.613967133271E-1));
#8960=B_SPLINE_SURFACE_WITH_KNOTS('',3,3,((#8820,#8821,#8822,#8823,#8824,#8825,
#8826,#8827,#8828,#8829,#8830,#8831,#8832,#8833,#8834,#8835,#8836,#8837,#8838,
#8839,#8840,#8841,#8842,#8843,#8844,#8845,#8846,#8847,#8848,#8849,#8850,#8851,
#8852,#8853,#8854),(#8855,#8856,#8857,#8858,#8859,#8860,#8861,#8862,#8863,#8864,
#8865,#8866,#8867,#8868,#8869,#8870,#8871,#8872,#8873,#8874,#8875,#8876,#8877,
#8878,#8879,#8880,#8881,#8882,#8883,#8884,#8885,#8886,#8887,#8888,#8889),(#8890,
#8891,#8892,#8893,#8894,#8895,#8896,#8897,#8898,#8899,#8900,#8901,#8902,#8903,
#8904,#8905,#8906,#8907,#8908,#8909,#8910,#8911,#8912,#8913,#8914,#8915,#8916,
#8917,#8918,#8919,#8920,#8921,#8922,#8923,#8924),(#8925,#8926,#8927,#8928,#8929,
#8930,#8931,#8932,#8933,#8934,#8935,#8936,#8937,#8938,#8939,#8940,#8941,#8942,
#8943,#8944,#8945,#8946,#8947,#8948,#8949,#8950,#8951,#8952,#8953,#8954,#8955,
#8956,#8957,#8958,#8959)),.UNSPECIFIED.,.F.,.F.,.F.,(4,4),(4,1,1,1,1,1,1,1,1,1,
1,1,1,1,1,1,1,1,1,1,1,1,1,1,1,1,1,1,1,1,1,1,4),(-3.485130413038E-2,
1.034851304130E0),(-1.999999999999E-2,1.250000000001E-2,4.500000000001E-2,
7.750000000001E-2,1.1E-1,1.425E-1,1.75E-1,2.075E-1,2.4E-1,2.725E-1,3.05E-1,
3.375E-1,3.7E-1,4.025E-1,4.35E-1,4.675E-1,5.E-1,5.325E-1,5.65E-1,5.975E-1,
6.3E-1,6.625E-1,6.95E-1,7.275E-1,7.6E-1,7.925E-1,8.25E-1,8.575E-1,8.9E-1,
9.225E-1,9.55E-1,9.875E-1,1.02E0),.UNSPECIFIED.);
#8961=ORIENTED_EDGE('',*,*,#7805,.T.);
#8962=ORIENTED_EDGE('',*,*,#7945,.T.);
#8963=ORIENTED_EDGE('',*,*,#7821,.T.);
#8964=ORIENTED_EDGE('',*,*,#7989,.T.);
#8965=ORIENTED_EDGE('',*,*,#7837,.T.);
#8966=ORIENTED_EDGE('',*,*,#8005,.T.);
#8968=ORIENTED_EDGE('',*,*,#8967,.F.);
#8970=ORIENTED_EDGE('',*,*,#8969,.F.);
#8971=ORIENTED_EDGE('',*,*,#8812,.T.);
#8972=ORIENTED_EDGE('',*,*,#7973,.T.);
#8973=EDGE_LOOP('',(#8961,#8962,#8963,#8964,#8965,#8966,#8968,#8970,#8971,
#8972));
#8974=FACE_OUTER_BOUND('',#8973,.F.);
#8976=CARTESIAN_POINT('',(8.962671569231E-1,1.043355495648E0,
-4.581345686861E-1));
#8977=CARTESIAN_POINT('',(9.677805764472E-1,1.033418053688E0,
-3.182299782453E-1));
#8978=CARTESIAN_POINT('',(1.044017594348E0,1.013543169770E0,
-4.448245946657E-3));
#8979=CARTESIAN_POINT('',(9.336300012835E-1,9.837308438919E-1,
4.672851425722E-1));
#8980=CARTESIAN_POINT('',(6.222009646221E-1,9.539185180140E-1,
8.383760336451E-1));
#8981=CARTESIAN_POINT('',(1.768046466295E-1,9.241061921361E-1,
1.028956877007E0));
#8982=CARTESIAN_POINT('',(-3.066619055009E-1,8.942938662582E-1,
9.979828115949E-1));
#8983=CARTESIAN_POINT('',(-7.240983609281E-1,8.644815403803E-1,
7.521256234449E-1));
#8984=CARTESIAN_POINT('',(-9.856234849712E-1,8.346692145024E-1,
3.443221150708E-1));
#8985=CARTESIAN_POINT('',(-1.034926121209E0,8.048568886245E-1,
-1.376201011351E-1));
#8986=CARTESIAN_POINT('',(-8.613905497804E-1,7.750445627466E-1,
-5.899302439064E-1));
#8987=CARTESIAN_POINT('',(-5.023820946108E-1,7.452322368687E-1,
-9.152177892004E-1));
#8988=CARTESIAN_POINT('',(-3.520173666696E-2,7.154199109908E-1,
-1.043442479852E0));
#8989=CARTESIAN_POINT('',(4.395581885838E-1,6.856075851129E-1,
-9.469952321883E-1));
#8990=CARTESIAN_POINT('',(8.196733278690E-1,6.557952592350E-1,
-6.466428740293E-1));
#8991=CARTESIAN_POINT('',(1.023298053217E0,6.259829333570E-1,
-2.070566715533E-1));
#8992=CARTESIAN_POINT('',(1.006588297910E0,5.961706074791E-1,
2.771125573880E-1));
#8993=CARTESIAN_POINT('',(7.731419728878E-1,5.663582816012E-1,
7.016144672902E-1));
#8994=CARTESIAN_POINT('',(3.732242717775E-1,5.365459557233E-1,
9.750461598855E-1));
#8995=CARTESIAN_POINT('',(-1.070553295919E-1,5.067336298454E-1,
1.038532872546E0));
#8996=CARTESIAN_POINT('',(-5.642839925094E-1,4.769213039675E-1,
8.784047738659E-1));
#8997=CARTESIAN_POINT('',(-9.000121599901E-1,4.471089780896E-1,
5.291403243076E-1));
#8998=CARTESIAN_POINT('',(-1.041951517678E0,4.172966522116E-1,
6.594244332699E-2));
#8999=CARTESIAN_POINT('',(-9.595399680219E-1,3.874843263337E-1,
-4.114540319681E-1));
#9000=CARTESIAN_POINT('',(-6.705222012713E-1,3.576720004558E-1,
-8.002570521580E-1));
#9001=CARTESIAN_POINT('',(-2.371289385989E-1,3.278596745779E-1,
-1.016750330748E0));
#9002=CARTESIAN_POINT('',(2.473224399850E-1,2.980473487E-1,-1.014318975339E0));
#9003=CARTESIAN_POINT('',(6.785208875770E-1,2.682350228221E-1,
-7.934864805797E-1));
#9004=CARTESIAN_POINT('',(9.636214324044E-1,2.384226969442E-1,
-4.018021298288E-1));
#9005=CARTESIAN_POINT('',(1.041237501391E0,2.086103710662E-1,
7.639766690008E-2));
#9006=CARTESIAN_POINT('',(8.946543335156E-1,1.787980451883E-1,
5.381468551322E-1));
#9007=CARTESIAN_POINT('',(5.554437185973E-1,1.489857193104E-1,
8.840263905766E-1));
#9008=CARTESIAN_POINT('',(9.660724305790E-2,1.191733934325E-1,
1.039547769363E0));
#9009=CARTESIAN_POINT('',(-2.230795159465E-1,9.929850951389E-2,
9.940347543057E-1));
#9010=CARTESIAN_POINT('',(-3.692481345025E-1,8.936106755459E-2,
9.363962381228E-1));
#9011=CARTESIAN_POINT('',(8.364195371275E-1,1.082160928063E0,
-4.275429495799E-1));
#9012=CARTESIAN_POINT('',(9.031576975016E-1,1.072223486103E0,
-2.969803914469E-1));
#9013=CARTESIAN_POINT('',(9.743040412360E-1,1.052348602185E0,
-4.151217398733E-3));
#9014=CARTESIAN_POINT('',(8.712875033854E-1,1.022536276307E0,
4.360825002207E-1));
#9015=CARTESIAN_POINT('',(5.806539253498E-1,9.927239504290E-1,
7.823940535850E-1));
#9016=CARTESIAN_POINT('',(1.649986385795E-1,9.629116245511E-1,
9.602489928840E-1));
#9017=CARTESIAN_POINT('',(-2.861847687628E-1,9.330992986732E-1,
9.313431992767E-1));
#9018=CARTESIAN_POINT('',(-6.757471934613E-1,9.032869727953E-1,
7.019029548993E-1));
#9019=CARTESIAN_POINT('',(-9.198091581440E-1,8.734746469174E-1,
3.213302438739E-1));
#9020=CARTESIAN_POINT('',(-9.658196449311E-1,8.436623210395E-1,
-1.284306140214E-1));
#9021=CARTESIAN_POINT('',(-8.038717913158E-1,8.138499951616E-1,
-5.505380597005E-1));
#9022=CARTESIAN_POINT('',(-4.688358775503E-1,7.840376692837E-1,
-8.541047540354E-1));
#9023=CARTESIAN_POINT('',(-3.285116503671E-2,7.542253434057E-1,
-9.737673296130E-1));
#9024=CARTESIAN_POINT('',(4.102069944168E-1,7.244130175278E-1,
-8.837602802362E-1));
#9025=CARTESIAN_POINT('',(7.649402080576E-1,6.946006916499E-1,
-6.034637431535E-1));
#9026=CARTESIAN_POINT('',(9.549680331402E-1,6.647883657720E-1,
-1.932306054529E-1));
#9027=CARTESIAN_POINT('',(9.393740601922E-1,6.349760398941E-1,
2.586085579420E-1));
#9028=CARTESIAN_POINT('',(7.215159521372E-1,6.051637140162E-1,
6.547646462774E-1));
#9029=CARTESIAN_POINT('',(3.483024790472E-1,5.753513881383E-1,
9.099381266286E-1));
#9030=CARTESIAN_POINT('',(-9.990678396798E-2,5.455390622603E-1,
9.691855579406E-1));
#9031=CARTESIAN_POINT('',(-5.266043190107E-1,5.157267363824E-1,
8.197499023503E-1));
#9032=CARTESIAN_POINT('',(-8.399144702037E-1,4.859144105045E-1,
4.938073449575E-1));
#9033=CARTESIAN_POINT('',(-9.723759254077E-1,4.561020846266E-1,
6.153918226120E-2));
#9034=CARTESIAN_POINT('',(-8.954673500070E-1,4.262897587487E-1,
-3.839794734301E-1));
#9035=CARTESIAN_POINT('',(-6.257485448272E-1,3.964774328708E-1,
-7.468204407343E-1));
#9036=CARTESIAN_POINT('',(-2.212948176561E-1,3.666651069929E-1,
-9.488575303127E-1));
#9037=CARTESIAN_POINT('',(2.308076550341E-1,3.368527811149E-1,
-9.465885269805E-1));
#9038=CARTESIAN_POINT('',(6.332131243845E-1,3.070404552370E-1,
-7.405019693925E-1));
#9039=CARTESIAN_POINT('',(8.992762774270E-1,2.772281293591E-1,
-3.749720703835E-1));
#9040=CARTESIAN_POINT('',(9.717095870641E-1,2.474158034812E-1,
7.129626550811E-2));
#9041=CARTESIAN_POINT('',(8.349144088880E-1,2.176034776033E-1,
5.022124709128E-1));
#9042=CARTESIAN_POINT('',(5.183543482777E-1,1.877911517254E-1,
8.249961394914E-1));
#9043=CARTESIAN_POINT('',(9.015636118928E-2,1.579788258475E-1,
9.701326857247E-1));
#9044=CARTESIAN_POINT('',(-2.081835354886E-1,1.381039419288E-1,
9.276587707836E-1));
#9045=CARTESIAN_POINT('',(-3.445918455899E-1,1.281664999695E-1,
8.738690266722E-1));
#9046=CARTESIAN_POINT('',(7.765719173319E-1,1.120966360478E0,
-3.969513304737E-1));
#9047=CARTESIAN_POINT('',(8.385348185560E-1,1.111028918518E0,
-2.757308046486E-1));
#9048=CARTESIAN_POINT('',(9.045904881242E-1,1.091154034600E0,
-3.854188850808E-3));
#9049=CARTESIAN_POINT('',(8.089450054874E-1,1.061341708722E0,
4.048798578693E-1));
#9050=CARTESIAN_POINT('',(5.391068860775E-1,1.031529382844E0,
7.264120735250E-1));
#9051=CARTESIAN_POINT('',(1.531926305295E-1,1.001717056966E0,
8.915411087610E-1));
#9052=CARTESIAN_POINT('',(-2.657076320246E-1,9.719047310881E-1,
8.647035869585E-1));
#9053=CARTESIAN_POINT('',(-6.273960259944E-1,9.420924052102E-1,
6.516802863537E-1));
#9054=CARTESIAN_POINT('',(-8.539948313169E-1,9.122800793323E-1,
2.983383726770E-1));
#9055=CARTESIAN_POINT('',(-8.967131686531E-1,8.824677534544E-1,
-1.192411269077E-1));
#9056=CARTESIAN_POINT('',(-7.463530328513E-1,8.526554275765E-1,
-5.111458754945E-1));
#9057=CARTESIAN_POINT('',(-4.352896604897E-1,8.228431016986E-1,
-7.929917188705E-1));
#9058=CARTESIAN_POINT('',(-3.050059340644E-2,7.930307758207E-1,
-9.040921793741E-1));
#9059=CARTESIAN_POINT('',(3.808558002497E-1,7.632184499428E-1,
-8.205253282841E-1));
#9060=CARTESIAN_POINT('',(7.102070882462E-1,7.334061240649E-1,
-5.602846122777E-1));
#9061=CARTESIAN_POINT('',(8.866380130637E-1,7.035937981870E-1,
-1.794045393524E-1));
#9062=CARTESIAN_POINT('',(8.721598224745E-1,6.737814723090E-1,
2.401045584961E-1));
#9063=CARTESIAN_POINT('',(6.698899313866E-1,6.439691464311E-1,
6.079148252646E-1));
#9064=CARTESIAN_POINT('',(3.233806863168E-1,6.141568205532E-1,
8.448300933717E-1));
#9065=CARTESIAN_POINT('',(-9.275823834406E-2,5.843444946753E-1,
8.998382433355E-1));
#9066=CARTESIAN_POINT('',(-4.889246455120E-1,5.545321687974E-1,
7.610950308347E-1));
#9067=CARTESIAN_POINT('',(-7.798167804173E-1,5.247198429195E-1,
4.584743656075E-1));
#9068=CARTESIAN_POINT('',(-9.028003331372E-1,4.949075170416E-1,
5.713592119540E-2));
#9069=CARTESIAN_POINT('',(-8.313947319920E-1,4.650951911636E-1,
-3.565049148921E-1));
#9070=CARTESIAN_POINT('',(-5.809748883831E-1,4.352828652857E-1,
-6.933838293106E-1));
#9071=CARTESIAN_POINT('',(-2.054606967133E-1,4.054705394078E-1,
-8.809647298774E-1));
#9072=CARTESIAN_POINT('',(2.142928700832E-1,3.756582135299E-1,
-8.788580786218E-1));
#9073=CARTESIAN_POINT('',(5.879053611920E-1,3.458458876520E-1,
-6.875174582054E-1));
#9074=CARTESIAN_POINT('',(8.349311224495E-1,3.160335617741E-1,
-3.481420109383E-1));
#9075=CARTESIAN_POINT('',(9.021816727377E-1,2.862212358961E-1,
6.619486411614E-2));
#9076=CARTESIAN_POINT('',(7.751744842605E-1,2.564089100182E-1,
4.662780866933E-1));
#9077=CARTESIAN_POINT('',(4.812649779580E-1,2.265965841403E-1,
7.659658884063E-1));
#9078=CARTESIAN_POINT('',(8.370547932066E-2,1.967842582624E-1,
9.007176020863E-1));
#9079=CARTESIAN_POINT('',(-1.932875550308E-1,1.769093743438E-1,
8.612827872615E-1));
#9080=CARTESIAN_POINT('',(-3.199355566773E-1,1.669719323845E-1,
8.113418152215E-1));
#9081=CARTESIAN_POINT('',(7.167242975363E-1,1.159771792893E0,
-3.663597113676E-1));
#9082=CARTESIAN_POINT('',(7.739119396103E-1,1.149834350933E0,
-2.544812178502E-1));
#9083=CARTESIAN_POINT('',(8.348769350125E-1,1.129959467015E0,
-3.557160302884E-3));
#9084=CARTESIAN_POINT('',(7.466025075893E-1,1.100147141137E0,
3.736772155179E-1));
#9085=CARTESIAN_POINT('',(4.975598468052E-1,1.070334815259E0,
6.704300934650E-1));
#9086=CARTESIAN_POINT('',(1.413866224795E-1,1.040522489381E0,
8.228332246379E-1));
#9087=CARTESIAN_POINT('',(-2.452304952865E-1,1.010710163503E0,
7.980639746403E-1));
#9088=CARTESIAN_POINT('',(-5.790448585275E-1,9.808978376252E-1,
6.014576178081E-1));
#9089=CARTESIAN_POINT('',(-7.881805044897E-1,9.510855117473E-1,
2.753465014801E-1));
#9090=CARTESIAN_POINT('',(-8.276066923750E-1,9.212731858694E-1,
-1.100516397941E-1));
#9091=CARTESIAN_POINT('',(-6.888342743867E-1,8.914608599915E-1,
-4.717536912886E-1));
#9092=CARTESIAN_POINT('',(-4.017434434292E-1,8.616485341136E-1,
-7.318786837055E-1));
#9093=CARTESIAN_POINT('',(-2.815002177619E-2,8.318362082357E-1,
-8.344170291353E-1));
#9094=CARTESIAN_POINT('',(3.515046060827E-1,8.020238823577E-1,
-7.572903763320E-1));
#9095=CARTESIAN_POINT('',(6.554739684348E-1,7.722115564798E-1,
-5.171054814020E-1));
#9096=CARTESIAN_POINT('',(8.183079929872E-1,7.423992306019E-1,
-1.655784732520E-1));
#9097=CARTESIAN_POINT('',(8.049455847567E-1,7.125869047240E-1,
2.216005590501E-1));
#9098=CARTESIAN_POINT('',(6.182639106359E-1,6.827745788461E-1,
5.610650042519E-1));
#9099=CARTESIAN_POINT('',(2.984588935865E-1,6.529622529682E-1,
7.797220601149E-1));
#9100=CARTESIAN_POINT('',(-8.560969272010E-2,6.231499270903E-1,
8.304909287304E-1));
#9101=CARTESIAN_POINT('',(-4.512449720134E-1,5.933376012123E-1,
7.024401593191E-1));
#9102=CARTESIAN_POINT('',(-7.197190906309E-1,5.635252753344E-1,
4.231413862574E-1));
#9103=CARTESIAN_POINT('',(-8.332247408668E-1,5.337129494565E-1,
5.273266012961E-2));
#9104=CARTESIAN_POINT('',(-7.673221139771E-1,5.039006235786E-1,
-3.290303563540E-1));
#9105=CARTESIAN_POINT('',(-5.362012319390E-1,4.740882977007E-1,
-6.399472178870E-1));
#9106=CARTESIAN_POINT('',(-1.896265757704E-1,4.442759718228E-1,
-8.130719294422E-1));
#9107=CARTESIAN_POINT('',(1.977780851323E-1,4.144636459448E-1,
-8.111276302632E-1));
#9108=CARTESIAN_POINT('',(5.425975979995E-1,3.846513200669E-1,
-6.345329470182E-1));
#9109=CARTESIAN_POINT('',(7.705859674720E-1,3.548389941890E-1,
-3.213119514931E-1));
#9110=CARTESIAN_POINT('',(8.326537584112E-1,3.250266683111E-1,
6.109346272417E-2));
#9111=CARTESIAN_POINT('',(7.154345596329E-1,2.952143424332E-1,
4.303437024739E-1));
#9112=CARTESIAN_POINT('',(4.441756076383E-1,2.654020165553E-1,
7.069356373212E-1));
#9113=CARTESIAN_POINT('',(7.725459745205E-2,2.355896906774E-1,
8.313025184478E-1));
#9114=CARTESIAN_POINT('',(-1.783915745729E-1,2.157148067588E-1,
7.949068037394E-1));
#9115=CARTESIAN_POINT('',(-2.952792677648E-1,2.057773647995E-1,
7.488146037708E-1));
#9116=B_SPLINE_SURFACE_WITH_KNOTS('',3,3,((#8976,#8977,#8978,#8979,#8980,#8981,
#8982,#8983,#8984,#8985,#8986,#8987,#8988,#8989,#8990,#8991,#8992,#8993,#8994,
#8995,#8996,#8997,#8998,#8999,#9000,#9001,#9002,#9003,#9004,#9005,#9006,#9007,
#9008,#9009,#9010),(#9011,#9012,#9013,#9014,#9015,#9016,#9017,#9018,#9019,#9020,
#9021,#9022,#9023,#9024,#9025,#9026,#9027,#9028,#9029,#9030,#9031,#9032,#9033,
#9034,#9035,#9036,#9037,#9038,#9039,#9040,#9041,#9042,#9043,#9044,#9045),(#9046,
#9047,#9048,#9049,#9050,#9051,#9052,#9053,#9054,#9055,#9056,#9057,#9058,#9059,
#9060,#9061,#9062,#9063,#9064,#9065,#9066,#9067,#9068,#9069,#9070,#9071,#9072,
#9073,#9074,#9075,#9076,#9077,#9078,#9079,#9080),(#9081,#9082,#9083,#9084,#9085,
#9086,#9087,#9088,#9089,#9090,#9091,#9092,#9093,#9094,#9095,#9096,#9097,#9098,
#9099,#9100,#9101,#9102,#9103,#9104,#9105,#9106,#9107,#9108,#9109,#9110,#9111,
#9112,#9113,#9114,#9115)),.UNSPECIFIED.,.F.,.F.,.F.,(4,4),(4,1,1,1,1,1,1,1,1,1,
1,1,1,1,1,1,1,1,1,1,1,1,1,1,1,1,1,1,1,1,1,1,4),(-3.485130413038E-2,
1.034851304130E0),(-1.492250732568E-2,9.326567078556E-3,3.357564148279E-2,
5.782471588702E-2,8.207379029125E-2,1.063228646955E-1,1.305719390997E-1,
1.548210135039E-1,1.790700879082E-1,2.033191623124E-1,2.275682367166E-1,
2.518173111209E-1,2.760663855251E-1,3.003154599293E-1,3.245645343336E-1,
3.488136087378E-1,3.730626831420E-1,3.973117575463E-1,4.215608319505E-1,
4.458099063547E-1,4.700589807590E-1,4.943080551632E-1,5.185571295674E-1,
5.428062039716E-1,5.670552783759E-1,5.913043527801E-1,6.155534271843E-1,
6.398025015886E-1,6.640515759928E-1,6.883006503970E-1,7.125497248013E-1,
7.367987992055E-1,7.610478736097E-1),.UNSPECIFIED.);
#9117=ORIENTED_EDGE('',*,*,#7853,.T.);
#9118=ORIENTED_EDGE('',*,*,#8021,.T.);
#9119=ORIENTED_EDGE('',*,*,#7869,.T.);
#9120=ORIENTED_EDGE('',*,*,#8035,.T.);
#9121=ORIENTED_EDGE('',*,*,#7885,.T.);
#9123=ORIENTED_EDGE('',*,*,#9122,.T.);
#9125=ORIENTED_EDGE('',*,*,#9124,.F.);
#9126=ORIENTED_EDGE('',*,*,#8967,.T.);
#9127=ORIENTED_EDGE('',*,*,#8003,.T.);
#9128=EDGE_LOOP('',(#9117,#9118,#9119,#9120,#9121,#9123,#9125,#9126,#9127));
#9129=FACE_OUTER_BOUND('',#9128,.F.);
#9131=CARTESIAN_POINT('',(0.E0,1.5E-1,0.E0));
#9132=DIRECTION('',(0.E0,-1.E0,0.E0));
#9133=DIRECTION('',(1.E0,0.E0,0.E0));
#9134=AXIS2_PLACEMENT_3D('',#9131,#9132,#9133);
#9135=CONICAL_SURFACE('',#9134,9.615E-1,4.5E1);
#9137=ORIENTED_EDGE('',*,*,#9136,.F.);
#9138=ORIENTED_EDGE('',*,*,#9122,.F.);
#9139=ORIENTED_EDGE('',*,*,#7883,.T.);
#9141=ORIENTED_EDGE('',*,*,#9140,.F.);
#9143=ORIENTED_EDGE('',*,*,#9142,.F.);
#9144=ORIENTED_EDGE('',*,*,#7293,.F.);
#9146=ORIENTED_EDGE('',*,*,#9145,.T.);
#9148=ORIENTED_EDGE('',*,*,#9147,.F.);
#9149=EDGE_LOOP('',(#9137,#9138,#9139,#9141,#9143,#9144,#9146,#9148));
#9150=FACE_OUTER_BOUND('',#9149,.F.);
#9152=CARTESIAN_POINT('',(8.904175845759E-1,9.895626098964E-1,
-4.551445101041E-1));
#9153=CARTESIAN_POINT('',(9.614642650055E-1,9.796251679371E-1,
-3.161530202018E-1));
#9154=CARTESIAN_POINT('',(1.037203714800E0,9.597502840185E-1,
-4.419214048879E-3));
#9155=CARTESIAN_POINT('',(9.275365767998E-1,9.299379581406E-1,
4.642353619045E-1));
#9156=CARTESIAN_POINT('',(6.181401111937E-1,9.001256322627E-1,
8.329042931880E-1));
#9157=CARTESIAN_POINT('',(1.756507143853E-1,8.703133063848E-1,
1.022241292655E0));
#9158=CARTESIAN_POINT('',(-3.046604475779E-1,8.405009805069E-1,
9.914693824097E-1));
#9159=CARTESIAN_POINT('',(-7.193724645077E-1,8.106886546290E-1,
7.472168044455E-1));
#9160=CARTESIAN_POINT('',(-9.791907200999E-1,7.808763287511E-1,
3.420748642291E-1));
#9161=CARTESIAN_POINT('',(-1.028171578020E0,7.510640028732E-1,
-1.367219105322E-1));
#9162=CARTESIAN_POINT('',(-8.557686029076E-1,7.212516769953E-1,
-5.860800083881E-1));
#9163=CARTESIAN_POINT('',(-4.991032503671E-1,6.914393511174E-1,
-9.092445337598E-1));
#9164=CARTESIAN_POINT('',(-3.497198920406E-2,6.616270252395E-1,
-1.036632353843E0));
#9165=CARTESIAN_POINT('',(4.366893705032E-1,6.318146993616E-1,
-9.408145782613E-1));
#9166=CARTESIAN_POINT('',(8.143236523896E-1,6.020023734836E-1,
-6.424224981680E-1));
#9167=CARTESIAN_POINT('',(1.016619401713E0,5.721900476057E-1,
-2.057052966080E-1));
#9168=CARTESIAN_POINT('',(1.000018704205E0,5.423777217278E-1,
2.753039560795E-1));
#9169=CARTESIAN_POINT('',(7.680959886965E-1,5.125653958499E-1,
6.970353141275E-1));
#9170=CARTESIAN_POINT('',(3.707883882771E-1,4.827530699720E-1,
9.686824289265E-1));
#9171=CARTESIAN_POINT('',(-1.063566228606E-1,4.529407440941E-1,
1.031754789553E0));
#9172=CARTESIAN_POINT('',(-5.606011396758E-1,4.231284182162E-1,
8.726717820508E-1));
#9173=CARTESIAN_POINT('',(-8.941381455263E-1,3.933160923382E-1,
5.256868399476E-1));
#9174=CARTESIAN_POINT('',(-1.035151122575E0,3.635037664603E-1,
6.551206373536E-2));
#9175=CARTESIAN_POINT('',(-9.532774396903E-1,3.336914405824E-1,
-4.087686383230E-1));
#9176=CARTESIAN_POINT('',(-6.661459747228E-1,3.038791147045E-1,
-7.950340988380E-1));
#9177=CARTESIAN_POINT('',(-2.355812941592E-1,2.740667888266E-1,
-1.010114413574E0));
#9178=CARTESIAN_POINT('',(2.457082666946E-1,2.442544629487E-1,
-1.007698926637E0));
#9179=CARTESIAN_POINT('',(6.740924568460E-1,2.144421370708E-1,
-7.883077160353E-1));
#9180=CARTESIAN_POINT('',(9.573322660096E-1,1.846298111928E-1,
-3.991797302356E-1));
#9181=CARTESIAN_POINT('',(1.034441766382E0,1.548174853149E-1,
7.589905030320E-2));
#9182=CARTESIAN_POINT('',(8.888152874129E-1,1.250051594370E-1,
5.346345887972E-1));
#9183=CARTESIAN_POINT('',(5.518185626474E-1,9.519283355910E-2,
8.782567087484E-1));
#9184=CARTESIAN_POINT('',(9.597672675129E-2,6.538050768119E-2,
1.032763062551E0));
#9185=CARTESIAN_POINT('',(-2.216235663921E-1,4.550562376258E-2,
9.875470924897E-1));
#9186=CARTESIAN_POINT('',(-3.668382016380E-1,3.556818180328E-2,
9.302847595328E-1));
#9187=CARTESIAN_POINT('',(8.904175845759E-1,1.011286457565E0,
-4.551445101041E-1));
#9188=CARTESIAN_POINT('',(9.614642650055E-1,1.001349015606E0,
-3.161530202018E-1));
#9189=CARTESIAN_POINT('',(1.037203714800E0,9.814741316869E-1,
-4.419214048879E-3));
#9190=CARTESIAN_POINT('',(9.275365767998E-1,9.516618058090E-1,
4.642353619045E-1));
#9191=CARTESIAN_POINT('',(6.181401111937E-1,9.218494799311E-1,
8.329042931880E-1));
#9192=CARTESIAN_POINT('',(1.756507143853E-1,8.920371540532E-1,
1.022241292655E0));
#9193=CARTESIAN_POINT('',(-3.046604475779E-1,8.622248281753E-1,
9.914693824097E-1));
#9194=CARTESIAN_POINT('',(-7.193724645077E-1,8.324125022974E-1,
7.472168044455E-1));
#9195=CARTESIAN_POINT('',(-9.791907200999E-1,8.026001764195E-1,
3.420748642291E-1));
#9196=CARTESIAN_POINT('',(-1.028171578020E0,7.727878505416E-1,
-1.367219105322E-1));
#9197=CARTESIAN_POINT('',(-8.557686029076E-1,7.429755246637E-1,
-5.860800083881E-1));
#9198=CARTESIAN_POINT('',(-4.991032503671E-1,7.131631987858E-1,
-9.092445337598E-1));
#9199=CARTESIAN_POINT('',(-3.497198920406E-2,6.833508729079E-1,
-1.036632353843E0));
#9200=CARTESIAN_POINT('',(4.366893705032E-1,6.535385470300E-1,
-9.408145782613E-1));
#9201=CARTESIAN_POINT('',(8.143236523896E-1,6.237262211521E-1,
-6.424224981680E-1));
#9202=CARTESIAN_POINT('',(1.016619401713E0,5.939138952742E-1,
-2.057052966080E-1));
#9203=CARTESIAN_POINT('',(1.000018704205E0,5.641015693962E-1,
2.753039560795E-1));
#9204=CARTESIAN_POINT('',(7.680959886965E-1,5.342892435183E-1,
6.970353141275E-1));
#9205=CARTESIAN_POINT('',(3.707883882771E-1,5.044769176404E-1,
9.686824289265E-1));
#9206=CARTESIAN_POINT('',(-1.063566228606E-1,4.746645917625E-1,
1.031754789553E0));
#9207=CARTESIAN_POINT('',(-5.606011396758E-1,4.448522658846E-1,
8.726717820508E-1));
#9208=CARTESIAN_POINT('',(-8.941381455263E-1,4.150399400067E-1,
5.256868399476E-1));
#9209=CARTESIAN_POINT('',(-1.035151122575E0,3.852276141287E-1,
6.551206373536E-2));
#9210=CARTESIAN_POINT('',(-9.532774396903E-1,3.554152882508E-1,
-4.087686383230E-1));
#9211=CARTESIAN_POINT('',(-6.661459747228E-1,3.256029623729E-1,
-7.950340988380E-1));
#9212=CARTESIAN_POINT('',(-2.355812941592E-1,2.957906364950E-1,
-1.010114413574E0));
#9213=CARTESIAN_POINT('',(2.457082666946E-1,2.659783106171E-1,
-1.007698926637E0));
#9214=CARTESIAN_POINT('',(6.740924568460E-1,2.361659847392E-1,
-7.883077160353E-1));
#9215=CARTESIAN_POINT('',(9.573322660096E-1,2.063536588613E-1,
-3.991797302356E-1));
#9216=CARTESIAN_POINT('',(1.034441766382E0,1.765413329833E-1,
7.589905030320E-2));
#9217=CARTESIAN_POINT('',(8.888152874129E-1,1.467290071054E-1,
5.346345887972E-1));
#9218=CARTESIAN_POINT('',(5.518185626474E-1,1.169166812275E-1,
8.782567087484E-1));
#9219=CARTESIAN_POINT('',(9.597672675129E-2,8.710435534960E-2,
1.032763062551E0));
#9220=CARTESIAN_POINT('',(-2.216235663921E-1,6.722947143100E-2,
9.875470924897E-1));
#9221=CARTESIAN_POINT('',(-3.668382016380E-1,5.729202947169E-2,
9.302847595328E-1));
#9222=CARTESIAN_POINT('',(8.904175845759E-1,1.033010305233E0,
-4.551445101041E-1));
#9223=CARTESIAN_POINT('',(9.614642650055E-1,1.023072863274E0,
-3.161530202018E-1));
#9224=CARTESIAN_POINT('',(1.037203714800E0,1.003197979355E0,
-4.419214048879E-3));
#9225=CARTESIAN_POINT('',(9.275365767998E-1,9.733856534775E-1,
4.642353619045E-1));
#9226=CARTESIAN_POINT('',(6.181401111937E-1,9.435733275996E-1,
8.329042931880E-1));
#9227=CARTESIAN_POINT('',(1.756507143853E-1,9.137610017217E-1,
1.022241292655E0));
#9228=CARTESIAN_POINT('',(-3.046604475779E-1,8.839486758438E-1,
9.914693824097E-1));
#9229=CARTESIAN_POINT('',(-7.193724645077E-1,8.541363499659E-1,
7.472168044455E-1));
#9230=CARTESIAN_POINT('',(-9.791907200999E-1,8.243240240879E-1,
3.420748642291E-1));
#9231=CARTESIAN_POINT('',(-1.028171578020E0,7.945116982100E-1,
-1.367219105322E-1));
#9232=CARTESIAN_POINT('',(-8.557686029076E-1,7.646993723321E-1,
-5.860800083881E-1));
#9233=CARTESIAN_POINT('',(-4.991032503671E-1,7.348870464542E-1,
-9.092445337598E-1));
#9234=CARTESIAN_POINT('',(-3.497198920406E-2,7.050747205763E-1,
-1.036632353843E0));
#9235=CARTESIAN_POINT('',(4.366893705032E-1,6.752623946984E-1,
-9.408145782613E-1));
#9236=CARTESIAN_POINT('',(8.143236523896E-1,6.454500688205E-1,
-6.424224981680E-1));
#9237=CARTESIAN_POINT('',(1.016619401713E0,6.156377429426E-1,
-2.057052966080E-1));
#9238=CARTESIAN_POINT('',(1.000018704205E0,5.858254170647E-1,
2.753039560795E-1));
#9239=CARTESIAN_POINT('',(7.680959886965E-1,5.560130911867E-1,
6.970353141275E-1));
#9240=CARTESIAN_POINT('',(3.707883882771E-1,5.262007653088E-1,
9.686824289265E-1));
#9241=CARTESIAN_POINT('',(-1.063566228606E-1,4.963884394309E-1,
1.031754789553E0));
#9242=CARTESIAN_POINT('',(-5.606011396758E-1,4.665761135530E-1,
8.726717820508E-1));
#9243=CARTESIAN_POINT('',(-8.941381455263E-1,4.367637876751E-1,
5.256868399476E-1));
#9244=CARTESIAN_POINT('',(-1.035151122575E0,4.069514617972E-1,
6.551206373536E-2));
#9245=CARTESIAN_POINT('',(-9.532774396903E-1,3.771391359192E-1,
-4.087686383230E-1));
#9246=CARTESIAN_POINT('',(-6.661459747228E-1,3.473268100413E-1,
-7.950340988380E-1));
#9247=CARTESIAN_POINT('',(-2.355812941592E-1,3.175144841634E-1,
-1.010114413574E0));
#9248=CARTESIAN_POINT('',(2.457082666946E-1,2.877021582855E-1,
-1.007698926637E0));
#9249=CARTESIAN_POINT('',(6.740924568460E-1,2.578898324076E-1,
-7.883077160353E-1));
#9250=CARTESIAN_POINT('',(9.573322660096E-1,2.280775065297E-1,
-3.991797302356E-1));
#9251=CARTESIAN_POINT('',(1.034441766382E0,1.982651806518E-1,
7.589905030320E-2));
#9252=CARTESIAN_POINT('',(8.888152874129E-1,1.684528547738E-1,
5.346345887972E-1));
#9253=CARTESIAN_POINT('',(5.518185626474E-1,1.386405288959E-1,
8.782567087484E-1));
#9254=CARTESIAN_POINT('',(9.597672675129E-2,1.088282030180E-1,
1.032763062551E0));
#9255=CARTESIAN_POINT('',(-2.216235663921E-1,8.895331909941E-2,
9.875470924897E-1));
#9256=CARTESIAN_POINT('',(-3.668382016380E-1,7.901587714011E-2,
9.302847595328E-1));
#9257=CARTESIAN_POINT('',(8.904175845759E-1,1.054734152902E0,
-4.551445101041E-1));
#9258=CARTESIAN_POINT('',(9.614642650055E-1,1.044796710942E0,
-3.161530202018E-1));
#9259=CARTESIAN_POINT('',(1.037203714800E0,1.024921827024E0,
-4.419214048879E-3));
#9260=CARTESIAN_POINT('',(9.275365767998E-1,9.951095011459E-1,
4.642353619045E-1));
#9261=CARTESIAN_POINT('',(6.181401111937E-1,9.652971752680E-1,
8.329042931880E-1));
#9262=CARTESIAN_POINT('',(1.756507143853E-1,9.354848493901E-1,
1.022241292655E0));
#9263=CARTESIAN_POINT('',(-3.046604475779E-1,9.056725235122E-1,
9.914693824097E-1));
#9264=CARTESIAN_POINT('',(-7.193724645077E-1,8.758601976343E-1,
7.472168044455E-1));
#9265=CARTESIAN_POINT('',(-9.791907200999E-1,8.460478717564E-1,
3.420748642291E-1));
#9266=CARTESIAN_POINT('',(-1.028171578020E0,8.162355458785E-1,
-1.367219105322E-1));
#9267=CARTESIAN_POINT('',(-8.557686029076E-1,7.864232200005E-1,
-5.860800083881E-1));
#9268=CARTESIAN_POINT('',(-4.991032503671E-1,7.566108941226E-1,
-9.092445337598E-1));
#9269=CARTESIAN_POINT('',(-3.497198920406E-2,7.267985682447E-1,
-1.036632353843E0));
#9270=CARTESIAN_POINT('',(4.366893705032E-1,6.969862423668E-1,
-9.408145782613E-1));
#9271=CARTESIAN_POINT('',(8.143236523896E-1,6.671739164889E-1,
-6.424224981680E-1));
#9272=CARTESIAN_POINT('',(1.016619401713E0,6.373615906110E-1,
-2.057052966080E-1));
#9273=CARTESIAN_POINT('',(1.000018704205E0,6.075492647331E-1,
2.753039560795E-1));
#9274=CARTESIAN_POINT('',(7.680959886965E-1,5.777369388552E-1,
6.970353141275E-1));
#9275=CARTESIAN_POINT('',(3.707883882771E-1,5.479246129772E-1,
9.686824289265E-1));
#9276=CARTESIAN_POINT('',(-1.063566228606E-1,5.181122870993E-1,
1.031754789553E0));
#9277=CARTESIAN_POINT('',(-5.606011396758E-1,4.882999612214E-1,
8.726717820508E-1));
#9278=CARTESIAN_POINT('',(-8.941381455263E-1,4.584876353435E-1,
5.256868399476E-1));
#9279=CARTESIAN_POINT('',(-1.035151122575E0,4.286753094656E-1,
6.551206373536E-2));
#9280=CARTESIAN_POINT('',(-9.532774396903E-1,3.988629835877E-1,
-4.087686383230E-1));
#9281=CARTESIAN_POINT('',(-6.661459747228E-1,3.690506577097E-1,
-7.950340988380E-1));
#9282=CARTESIAN_POINT('',(-2.355812941592E-1,3.392383318318E-1,
-1.010114413574E0));
#9283=CARTESIAN_POINT('',(2.457082666946E-1,3.094260059539E-1,
-1.007698926637E0));
#9284=CARTESIAN_POINT('',(6.740924568460E-1,2.796136800760E-1,
-7.883077160353E-1));
#9285=CARTESIAN_POINT('',(9.573322660096E-1,2.498013541981E-1,
-3.991797302356E-1));
#9286=CARTESIAN_POINT('',(1.034441766382E0,2.199890283202E-1,
7.589905030320E-2));
#9287=CARTESIAN_POINT('',(8.888152874129E-1,1.901767024423E-1,
5.346345887972E-1));
#9288=CARTESIAN_POINT('',(5.518185626474E-1,1.603643765643E-1,
8.782567087484E-1));
#9289=CARTESIAN_POINT('',(9.597672675129E-2,1.305520506864E-1,
1.032763062551E0));
#9290=CARTESIAN_POINT('',(-2.216235663921E-1,1.106771667678E-1,
9.875470924897E-1));
#9291=CARTESIAN_POINT('',(-3.668382016380E-1,1.007397248085E-1,
9.302847595328E-1));
#9292=B_SPLINE_SURFACE_WITH_KNOTS('',3,3,((#9152,#9153,#9154,#9155,#9156,#9157,
#9158,#9159,#9160,#9161,#9162,#9163,#9164,#9165,#9166,#9167,#9168,#9169,#9170,
#9171,#9172,#9173,#9174,#9175,#9176,#9177,#9178,#9179,#9180,#9181,#9182,#9183,
#9184,#9185,#9186),(#9187,#9188,#9189,#9190,#9191,#9192,#9193,#9194,#9195,#9196,
#9197,#9198,#9199,#9200,#9201,#9202,#9203,#9204,#9205,#9206,#9207,#9208,#9209,
#9210,#9211,#9212,#9213,#9214,#9215,#9216,#9217,#9218,#9219,#9220,#9221),(#9222,
#9223,#9224,#9225,#9226,#9227,#9228,#9229,#9230,#9231,#9232,#9233,#9234,#9235,
#9236,#9237,#9238,#9239,#9240,#9241,#9242,#9243,#9244,#9245,#9246,#9247,#9248,
#9249,#9250,#9251,#9252,#9253,#9254,#9255,#9256),(#9257,#9258,#9259,#9260,#9261,
#9262,#9263,#9264,#9265,#9266,#9267,#9268,#9269,#9270,#9271,#9272,#9273,#9274,
#9275,#9276,#9277,#9278,#9279,#9280,#9281,#9282,#9283,#9284,#9285,#9286,#9287,
#9288,#9289,#9290,#9291)),.UNSPECIFIED.,.F.,.F.,.F.,(4,4),(4,1,1,1,1,1,1,1,1,1,
1,1,1,1,1,1,1,1,1,1,1,1,1,1,1,1,1,1,1,1,1,1,4),(-1.517154300525E-1,
1.151715430053E0),(-1.492250732568E-2,9.326567078555E-3,3.357564148279E-2,
5.782471588702E-2,8.207379029125E-2,1.063228646955E-1,1.305719390997E-1,
1.548210135039E-1,1.790700879082E-1,2.033191623124E-1,2.275682367166E-1,
2.518173111209E-1,2.760663855251E-1,3.003154599293E-1,3.245645343336E-1,
3.488136087378E-1,3.730626831420E-1,3.973117575463E-1,4.215608319505E-1,
4.458099063547E-1,4.700589807590E-1,4.943080551632E-1,5.185571295674E-1,
5.428062039716E-1,5.670552783759E-1,5.913043527801E-1,6.155534271843E-1,
6.398025015886E-1,6.640515759928E-1,6.883006503970E-1,7.125497248013E-1,
7.367987992055E-1,7.610478736097E-1),.UNSPECIFIED.);
#9293=ORIENTED_EDGE('',*,*,#9136,.T.);
#9295=ORIENTED_EDGE('',*,*,#9294,.F.);
#9297=ORIENTED_EDGE('',*,*,#9296,.T.);
#9298=ORIENTED_EDGE('',*,*,#9124,.T.);
#9299=EDGE_LOOP('',(#9293,#9295,#9297,#9298));
#9300=FACE_OUTER_BOUND('',#9299,.F.);
#9302=CARTESIAN_POINT('',(7.223904052751E-1,8.835249699055E-1,
-3.550566985127E-1));
#9303=CARTESIAN_POINT('',(7.747926883987E-1,8.741291946129E-1,
-2.484401871172E-1));
#9304=CARTESIAN_POINT('',(8.315753396097E-1,8.553376440276E-1,
-1.170448978524E-2));
#9305=CARTESIAN_POINT('',(7.564030250302E-1,8.271503181497E-1,
3.457191768825E-1));
#9306=CARTESIAN_POINT('',(5.353429733016E-1,7.989629922718E-1,
6.364508084002E-1));
#9307=CARTESIAN_POINT('',(2.110391896270E-1,7.707756663939E-1,
8.044413998464E-1));
#9308=CARTESIAN_POINT('',(-1.539660885569E-1,7.425883405160E-1,
8.172866622950E-1));
#9309=CARTESIAN_POINT('',(-4.892773934441E-1,7.144010146381E-1,
6.725107974176E-1));
#9310=CARTESIAN_POINT('',(-7.302269750442E-1,6.862136887602E-1,
3.980347875212E-1));
#9311=CARTESIAN_POINT('',(-8.303453770314E-1,6.580263628823E-1,
4.679403316766E-2));
#9312=CARTESIAN_POINT('',(-7.703238345773E-1,6.298390370044E-1,
-3.134713986192E-1));
#9313=CARTESIAN_POINT('',(-5.617380650893E-1,6.016517111264E-1,
-6.132809091805E-1));
#9314=CARTESIAN_POINT('',(-2.448158050767E-1,5.734643852485E-1,
-7.948134052059E-1));
#9315=CARTESIAN_POINT('',(1.193214949736E-1,5.452770593706E-1,
-8.230586299294E-1));
#9316=CARTESIAN_POINT('',(4.604465178648E-1,5.170897334927E-1,
-6.925692251754E-1));
#9317=CARTESIAN_POINT('',(7.127700814661E-1,4.889024076148E-1,
-4.285113049142E-1));
#9318=CARTESIAN_POINT('',(8.276292036609E-1,4.607150817369E-1,
-8.181093276558E-2));
#9319=CARTESIAN_POINT('',(7.828722180391E-1,4.325277558590E-1,
2.806674503662E-1));
#9320=CARTESIAN_POINT('',(5.871309319493E-1,4.043404299811E-1,
5.890164651525E-1));
#9321=CARTESIAN_POINT('',(2.781559009389E-1,3.761531041031E-1,
7.837680921327E-1));
#9322=CARTESIAN_POINT('',(-8.446412239384E-2,3.479657782252E-1,
8.273626408668E-1));
#9323=CARTESIAN_POINT('',(-4.307944420594E-1,3.197784523473E-1,
7.113924909322E-1));
#9324=CARTESIAN_POINT('',(-6.940419853082E-1,2.915911264694E-1,
4.582235809512E-1));
#9325=CARTESIAN_POINT('',(-8.234369772369E-1,2.634038005915E-1,
1.166819259977E-1));
#9326=CARTESIAN_POINT('',(-7.940243722586E-1,2.352164747136E-1,
-2.473629400891E-1));
#9327=CARTESIAN_POINT('',(-6.114766668603E-1,2.070291488357E-1,
-5.637015279231E-1));
#9328=CARTESIAN_POINT('',(-3.109999179698E-1,1.788418229577E-1,
-7.713249497987E-1));
#9329=CARTESIAN_POINT('',(4.945612568250E-2,1.506544970798E-1,
-8.301910816258E-1));
#9330=CARTESIAN_POINT('',(4.003740004152E-1,1.224671712019E-1,
-7.289469833824E-1));
#9331=CARTESIAN_POINT('',(6.740762966927E-1,9.427984532400E-2,
-4.871187243190E-1));
#9332=CARTESIAN_POINT('',(8.177753872396E-1,6.609251944608E-2,
-1.513444633998E-1));
#9333=CARTESIAN_POINT('',(8.037633475115E-1,3.790519356817E-2,
2.136159327771E-1));
#9334=CARTESIAN_POINT('',(6.347208778884E-1,9.717867690254E-3,
5.373862183762E-1));
#9335=CARTESIAN_POINT('',(4.404604447193E-1,-9.073682895022E-3,
6.841204815005E-1));
#9336=CARTESIAN_POINT('',(3.322548381102E-1,-1.846945818766E-2,
7.331574724058E-1));
#9337=CARTESIAN_POINT('',(7.827111540867E-1,9.223304023205E-1,
-3.847044980522E-1));
#9338=CARTESIAN_POINT('',(8.394891112702E-1,9.129346270278E-1,
-2.691853382327E-1));
#9339=CARTESIAN_POINT('',(9.010132042495E-1,8.941430764426E-1,
-1.268183331465E-2));
#9340=CARTESIAN_POINT('',(8.195638817360E-1,8.659557505647E-1,
3.745872785016E-1));
#9341=CARTESIAN_POINT('',(5.800449637832E-1,8.377684246868E-1,
6.895954640659E-1));
#9342=CARTESIAN_POINT('',(2.286612979136E-1,8.095810988088E-1,
8.716135373215E-1));
#9343=CARTESIAN_POINT('',(-1.668225020495E-1,7.813937729309E-1,
8.855313996329E-1));
#9344=CARTESIAN_POINT('',(-5.301328346759E-1,7.532064470530E-1,
7.286665195699E-1));
#9345=CARTESIAN_POINT('',(-7.912020899066E-1,7.250191211751E-1,
4.312713259096E-1));
#9346=CARTESIAN_POINT('',(-8.996805378379E-1,6.968317952972E-1,
5.070140942844E-2));
#9347=CARTESIAN_POINT('',(-8.346471010408E-1,6.686444694193E-1,
-3.396467594181E-1));
#9348=CARTESIAN_POINT('',(-6.086440877535E-1,6.404571435414E-1,
-6.644908413772E-1));
#9349=CARTESIAN_POINT('',(-2.652583145221E-1,6.122698176635E-1,
-8.611815898017E-1));
#9350=CARTESIAN_POINT('',(1.292850297515E-1,5.840824917856E-1,
-8.917853357532E-1));
#9351=CARTESIAN_POINT('',(4.988945350900E-1,5.558951659077E-1,
-7.503998579765E-1));
#9352=CARTESIAN_POINT('',(7.722875179252E-1,5.277078400298E-1,
-4.642926810204E-1));
#9353=CARTESIAN_POINT('',(8.967375596672E-1,4.995205141518E-1,
-8.864227588610E-2));
#9354=CARTESIAN_POINT('',(8.482432944974E-1,4.713331882739E-1,
3.041036292655E-1));
#9355=CARTESIAN_POINT('',(6.361572994191E-1,4.431458623960E-1,
6.382002776464E-1));
#9356=CARTESIAN_POINT('',(3.013823614628E-1,4.149585365181E-1,
8.492139755039E-1));
#9357=CARTESIAN_POINT('',(-9.151701107192E-2,3.867712106402E-1,
8.964487384554E-1));
#9358=CARTESIAN_POINT('',(-4.667664637517E-1,3.585838847623E-1,
7.707948963887E-1));
#9359=CARTESIAN_POINT('',(-7.519955959248E-1,3.303965588844E-1,
4.964859794054E-1));
#9360=CARTESIAN_POINT('',(-8.921952756631E-1,3.022092330064E-1,
1.264250525641E-1));
#9361=CARTESIAN_POINT('',(-8.603266713473E-1,2.740219071285E-1,
-2.680181393629E-1));
#9362=CARTESIAN_POINT('',(-6.625359419510E-1,2.458345812506E-1,
-6.107715028596E-1));
#9363=CARTESIAN_POINT('',(-3.369689062001E-1,2.176472553727E-1,
-8.357318109769E-1));
#9364=CARTESIAN_POINT('',(5.358579090606E-2,1.894599294948E-1,
-8.995133585203E-1));
#9365=CARTESIAN_POINT('',(4.338058668040E-1,1.612726036169E-1,
-7.898152169034E-1));
#9366=CARTESIAN_POINT('',(7.303627405267E-1,1.330852777390E-1,
-5.277939132425E-1));
#9367=CARTESIAN_POINT('',(8.860609338883E-1,1.048979518610E-1,
-1.639819670185E-1));
#9368=CARTESIAN_POINT('',(8.708788665372E-1,7.671062598312E-2,
2.314532032185E-1));
#9369=CARTESIAN_POINT('',(6.877210816024E-1,4.852330010521E-2,
5.822588230742E-1));
#9370=CARTESIAN_POINT('',(4.772395930211E-1,2.973174951993E-2,
7.412456307552E-1));
#9371=CARTESIAN_POINT('',(3.599986460080E-1,2.033597422730E-2,
7.943772884630E-1));
#9372=CARTESIAN_POINT('',(8.430319028984E-1,9.611358347354E-1,
-4.143522975918E-1));
#9373=CARTESIAN_POINT('',(9.041855341417E-1,9.517400594428E-1,
-2.899304893482E-1));
#9374=CARTESIAN_POINT('',(9.704510688893E-1,9.329485088575E-1,
-1.365917684406E-2));
#9375=CARTESIAN_POINT('',(8.827247384418E-1,9.047611829796E-1,
4.034553801206E-1));
#9376=CARTESIAN_POINT('',(6.247469542648E-1,8.765738571017E-1,
7.427401197315E-1));
#9377=CARTESIAN_POINT('',(2.462834062001E-1,8.483865312238E-1,
9.387856747966E-1));
#9378=CARTESIAN_POINT('',(-1.796789155422E-1,8.201992053459E-1,
9.537761369708E-1));
#9379=CARTESIAN_POINT('',(-5.709882759078E-1,7.920118794680E-1,
7.848222417223E-1));
#9380=CARTESIAN_POINT('',(-8.521772047690E-1,7.638245535901E-1,
4.645078642981E-1));
#9381=CARTESIAN_POINT('',(-9.690156986444E-1,7.356372277122E-1,
5.460878568924E-2));
#9382=CARTESIAN_POINT('',(-8.989703675043E-1,7.074499018343E-1,
-3.658221202170E-1));
#9383=CARTESIAN_POINT('',(-6.555501104176E-1,6.792625759564E-1,
-7.157007735738E-1));
#9384=CARTESIAN_POINT('',(-2.857008239676E-1,6.510752500785E-1,
-9.275497743975E-1));
#9385=CARTESIAN_POINT('',(1.392485645293E-1,6.228879242005E-1,
-9.605120415769E-1));
#9386=CARTESIAN_POINT('',(5.373425523151E-1,5.947005983226E-1,
-8.082304907776E-1));
#9387=CARTESIAN_POINT('',(8.318049543842E-1,5.665132724447E-1,
-5.000740571266E-1));
#9388=CARTESIAN_POINT('',(9.658459156734E-1,5.383259465668E-1,
-9.547361900663E-2));
#9389=CARTESIAN_POINT('',(9.136143709557E-1,5.101386206889E-1,
3.275398081648E-1));
#9390=CARTESIAN_POINT('',(6.851836668889E-1,4.819512948110E-1,
6.873840901402E-1));
#9391=CARTESIAN_POINT('',(3.246088219868E-1,4.537639689331E-1,
9.146598588751E-1));
#9392=CARTESIAN_POINT('',(-9.856989974997E-2,4.255766430551E-1,
9.655348360439E-1));
#9393=CARTESIAN_POINT('',(-5.027384854441E-1,3.973893171772E-1,
8.301973018452E-1));
#9394=CARTESIAN_POINT('',(-8.099492065414E-1,3.692019912993E-1,
5.347483778596E-1));
#9395=CARTESIAN_POINT('',(-9.609535740893E-1,3.410146654214E-1,
1.361681791306E-1));
#9396=CARTESIAN_POINT('',(-9.266289704360E-1,3.128273395435E-1,
-2.886733386367E-1));
#9397=CARTESIAN_POINT('',(-7.135952170418E-1,2.846400136656E-1,
-6.578414777960E-1));
#9398=CARTESIAN_POINT('',(-3.629378944305E-1,2.564526877877E-1,
-9.001386721550E-1));
#9399=CARTESIAN_POINT('',(5.771545612959E-2,2.282653619097E-1,
-9.688356354149E-1));
#9400=CARTESIAN_POINT('',(4.672377331929E-1,2.000780360318E-1,
-8.506834504245E-1));
#9401=CARTESIAN_POINT('',(7.866491843606E-1,1.718907101539E-1,
-5.684691021661E-1));
#9402=CARTESIAN_POINT('',(9.543464805371E-1,1.437033842760E-1,
-1.766194706373E-1));
#9403=CARTESIAN_POINT('',(9.379943855629E-1,1.155160583981E-1,
2.492904736600E-1));
#9404=CARTESIAN_POINT('',(7.407212853164E-1,8.732873252017E-2,
6.271314277721E-1));
#9405=CARTESIAN_POINT('',(5.140187413229E-1,6.853718193489E-2,
7.983707800099E-1));
#9406=CARTESIAN_POINT('',(3.877424539057E-1,5.914140664225E-2,
8.555971045201E-1));
#9407=CARTESIAN_POINT('',(9.033526517100E-1,9.999412671504E-1,
-4.440000971313E-1));
#9408=CARTESIAN_POINT('',(9.688819570133E-1,9.905454918577E-1,
-3.106756404637E-1));
#9409=CARTESIAN_POINT('',(1.039888933529E0,9.717539412725E-1,
-1.463652037347E-2));
#9410=CARTESIAN_POINT('',(9.458855951476E-1,9.435666153946E-1,
4.323234817397E-1));
#9411=CARTESIAN_POINT('',(6.694489447464E-1,9.153792895167E-1,
7.958847753971E-1));
#9412=CARTESIAN_POINT('',(2.639055144866E-1,8.871919636388E-1,
1.005957812272E0));
#9413=CARTESIAN_POINT('',(-1.925353290348E-1,8.590046377609E-1,
1.022020874309E0));
#9414=CARTESIAN_POINT('',(-6.118437171396E-1,8.308173118830E-1,
8.409779638746E-1));
#9415=CARTESIAN_POINT('',(-9.131523196314E-1,8.026299860050E-1,
4.977444026865E-1));
#9416=CARTESIAN_POINT('',(-1.038350859451E0,7.744426601271E-1,
5.851616195002E-2));
#9417=CARTESIAN_POINT('',(-9.632936339678E-1,7.462553342492E-1,
-3.919974810160E-1));
#9418=CARTESIAN_POINT('',(-7.024561330818E-1,7.180680083713E-1,
-7.669107057705E-1));
#9419=CARTESIAN_POINT('',(-3.061433334131E-1,6.898806824934E-1,
-9.939179589934E-1));
#9420=CARTESIAN_POINT('',(1.492120993071E-1,6.616933566155E-1,
-1.029238747401E0));
#9421=CARTESIAN_POINT('',(5.757905695403E-1,6.335060307376E-1,
-8.660611235787E-1));
#9422=CARTESIAN_POINT('',(8.913223908432E-1,6.053187048597E-1,
-5.358554332329E-1));
#9423=CARTESIAN_POINT('',(1.034954271680E0,5.771313789818E-1,
-1.023049621271E-1));
#9424=CARTESIAN_POINT('',(9.789854474140E-1,5.489440531038E-1,
3.509759870640E-1));
#9425=CARTESIAN_POINT('',(7.342100343587E-1,5.207567272259E-1,
7.365679026340E-1));
#9426=CARTESIAN_POINT('',(3.478352825108E-1,4.925694013480E-1,
9.801057422464E-1));
#9427=CARTESIAN_POINT('',(-1.056227884280E-1,4.643820754701E-1,
1.034620933633E0));
#9428=CARTESIAN_POINT('',(-5.387105071365E-1,4.361947495922E-1,
8.895997073017E-1));
#9429=CARTESIAN_POINT('',(-8.679028171581E-1,4.080074237143E-1,
5.730107763139E-1));
#9430=CARTESIAN_POINT('',(-1.029711872515E0,3.798200978364E-1,
1.459113056970E-1));
#9431=CARTESIAN_POINT('',(-9.929312695246E-1,3.516327719584E-1,
-3.093285379105E-1));
#9432=CARTESIAN_POINT('',(-7.646544921326E-1,3.234454460805E-1,
-7.049114527324E-1));
#9433=CARTESIAN_POINT('',(-3.889068826608E-1,2.952581202026E-1,
-9.645455333331E-1));
#9434=CARTESIAN_POINT('',(6.184512135314E-2,2.670707943247E-1,
-1.038157912309E0));
#9435=CARTESIAN_POINT('',(5.006695995818E-1,2.388834684468E-1,
-9.115516839455E-1));
#9436=CARTESIAN_POINT('',(8.429356281945E-1,2.106961425689E-1,
-6.091442910896E-1));
#9437=CARTESIAN_POINT('',(1.022632027186E0,1.825088166909E-1,
-1.892569742559E-1));
#9438=CARTESIAN_POINT('',(1.005109904589E0,1.543214908130E-1,
2.671277441015E-1));
#9439=CARTESIAN_POINT('',(7.937214890304E-1,1.261341649351E-1,
6.720040324701E-1));
#9440=CARTESIAN_POINT('',(5.507978896246E-1,1.073426143498E-1,
8.554959292646E-1));
#9441=CARTESIAN_POINT('',(4.154862618034E-1,9.794683905721E-2,
9.168169205773E-1));
#9442=B_SPLINE_SURFACE_WITH_KNOTS('',3,3,((#9302,#9303,#9304,#9305,#9306,#9307,
#9308,#9309,#9310,#9311,#9312,#9313,#9314,#9315,#9316,#9317,#9318,#9319,#9320,
#9321,#9322,#9323,#9324,#9325,#9326,#9327,#9328,#9329,#9330,#9331,#9332,#9333,
#9334,#9335,#9336),(#9337,#9338,#9339,#9340,#9341,#9342,#9343,#9344,#9345,#9346,
#9347,#9348,#9349,#9350,#9351,#9352,#9353,#9354,#9355,#9356,#9357,#9358,#9359,
#9360,#9361,#9362,#9363,#9364,#9365,#9366,#9367,#9368,#9369,#9370,#9371),(#9372,
#9373,#9374,#9375,#9376,#9377,#9378,#9379,#9380,#9381,#9382,#9383,#9384,#9385,
#9386,#9387,#9388,#9389,#9390,#9391,#9392,#9393,#9394,#9395,#9396,#9397,#9398,
#9399,#9400,#9401,#9402,#9403,#9404,#9405,#9406),(#9407,#9408,#9409,#9410,#9411,
#9412,#9413,#9414,#9415,#9416,#9417,#9418,#9419,#9420,#9421,#9422,#9423,#9424,
#9425,#9426,#9427,#9428,#9429,#9430,#9431,#9432,#9433,#9434,#9435,#9436,#9437,
#9438,#9439,#9440,#9441)),.UNSPECIFIED.,.F.,.F.,.F.,(4,4),(4,1,1,1,1,1,1,1,1,1,
1,1,1,1,1,1,1,1,1,1,1,1,1,1,1,1,1,1,1,1,1,1,4),(-3.485130413038E-2,
1.034851304130E0),(-1.410911643147E-2,8.818197769676E-3,3.174551197082E-2,
5.467282617197E-2,7.760014037311E-2,1.005274545743E-1,1.234547687754E-1,
1.463820829765E-1,1.693093971777E-1,1.922367113788E-1,2.151640255800E-1,
2.380913397811E-1,2.610186539823E-1,2.839459681834E-1,3.068732823846E-1,
3.298005965857E-1,3.527279107868E-1,3.756552249880E-1,3.985825391891E-1,
4.215098533903E-1,4.444371675914E-1,4.673644817926E-1,4.902917959937E-1,
5.132191101949E-1,5.361464243960E-1,5.590737385972E-1,5.820010527983E-1,
6.049283669994E-1,6.278556812006E-1,6.507829954017E-1,6.737103096029E-1,
6.966376238040E-1,7.195649380052E-1),.UNSPECIFIED.);
#9443=ORIENTED_EDGE('',*,*,#7865,.T.);
#9444=ORIENTED_EDGE('',*,*,#8018,.T.);
#9446=ORIENTED_EDGE('',*,*,#9445,.T.);
#9447=ORIENTED_EDGE('',*,*,#9294,.T.);
#9448=ORIENTED_EDGE('',*,*,#9147,.T.);
#9450=ORIENTED_EDGE('',*,*,#9449,.T.);
#9451=ORIENTED_EDGE('',*,*,#9140,.T.);
#9452=ORIENTED_EDGE('',*,*,#7881,.T.);
#9453=ORIENTED_EDGE('',*,*,#8032,.T.);
#9454=EDGE_LOOP('',(#9443,#9444,#9446,#9447,#9448,#9450,#9451,#9452,#9453));
#9455=FACE_OUTER_BOUND('',#9454,.F.);
#9457=CARTESIAN_POINT('',(4.125035020441E-1,2.120188535643E0,
-6.911975242964E-1));
#9458=CARTESIAN_POINT('',(5.571090152096E-1,2.106869806099E0,
-6.048976194229E-1));
#9459=CARTESIAN_POINT('',(7.899026722205E-1,2.080232347011E0,
-3.387923360728E-1));
#9460=CARTESIAN_POINT('',(8.383565952886E-1,2.040276158380E0,
1.897021001229E-1));
#9461=CARTESIAN_POINT('',(5.671734308137E-1,2.000319969749E0,
6.458357034044E-1));
#9462=CARTESIAN_POINT('',(7.983238562474E-2,1.960363781117E0,
8.558188580749E-1));
#9463=CARTESIAN_POINT('',(-4.379439164503E-1,1.920407592486E0,
7.395964263157E-1));
#9464=CARTESIAN_POINT('',(-7.887929059153E-1,1.880451403854E0,
3.414724052170E-1));
#9465=CARTESIAN_POINT('',(-8.389881272053E-1,1.840495215223E0,
-1.868066245922E-1));
#9466=CARTESIAN_POINT('',(-5.693967045765E-1,1.800539026592E0,
-6.438828552440E-1));
#9467=CARTESIAN_POINT('',(-8.277555866990E-2,1.760582837960E0,
-8.555384028355E-1));
#9468=CARTESIAN_POINT('',(4.353961114998E-1,1.720626649329E0,
-7.410991674618E-1));
#9469=CARTESIAN_POINT('',(7.876133373852E-1,1.680670460697E0,
-3.441845152907E-1));
#9470=CARTESIAN_POINT('',(8.396259264560E-1,1.640714272066E0,
1.839186059358E-1));
#9471=CARTESIAN_POINT('',(5.716088956229E-1,1.600758083435E0,
6.419197927752E-1));
#9472=CARTESIAN_POINT('',(8.571891482819E-2,1.560801894803E0,
8.552485121711E-1));
#9473=CARTESIAN_POINT('',(-4.328434631165E-1,1.520845706172E0,
7.425929479634E-1));
#9474=CARTESIAN_POINT('',(-7.864243599732E-1,1.480889517540E0,
3.468926000477E-1));
#9475=CARTESIAN_POINT('',(-8.402538068838E-1,1.440933328909E0,
-1.810284230304E-1));
#9476=CARTESIAN_POINT('',(-5.738143128037E-1,1.400977140278E0,
-6.399491263779E-1));
#9477=CARTESIAN_POINT('',(-8.866125768018E-2,1.361020951646E0,
-8.549484962840E-1));
#9478=CARTESIAN_POINT('',(4.302856902893E-1,1.321064763015E0,
-7.440779359171E-1));
#9479=CARTESIAN_POINT('',(7.852260711273E-1,1.281108574383E0,
-3.495965775216E-1));
#9480=CARTESIAN_POINT('',(8.408717388089E-1,1.241152385752E0,
1.781360962695E-1));
#9481=CARTESIAN_POINT('',(5.760129356197E-1,1.201196197121E0,
6.379708847888E-1));
#9482=CARTESIAN_POINT('',(9.160255218193E-2,1.161240008489E0,
8.546383509377E-1));
#9483=CARTESIAN_POINT('',(-4.277228280905E-1,1.121283819858E0,
7.455541394917E-1));
#9484=CARTESIAN_POINT('',(-7.840184656771E-1,1.081327631227E0,
3.522963204808E-1));
#9485=CARTESIAN_POINT('',(-8.414797875599E-1,1.041371442595E0,
-1.752413047858E-1));
#9486=CARTESIAN_POINT('',(-5.782044668166E-1,1.001415253964E0,
-6.359864166666E-1));
#9487=CARTESIAN_POINT('',(-9.454377575183E-2,9.614590653324E-1,
-8.543131339733E-1));
#9488=CARTESIAN_POINT('',(4.251586846175E-1,9.215028767010E-1,
-7.470399992968E-1));
#9489=CARTESIAN_POINT('',(7.827874591537E-1,8.815466880696E-1,
-3.549229104390E-1));
#9490=CARTESIAN_POINT('',(8.223495285532E-1,8.549092289821E-1,
-3.582973574276E-3));
#9491=CARTESIAN_POINT('',(7.885837036862E-1,8.415904994383E-1,
1.613967133271E-1));
#9492=CARTESIAN_POINT('',(4.469482011279E-1,2.158993968058E0,
-7.489136178905E-1));
#9493=CARTESIAN_POINT('',(6.036285048398E-1,2.145675238514E0,
-6.554075335794E-1));
#9494=CARTESIAN_POINT('',(8.558608027947E-1,2.119037779426E0,
-3.670820354575E-1));
#9495=CARTESIAN_POINT('',(9.083607055726E-1,2.079081590795E0,
2.055425274694E-1));
#9496=CARTESIAN_POINT('',(6.145333151683E-1,2.039125402164E0,
6.997640127426E-1));
#9497=CARTESIAN_POINT('',(8.649851690934E-2,1.999169213532E0,
9.272810950997E-1));
#9498=CARTESIAN_POINT('',(-4.745129306356E-1,1.959213024901E0,
8.013539052745E-1));
#9499=CARTESIAN_POINT('',(-8.546583692363E-1,1.919256836269E0,
3.699858946416E-1));
#9500=CARTESIAN_POINT('',(-9.090449714097E-1,1.879300647638E0,
-2.024052751225E-1));
#9501=CARTESIAN_POINT('',(-6.169422358296E-1,1.839344459007E0,
-6.976480986521E-1));
#9502=CARTESIAN_POINT('',(-8.968744958901E-2,1.799388270375E0,
-9.269772214014E-1));
#9503=CARTESIAN_POINT('',(4.717523799158E-1,1.759432081744E0,
-8.029821276984E-1));
#9504=CARTESIAN_POINT('',(8.533803048562E-1,1.719475893112E0,
-3.729244702238E-1));
#9505=CARTESIAN_POINT('',(9.097360279131E-1,1.679519704481E0,
1.992761023109E-1));
#9506=CARTESIAN_POINT('',(6.193391483499E-1,1.639563515850E0,
6.955211173422E-1));
#9507=CARTESIAN_POINT('',(9.287658067203E-2,1.599607327218E0,
9.266631244050E-1));
#9508=CARTESIAN_POINT('',(-4.689865813290E-1,1.559651138587E0,
8.046006412499E-1));
#9509=CARTESIAN_POINT('',(-8.520920459377E-1,1.519694949955E0,
3.758586843691E-1));
#9510=CARTESIAN_POINT('',(-9.104163373562E-1,1.479738761324E0,
-1.961445845320E-1));
#9511=CARTESIAN_POINT('',(-6.217287213762E-1,1.439782572693E0,
-6.933858971636E-1));
#9512=CARTESIAN_POINT('',(-9.606461383607E-2,1.399826384061E0,
-9.263380567137E-1));
#9513=CARTESIAN_POINT('',(4.662152303990E-1,1.359870195430E0,
-8.062096280617E-1));
#9514=CARTESIAN_POINT('',(8.507936980656E-1,1.319914006798E0,
-3.787884482664E-1));
#9515=CARTESIAN_POINT('',(9.110858675807E-1,1.279957818167E0,
1.930107438824E-1));
#9516=CARTESIAN_POINT('',(6.241109326973E-1,1.240001629536E0,
6.912424692527E-1));
#9517=CARTESIAN_POINT('',(9.925151111096E-2,1.200045440904E0,
9.260020137373E-1));
#9518=CARTESIAN_POINT('',(-4.634383651268E-1,1.160089252273E0,
8.078090969848E-1));
#9519=CARTESIAN_POINT('',(-8.494852556378E-1,1.120133063641E0,
3.817136240604E-1));
#9520=CARTESIAN_POINT('',(-9.117446893704E-1,1.080176875010E0,
-1.898742327015E-1));
#9521=CARTESIAN_POINT('',(-6.264854602378E-1,1.040220686379E0,
-6.890922948832E-1));
#9522=CARTESIAN_POINT('',(-1.024383315311E-1,1.000264497747E0,
-9.256496406387E-1));
#9523=CARTESIAN_POINT('',(4.606601115919E-1,9.603083091160E-1,
-8.094190284489E-1));
#9524=CARTESIAN_POINT('',(8.481514581101E-1,9.203521204846E-1,
-3.845595384615E-1));
#9525=CARTESIAN_POINT('',(8.910170232832E-1,8.937146613970E-1,
-3.882157571453E-3));
#9526=CARTESIAN_POINT('',(8.544316982881E-1,8.803959318532E-1,
1.748735958169E-1));
#9527=CARTESIAN_POINT('',(4.813929002117E-1,2.197799400473E0,
-8.066297114846E-1));
#9528=CARTESIAN_POINT('',(6.501479944700E-1,2.184480670929E0,
-7.059174477360E-1));
#9529=CARTESIAN_POINT('',(9.218189333688E-1,2.157843211841E0,
-3.953717348421E-1));
#9530=CARTESIAN_POINT('',(9.783648158567E-1,2.117887023210E0,
2.213829548158E-1));
#9531=CARTESIAN_POINT('',(6.618931995230E-1,2.077930834578E0,
7.536923220809E-1));
#9532=CARTESIAN_POINT('',(9.316464819399E-2,2.037974645947E0,
9.987433321245E-1));
#9533=CARTESIAN_POINT('',(-5.110819448208E-1,1.998018457316E0,
8.631113842333E-1));
#9534=CARTESIAN_POINT('',(-9.205238325574E-1,1.958062268684E0,
3.984993840662E-1));
#9535=CARTESIAN_POINT('',(-9.791018156141E-1,1.918106080053E0,
-2.180039256528E-1));
#9536=CARTESIAN_POINT('',(-6.644877670828E-1,1.878149891422E0,
-7.514133420602E-1));
#9537=CARTESIAN_POINT('',(-9.659934050818E-2,1.838193702790E0,
-9.984160399672E-1));
#9538=CARTESIAN_POINT('',(5.081086483318E-1,1.798237514159E0,
-8.648650879351E-1));
#9539=CARTESIAN_POINT('',(9.191472723272E-1,1.758281325527E0,
-4.016644251570E-1));
#9540=CARTESIAN_POINT('',(9.798461293703E-1,1.718325136896E0,
2.146335986860E-1));
#9541=CARTESIAN_POINT('',(6.670694010770E-1,1.678368948265E0,
7.491224419091E-1));
#9542=CARTESIAN_POINT('',(1.000342465159E-1,1.638412759633E0,
9.980777366389E-1));
#9543=CARTESIAN_POINT('',(-5.051296995414E-1,1.598456571002E0,
8.666083345364E-1));
#9544=CARTESIAN_POINT('',(-9.177597319020E-1,1.558500382370E0,
4.048247686904E-1));
#9545=CARTESIAN_POINT('',(-9.805788678286E-1,1.518544193739E0,
-2.112607460336E-1));
#9546=CARTESIAN_POINT('',(-6.696431299487E-1,1.478588005108E0,
-7.468226679492E-1));
#9547=CARTESIAN_POINT('',(-1.034679699920E-1,1.438631816476E0,
-9.977276171435E-1));
#9548=CARTESIAN_POINT('',(5.021447705087E-1,1.398675627845E0,
-8.683413202063E-1));
#9549=CARTESIAN_POINT('',(9.163613250038E-1,1.358719439213E0,
-4.079803190113E-1));
#9550=CARTESIAN_POINT('',(9.812999963525E-1,1.318763250582E0,
2.078853914952E-1));
#9551=CARTESIAN_POINT('',(6.722089297749E-1,1.278807061951E0,
7.445140537165E-1));
#9552=CARTESIAN_POINT('',(1.069004700400E-1,1.238850873319E0,
9.973656765369E-1));
#9553=CARTESIAN_POINT('',(-4.991539021631E-1,1.198894684688E0,
8.700640544778E-1));
#9554=CARTESIAN_POINT('',(-9.149520455986E-1,1.158938496056E0,
4.111309276400E-1));
#9555=CARTESIAN_POINT('',(-9.820095911808E-1,1.118982307425E0,
-2.045071606172E-1));
#9556=CARTESIAN_POINT('',(-6.747664536591E-1,1.079026118794E0,
-7.421981730998E-1));
#9557=CARTESIAN_POINT('',(-1.103328873103E-1,1.039069930162E0,
-9.969861473041E-1));
#9558=CARTESIAN_POINT('',(4.961615385663E-1,9.991137415309E-1,
-8.717980576009E-1));
#9559=CARTESIAN_POINT('',(9.135154570665E-1,9.591575528996E-1,
-4.141961664839E-1));
#9560=CARTESIAN_POINT('',(9.596845180132E-1,9.325200938120E-1,
-4.181341568633E-3));
#9561=CARTESIAN_POINT('',(9.202796928900E-1,9.192013642682E-1,
1.883504783067E-1));
#9562=CARTESIAN_POINT('',(5.158375992955E-1,2.236604832888E0,
-8.643458050787E-1));
#9563=CARTESIAN_POINT('',(6.966674841002E-1,2.223286103344E0,
-7.564273618926E-1));
#9564=CARTESIAN_POINT('',(9.877770639430E-1,2.196648644256E0,
-4.236614342267E-1));
#9565=CARTESIAN_POINT('',(1.048368926141E0,2.156692455625E0,2.372233821623E-1));
#9566=CARTESIAN_POINT('',(7.092530838777E-1,2.116736266993E0,
8.076206314191E-1));
#9567=CARTESIAN_POINT('',(9.983077947860E-2,2.076780078362E0,1.070205569149E0));
#9568=CARTESIAN_POINT('',(-5.476509590061E-1,2.036823889731E0,
9.248688631920E-1));
#9569=CARTESIAN_POINT('',(-9.863892958784E-1,1.996867701099E0,
4.270128734907E-1));
#9570=CARTESIAN_POINT('',(-1.049158659819E0,1.956911512468E0,
-2.336025761832E-1));
#9571=CARTESIAN_POINT('',(-7.120332983359E-1,1.916955323837E0,
-8.051785854683E-1));
#9572=CARTESIAN_POINT('',(-1.035112314273E-1,1.876999135205E0,
-1.069854858533E0));
#9573=CARTESIAN_POINT('',(5.444649167478E-1,1.837042946574E0,
-9.267480481718E-1));
#9574=CARTESIAN_POINT('',(9.849142397983E-1,1.797086757942E0,
-4.304043800901E-1));
#9575=CARTESIAN_POINT('',(1.049956230827E0,1.757130569311E0,2.299910950611E-1));
#9576=CARTESIAN_POINT('',(7.147996538040E-1,1.717174380680E0,
8.027237664761E-1));
#9577=CARTESIAN_POINT('',(1.071919123598E-1,1.677218192048E0,1.069492348873E0));
#9578=CARTESIAN_POINT('',(-5.412728177539E-1,1.637262003417E0,
9.286160278229E-1));
#9579=CARTESIAN_POINT('',(-9.834274178665E-1,1.597305814785E0,
4.337908530117E-1));
#9580=CARTESIAN_POINT('',(-1.050741398301E0,1.557349626154E0,
-2.263769075353E-1));
#9581=CARTESIAN_POINT('',(-7.175575385211E-1,1.517393437523E0,
-8.002594387349E-1));
#9582=CARTESIAN_POINT('',(-1.108713261479E-1,1.477437248891E0,
-1.069117177573E0));
#9583=CARTESIAN_POINT('',(5.380743106183E-1,1.437481060260E0,
-9.304730123509E-1));
#9584=CARTESIAN_POINT('',(9.819289519420E-1,1.397524871628E0,
-4.371721897561E-1));
#9585=CARTESIAN_POINT('',(1.051514125124E0,1.357568682997E0,2.227600391080E-1));
#9586=CARTESIAN_POINT('',(7.203069268524E-1,1.317612494366E0,
7.977856381804E-1));
#9587=CARTESIAN_POINT('',(1.145494289690E-1,1.277656305734E0,1.068729339337E0));
#9588=CARTESIAN_POINT('',(-5.348694391993E-1,1.237700117103E0,
9.323190119708E-1));
#9589=CARTESIAN_POINT('',(-9.804188355593E-1,1.197743928471E0,
4.405482312197E-1));
#9590=CARTESIAN_POINT('',(-1.052274492991E0,1.157787739840E0,
-2.191400885330E-1));
#9591=CARTESIAN_POINT('',(-7.230474470803E-1,1.117831551209E0,
-7.953040513164E-1));
#9592=CARTESIAN_POINT('',(-1.182274430896E-1,1.077875362577E0,
-1.068322653969E0));
#9593=CARTESIAN_POINT('',(5.316629655407E-1,1.037919173946E0,
-9.341770867530E-1));
#9594=CARTESIAN_POINT('',(9.788794560229E-1,9.979629853145E-1,
-4.438327945063E-1));
#9595=CARTESIAN_POINT('',(1.028352012743E0,9.713255262269E-1,
-4.480525565811E-3));
#9596=CARTESIAN_POINT('',(9.861276874919E-1,9.580067966831E-1,
2.018273607965E-1));
#9597=B_SPLINE_SURFACE_WITH_KNOTS('',3,3,((#9457,#9458,#9459,#9460,#9461,#9462,
#9463,#9464,#9465,#9466,#9467,#9468,#9469,#9470,#9471,#9472,#9473,#9474,#9475,
#9476,#9477,#9478,#9479,#9480,#9481,#9482,#9483,#9484,#9485,#9486,#9487,#9488,
#9489,#9490,#9491),(#9492,#9493,#9494,#9495,#9496,#9497,#9498,#9499,#9500,#9501,
#9502,#9503,#9504,#9505,#9506,#9507,#9508,#9509,#9510,#9511,#9512,#9513,#9514,
#9515,#9516,#9517,#9518,#9519,#9520,#9521,#9522,#9523,#9524,#9525,#9526),(#9527,
#9528,#9529,#9530,#9531,#9532,#9533,#9534,#9535,#9536,#9537,#9538,#9539,#9540,
#9541,#9542,#9543,#9544,#9545,#9546,#9547,#9548,#9549,#9550,#9551,#9552,#9553,
#9554,#9555,#9556,#9557,#9558,#9559,#9560,#9561),(#9562,#9563,#9564,#9565,#9566,
#9567,#9568,#9569,#9570,#9571,#9572,#9573,#9574,#9575,#9576,#9577,#9578,#9579,
#9580,#9581,#9582,#9583,#9584,#9585,#9586,#9587,#9588,#9589,#9590,#9591,#9592,
#9593,#9594,#9595,#9596)),.UNSPECIFIED.,.F.,.F.,.F.,(4,4),(4,1,1,1,1,1,1,1,1,1,
1,1,1,1,1,1,1,1,1,1,1,1,1,1,1,1,1,1,1,1,1,1,4),(-3.485130413038E-2,
1.034851304130E0),(-1.999999999999E-2,1.250000000001E-2,4.500000000001E-2,
7.750000000001E-2,1.1E-1,1.425E-1,1.75E-1,2.075E-1,2.4E-1,2.725E-1,3.05E-1,
3.375E-1,3.7E-1,4.025E-1,4.35E-1,4.675E-1,5.E-1,5.325E-1,5.65E-1,5.975E-1,
6.3E-1,6.625E-1,6.95E-1,7.275E-1,7.6E-1,7.925E-1,8.25E-1,8.575E-1,8.9E-1,
9.225E-1,9.55E-1,9.875E-1,1.02E0),.UNSPECIFIED.);
#9598=ORIENTED_EDGE('',*,*,#7817,.T.);
#9599=ORIENTED_EDGE('',*,*,#7942,.T.);
#9600=ORIENTED_EDGE('',*,*,#8187,.T.);
#9602=ORIENTED_EDGE('',*,*,#9601,.T.);
#9603=ORIENTED_EDGE('',*,*,#9445,.F.);
#9604=ORIENTED_EDGE('',*,*,#8016,.T.);
#9605=ORIENTED_EDGE('',*,*,#7849,.T.);
#9606=ORIENTED_EDGE('',*,*,#8000,.T.);
#9607=ORIENTED_EDGE('',*,*,#7833,.T.);
#9608=ORIENTED_EDGE('',*,*,#7986,.T.);
#9609=EDGE_LOOP('',(#9598,#9599,#9600,#9602,#9603,#9604,#9605,#9606,#9607,
#9608));
#9610=FACE_OUTER_BOUND('',#9609,.F.);
#9612=CARTESIAN_POINT('',(5.124709364282E-1,2.225226175634E0,
-8.587045704527E-1));
#9613=CARTESIAN_POINT('',(6.921206178911E-1,2.211907446090E0,
-7.514904671904E-1));
#9614=CARTESIAN_POINT('',(9.813302435349E-1,2.185269987002E0,
-4.208963678165E-1));
#9615=CARTESIAN_POINT('',(1.041526647215E0,2.145313798371E0,2.356751213277E-1));
#9616=CARTESIAN_POINT('',(7.046240765616E-1,2.105357609739E0,
8.023496190027E-1));
#9617=CARTESIAN_POINT('',(9.917922445673E-2,2.065401421108E0,1.063220771308E0));
#9618=CARTESIAN_POINT('',(-5.440766632384E-1,2.025445232477E0,
9.188326191045E-1));
#9619=CARTESIAN_POINT('',(-9.799515328698E-1,1.985489043845E0,
4.242259335952E-1));
#9620=CARTESIAN_POINT('',(-1.042311226621E0,1.945532855214E0,
-2.320779468812E-1));
#9621=CARTESIAN_POINT('',(-7.073861456872E-1,1.905576666583E0,
-7.999235112957E-1));
#9622=CARTESIAN_POINT('',(-1.028356555878E-1,1.865620477951E0,
-1.062872349638E0));
#9623=CARTESIAN_POINT('',(5.409114149862E-1,1.825664289320E0,
-9.206995394058E-1));
#9624=CARTESIAN_POINT('',(9.784861038826E-1,1.785708100688E0,
-4.275953052061E-1));
#9625=CARTESIAN_POINT('',(1.043103592207E0,1.745751912057E0,2.284900364322E-1));
#9626=CARTESIAN_POINT('',(7.101344462749E-1,1.705795723426E0,
7.974847139118E-1));
#9627=CARTESIAN_POINT('',(1.064923142081E-1,1.665839534794E0,1.062512205931E0));
#9628=CARTESIAN_POINT('',(-5.377401495282E-1,1.625883346163E0,
9.225553275111E-1));
#9629=CARTESIAN_POINT('',(-9.770089858348E-1,1.585927157531E0,
4.309596759920E-1));
#9630=CARTESIAN_POINT('',(-1.043883635211E0,1.545970968900E0,
-2.248994372430E-1));
#9631=CARTESIAN_POINT('',(-7.128743313966E-1,1.506014780269E0,
-7.950364698387E-1));
#9632=CARTESIAN_POINT('',(-1.101477139543E-1,1.466058591637E0,
-1.062139483222E0));
#9633=CARTESIAN_POINT('',(5.345625177519E-1,1.426102403006E0,
-9.244001922540E-1));
#9634=CARTESIAN_POINT('',(9.755202997899E-1,1.386146214374E0,
-4.343189441224E-1));
#9635=CARTESIAN_POINT('',(1.044651318760E0,1.346190025743E0,2.213061746495E-1));
#9636=CARTESIAN_POINT('',(7.156057755850E-1,1.306233837112E0,
7.925788147773E-1));
#9637=CARTESIAN_POINT('',(1.138018112895E-1,1.266277648480E0,1.061754176249E0));
#9638=CARTESIAN_POINT('',(-5.313785632293E-1,1.226321459849E0,
9.262341437828E-1));
#9639=CARTESIAN_POINT('',(-9.740200393246E-1,1.186365271217E0,
4.376729515321E-1));
#9640=CARTESIAN_POINT('',(-1.045406724014E0,1.146409082586E0,
-2.177098500241E-1));
#9641=CARTESIAN_POINT('',(-7.183284095484E-1,1.106452893955E0,
-7.901134242247E-1));
#9642=CARTESIAN_POINT('',(-1.174558205031E-1,1.066496705323E0,
-1.061350145152E0));
#9643=CARTESIAN_POINT('',(5.281930169242E-1,1.026540516692E0,
-9.280800916642E-1));
#9644=CARTESIAN_POINT('',(9.724907066942E-1,9.865843280606E-1,
-4.409360778059E-1));
#9645=CARTESIAN_POINT('',(1.021640376095E0,9.599468689730E-1,
-4.451282992041E-3));
#9646=CARTESIAN_POINT('',(9.796916318951E-1,9.466281394292E-1,
2.005101154422E-1));
#9647=CARTESIAN_POINT('',(5.124709364282E-1,2.246950023302E0,
-8.587045704527E-1));
#9648=CARTESIAN_POINT('',(6.921206178911E-1,2.233631293758E0,
-7.514904671904E-1));
#9649=CARTESIAN_POINT('',(9.813302435349E-1,2.206993834671E0,
-4.208963678165E-1));
#9650=CARTESIAN_POINT('',(1.041526647215E0,2.167037646039E0,2.356751213277E-1));
#9651=CARTESIAN_POINT('',(7.046240765616E-1,2.127081457408E0,
8.023496190027E-1));
#9652=CARTESIAN_POINT('',(9.917922445673E-2,2.087125268777E0,1.063220771308E0));
#9653=CARTESIAN_POINT('',(-5.440766632384E-1,2.047169080145E0,
9.188326191045E-1));
#9654=CARTESIAN_POINT('',(-9.799515328698E-1,2.007212891514E0,
4.242259335952E-1));
#9655=CARTESIAN_POINT('',(-1.042311226621E0,1.967256702882E0,
-2.320779468812E-1));
#9656=CARTESIAN_POINT('',(-7.073861456872E-1,1.927300514251E0,
-7.999235112957E-1));
#9657=CARTESIAN_POINT('',(-1.028356555878E-1,1.887344325620E0,
-1.062872349638E0));
#9658=CARTESIAN_POINT('',(5.409114149862E-1,1.847388136988E0,
-9.206995394058E-1));
#9659=CARTESIAN_POINT('',(9.784861038826E-1,1.807431948357E0,
-4.275953052061E-1));
#9660=CARTESIAN_POINT('',(1.043103592207E0,1.767475759725E0,2.284900364322E-1));
#9661=CARTESIAN_POINT('',(7.101344462749E-1,1.727519571094E0,
7.974847139118E-1));
#9662=CARTESIAN_POINT('',(1.064923142081E-1,1.687563382463E0,1.062512205931E0));
#9663=CARTESIAN_POINT('',(-5.377401495282E-1,1.647607193831E0,
9.225553275111E-1));
#9664=CARTESIAN_POINT('',(-9.770089858348E-1,1.607651005200E0,
4.309596759920E-1));
#9665=CARTESIAN_POINT('',(-1.043883635211E0,1.567694816568E0,
-2.248994372430E-1));
#9666=CARTESIAN_POINT('',(-7.128743313966E-1,1.527738627937E0,
-7.950364698387E-1));
#9667=CARTESIAN_POINT('',(-1.101477139543E-1,1.487782439306E0,
-1.062139483222E0));
#9668=CARTESIAN_POINT('',(5.345625177519E-1,1.447826250674E0,
-9.244001922540E-1));
#9669=CARTESIAN_POINT('',(9.755202997899E-1,1.407870062043E0,
-4.343189441224E-1));
#9670=CARTESIAN_POINT('',(1.044651318760E0,1.367913873411E0,2.213061746495E-1));
#9671=CARTESIAN_POINT('',(7.156057755850E-1,1.327957684780E0,
7.925788147773E-1));
#9672=CARTESIAN_POINT('',(1.138018112895E-1,1.288001496149E0,1.061754176249E0));
#9673=CARTESIAN_POINT('',(-5.313785632293E-1,1.248045307517E0,
9.262341437828E-1));
#9674=CARTESIAN_POINT('',(-9.740200393246E-1,1.208089118886E0,
4.376729515321E-1));
#9675=CARTESIAN_POINT('',(-1.045406724014E0,1.168132930255E0,
-2.177098500241E-1));
#9676=CARTESIAN_POINT('',(-7.183284095484E-1,1.128176741623E0,
-7.901134242247E-1));
#9677=CARTESIAN_POINT('',(-1.174558205031E-1,1.088220552992E0,
-1.061350145152E0));
#9678=CARTESIAN_POINT('',(5.281930169242E-1,1.048264364360E0,
-9.280800916642E-1));
#9679=CARTESIAN_POINT('',(9.724907066942E-1,1.008308175729E0,
-4.409360778059E-1));
#9680=CARTESIAN_POINT('',(1.021640376095E0,9.816707166414E-1,
-4.451282992041E-3));
#9681=CARTESIAN_POINT('',(9.796916318951E-1,9.683519870976E-1,
2.005101154422E-1));
#9682=CARTESIAN_POINT('',(5.124709364282E-1,2.268673870970E0,
-8.587045704527E-1));
#9683=CARTESIAN_POINT('',(6.921206178911E-1,2.255355141427E0,
-7.514904671904E-1));
#9684=CARTESIAN_POINT('',(9.813302435349E-1,2.228717682339E0,
-4.208963678165E-1));
#9685=CARTESIAN_POINT('',(1.041526647215E0,2.188761493708E0,2.356751213277E-1));
#9686=CARTESIAN_POINT('',(7.046240765616E-1,2.148805305076E0,
8.023496190027E-1));
#9687=CARTESIAN_POINT('',(9.917922445673E-2,2.108849116445E0,1.063220771308E0));
#9688=CARTESIAN_POINT('',(-5.440766632384E-1,2.068892927814E0,
9.188326191045E-1));
#9689=CARTESIAN_POINT('',(-9.799515328698E-1,2.028936739182E0,
4.242259335952E-1));
#9690=CARTESIAN_POINT('',(-1.042311226621E0,1.988980550551E0,
-2.320779468812E-1));
#9691=CARTESIAN_POINT('',(-7.073861456872E-1,1.949024361919E0,
-7.999235112957E-1));
#9692=CARTESIAN_POINT('',(-1.028356555878E-1,1.909068173288E0,
-1.062872349638E0));
#9693=CARTESIAN_POINT('',(5.409114149862E-1,1.869111984657E0,
-9.206995394058E-1));
#9694=CARTESIAN_POINT('',(9.784861038826E-1,1.829155796025E0,
-4.275953052061E-1));
#9695=CARTESIAN_POINT('',(1.043103592207E0,1.789199607394E0,2.284900364322E-1));
#9696=CARTESIAN_POINT('',(7.101344462749E-1,1.749243418762E0,
7.974847139118E-1));
#9697=CARTESIAN_POINT('',(1.064923142081E-1,1.709287230131E0,1.062512205931E0));
#9698=CARTESIAN_POINT('',(-5.377401495282E-1,1.669331041500E0,
9.225553275111E-1));
#9699=CARTESIAN_POINT('',(-9.770089858348E-1,1.629374852868E0,
4.309596759920E-1));
#9700=CARTESIAN_POINT('',(-1.043883635211E0,1.589418664237E0,
-2.248994372430E-1));
#9701=CARTESIAN_POINT('',(-7.128743313966E-1,1.549462475605E0,
-7.950364698387E-1));
#9702=CARTESIAN_POINT('',(-1.101477139543E-1,1.509506286974E0,
-1.062139483222E0));
#9703=CARTESIAN_POINT('',(5.345625177519E-1,1.469550098343E0,
-9.244001922540E-1));
#9704=CARTESIAN_POINT('',(9.755202997899E-1,1.429593909711E0,
-4.343189441224E-1));
#9705=CARTESIAN_POINT('',(1.044651318760E0,1.389637721080E0,2.213061746495E-1));
#9706=CARTESIAN_POINT('',(7.156057755850E-1,1.349681532448E0,
7.925788147773E-1));
#9707=CARTESIAN_POINT('',(1.138018112895E-1,1.309725343817E0,1.061754176249E0));
#9708=CARTESIAN_POINT('',(-5.313785632293E-1,1.269769155186E0,
9.262341437828E-1));
#9709=CARTESIAN_POINT('',(-9.740200393246E-1,1.229812966554E0,
4.376729515321E-1));
#9710=CARTESIAN_POINT('',(-1.045406724014E0,1.189856777923E0,
-2.177098500241E-1));
#9711=CARTESIAN_POINT('',(-7.183284095484E-1,1.149900589292E0,
-7.901134242247E-1));
#9712=CARTESIAN_POINT('',(-1.174558205031E-1,1.109944400660E0,
-1.061350145152E0));
#9713=CARTESIAN_POINT('',(5.281930169242E-1,1.069988212029E0,
-9.280800916642E-1));
#9714=CARTESIAN_POINT('',(9.724907066942E-1,1.030032023397E0,
-4.409360778059E-1));
#9715=CARTESIAN_POINT('',(1.021640376095E0,1.003394564310E0,
-4.451282992041E-3));
#9716=CARTESIAN_POINT('',(9.796916318951E-1,9.900758347660E-1,
2.005101154422E-1));
#9717=CARTESIAN_POINT('',(5.124709364282E-1,2.290397718639E0,
-8.587045704527E-1));
#9718=CARTESIAN_POINT('',(6.921206178911E-1,2.277078989095E0,
-7.514904671904E-1));
#9719=CARTESIAN_POINT('',(9.813302435349E-1,2.250441530008E0,
-4.208963678165E-1));
#9720=CARTESIAN_POINT('',(1.041526647215E0,2.210485341376E0,2.356751213277E-1));
#9721=CARTESIAN_POINT('',(7.046240765616E-1,2.170529152745E0,
8.023496190027E-1));
#9722=CARTESIAN_POINT('',(9.917922445673E-2,2.130572964113E0,1.063220771308E0));
#9723=CARTESIAN_POINT('',(-5.440766632384E-1,2.090616775482E0,
9.188326191045E-1));
#9724=CARTESIAN_POINT('',(-9.799515328698E-1,2.050660586851E0,
4.242259335952E-1));
#9725=CARTESIAN_POINT('',(-1.042311226621E0,2.010704398219E0,
-2.320779468812E-1));
#9726=CARTESIAN_POINT('',(-7.073861456872E-1,1.970748209588E0,
-7.999235112957E-1));
#9727=CARTESIAN_POINT('',(-1.028356555878E-1,1.930792020956E0,
-1.062872349638E0));
#9728=CARTESIAN_POINT('',(5.409114149862E-1,1.890835832325E0,
-9.206995394058E-1));
#9729=CARTESIAN_POINT('',(9.784861038826E-1,1.850879643694E0,
-4.275953052061E-1));
#9730=CARTESIAN_POINT('',(1.043103592207E0,1.810923455062E0,2.284900364322E-1));
#9731=CARTESIAN_POINT('',(7.101344462749E-1,1.770967266431E0,
7.974847139118E-1));
#9732=CARTESIAN_POINT('',(1.064923142081E-1,1.731011077799E0,1.062512205931E0));
#9733=CARTESIAN_POINT('',(-5.377401495282E-1,1.691054889168E0,
9.225553275111E-1));
#9734=CARTESIAN_POINT('',(-9.770089858348E-1,1.651098700537E0,
4.309596759920E-1));
#9735=CARTESIAN_POINT('',(-1.043883635211E0,1.611142511905E0,
-2.248994372430E-1));
#9736=CARTESIAN_POINT('',(-7.128743313966E-1,1.571186323274E0,
-7.950364698387E-1));
#9737=CARTESIAN_POINT('',(-1.101477139543E-1,1.531230134642E0,
-1.062139483222E0));
#9738=CARTESIAN_POINT('',(5.345625177519E-1,1.491273946011E0,
-9.244001922540E-1));
#9739=CARTESIAN_POINT('',(9.755202997899E-1,1.451317757380E0,
-4.343189441224E-1));
#9740=CARTESIAN_POINT('',(1.044651318760E0,1.411361568748E0,2.213061746495E-1));
#9741=CARTESIAN_POINT('',(7.156057755850E-1,1.371405380117E0,
7.925788147773E-1));
#9742=CARTESIAN_POINT('',(1.138018112895E-1,1.331449191486E0,1.061754176249E0));
#9743=CARTESIAN_POINT('',(-5.313785632293E-1,1.291493002854E0,
9.262341437828E-1));
#9744=CARTESIAN_POINT('',(-9.740200393246E-1,1.251536814223E0,
4.376729515321E-1));
#9745=CARTESIAN_POINT('',(-1.045406724014E0,1.211580625591E0,
-2.177098500241E-1));
#9746=CARTESIAN_POINT('',(-7.183284095484E-1,1.171624436960E0,
-7.901134242247E-1));
#9747=CARTESIAN_POINT('',(-1.174558205031E-1,1.131668248329E0,
-1.061350145152E0));
#9748=CARTESIAN_POINT('',(5.281930169242E-1,1.091712059697E0,
-9.280800916642E-1));
#9749=CARTESIAN_POINT('',(9.724907066942E-1,1.051755871066E0,
-4.409360778059E-1));
#9750=CARTESIAN_POINT('',(1.021640376095E0,1.025118411978E0,
-4.451282992041E-3));
#9751=CARTESIAN_POINT('',(9.796916318951E-1,1.011799682434E0,
2.005101154422E-1));
#9752=B_SPLINE_SURFACE_WITH_KNOTS('',3,3,((#9612,#9613,#9614,#9615,#9616,#9617,
#9618,#9619,#9620,#9621,#9622,#9623,#9624,#9625,#9626,#9627,#9628,#9629,#9630,
#9631,#9632,#9633,#9634,#9635,#9636,#9637,#9638,#9639,#9640,#9641,#9642,#9643,
#9644,#9645,#9646),(#9647,#9648,#9649,#9650,#9651,#9652,#9653,#9654,#9655,#9656,
#9657,#9658,#9659,#9660,#9661,#9662,#9663,#9664,#9665,#9666,#9667,#9668,#9669,
#9670,#9671,#9672,#9673,#9674,#9675,#9676,#9677,#9678,#9679,#9680,#9681),(#9682,
#9683,#9684,#9685,#9686,#9687,#9688,#9689,#9690,#9691,#9692,#9693,#9694,#9695,
#9696,#9697,#9698,#9699,#9700,#9701,#9702,#9703,#9704,#9705,#9706,#9707,#9708,
#9709,#9710,#9711,#9712,#9713,#9714,#9715,#9716),(#9717,#9718,#9719,#9720,#9721,
#9722,#9723,#9724,#9725,#9726,#9727,#9728,#9729,#9730,#9731,#9732,#9733,#9734,
#9735,#9736,#9737,#9738,#9739,#9740,#9741,#9742,#9743,#9744,#9745,#9746,#9747,
#9748,#9749,#9750,#9751)),.UNSPECIFIED.,.F.,.F.,.F.,(4,4),(4,1,1,1,1,1,1,1,1,1,
1,1,1,1,1,1,1,1,1,1,1,1,1,1,1,1,1,1,1,1,1,1,4),(-1.517154300525E-1,
1.151715430053E0),(-1.999999999999E-2,1.250000000001E-2,4.500000000001E-2,
7.75E-2,1.1E-1,1.425E-1,1.75E-1,2.075E-1,2.4E-1,2.725E-1,3.05E-1,3.375E-1,
3.7E-1,4.025E-1,4.35E-1,4.675E-1,5.E-1,5.325E-1,5.65E-1,5.975E-1,6.3E-1,
6.625E-1,6.95E-1,7.275E-1,7.6E-1,7.925E-1,8.25E-1,8.575E-1,8.9E-1,9.225E-1,
9.55E-1,9.875E-1,1.02E0),.UNSPECIFIED.);
#9753=ORIENTED_EDGE('',*,*,#8342,.T.);
#9754=ORIENTED_EDGE('',*,*,#8969,.T.);
#9755=ORIENTED_EDGE('',*,*,#9296,.F.);
#9756=ORIENTED_EDGE('',*,*,#9601,.F.);
#9757=EDGE_LOOP('',(#9753,#9754,#9755,#9756));
#9758=FACE_OUTER_BOUND('',#9757,.F.);
#9760=CARTESIAN_POINT('',(0.E0,1.367611443452E-1,0.E0));
#9761=DIRECTION('',(0.E0,-1.E0,0.E0));
#9762=DIRECTION('',(1.E0,0.E0,0.E0));
#9763=AXIS2_PLACEMENT_3D('',#9760,#9761,#9762);
#9764=CONICAL_SURFACE('',#9763,9.747388556548E-1,4.5E1);
#9765=ORIENTED_EDGE('',*,*,#9449,.F.);
#9766=ORIENTED_EDGE('',*,*,#9145,.F.);
#9767=ORIENTED_EDGE('',*,*,#7295,.F.);
#9768=ORIENTED_EDGE('',*,*,#9142,.T.);
#9769=EDGE_LOOP('',(#9765,#9766,#9767,#9768));
#9770=FACE_OUTER_BOUND('',#9769,.F.);
#9772=CARTESIAN_POINT('',(1.5E0,0.E0,-1.5E0));
#9773=DIRECTION('',(0.E0,0.E0,-1.E0));
#9774=DIRECTION('',(-1.E0,0.E0,0.E0));
#9775=AXIS2_PLACEMENT_3D('',#9772,#9773,#9774);
#9776=PLANE('',#9775);
#9777=ORIENTED_EDGE('',*,*,#7320,.T.);
#9779=ORIENTED_EDGE('',*,*,#9778,.F.);
#9780=ORIENTED_EDGE('',*,*,#7285,.F.);
#9781=ORIENTED_EDGE('',*,*,#7307,.T.);
#9782=EDGE_LOOP('',(#9777,#9779,#9780,#9781));
#9783=FACE_OUTER_BOUND('',#9782,.F.);
#9785=CARTESIAN_POINT('',(-1.5E0,0.E0,-1.5E0));
#9786=DIRECTION('',(-1.E0,0.E0,0.E0));
#9787=DIRECTION('',(0.E0,0.E0,1.E0));
#9788=AXIS2_PLACEMENT_3D('',#9785,#9786,#9787);
#9789=PLANE('',#9788);
#9790=ORIENTED_EDGE('',*,*,#7325,.T.);
#9792=ORIENTED_EDGE('',*,*,#9791,.F.);
#9793=ORIENTED_EDGE('',*,*,#7287,.F.);
#9794=ORIENTED_EDGE('',*,*,#9778,.T.);
#9795=EDGE_LOOP('',(#9790,#9792,#9793,#9794));
#9796=FACE_OUTER_BOUND('',#9795,.F.);
#9798=CARTESIAN_POINT('',(-1.5E0,0.E0,1.5E0));
#9799=DIRECTION('',(0.E0,0.E0,1.E0));
#9800=DIRECTION('',(1.E0,0.E0,0.E0));
#9801=AXIS2_PLACEMENT_3D('',#9798,#9799,#9800);
#9802=PLANE('',#9801);
#9803=ORIENTED_EDGE('',*,*,#7323,.T.);
#9804=ORIENTED_EDGE('',*,*,#7310,.F.);
#9805=ORIENTED_EDGE('',*,*,#7289,.F.);
#9806=ORIENTED_EDGE('',*,*,#9791,.T.);
#9807=EDGE_LOOP('',(#9803,#9804,#9805,#9806));
#9808=FACE_OUTER_BOUND('',#9807,.F.);
#9810=CLOSED_SHELL('',(#7299,#7314,#7335,#7350,#7368,#7397,#7409,#7425,#7447,
#7459,#7478,#7489,#7499,#7509,#7524,#7541,#7553,#7574,#7733,#7748,#7763,#7779,
#7795,#7811,#7827,#7843,#7859,#7875,#7891,#7906,#7919,#7934,#7950,#7964,#7980,
#7994,#8010,#8026,#8040,#8196,#8347,#8498,#8512,#8664,#8819,#8975,#9130,#9151,
#9301,#9456,#9611,#9759,#9771,#9784,#9797,#9809));
#9811=CARTESIAN_POINT('',(0.E0,4.3885E0,0.E0));
#9812=DIRECTION('',(0.E0,1.E0,0.E0));
#9813=DIRECTION('',(-1.E0,0.E0,0.E0));
#9814=AXIS2_PLACEMENT_3D('',#9811,#9812,#9813);
#9816=CURVE_STYLE('',#15,POSITIVE_LENGTH_MEASURE(2.E-2),#4443);
#9817=PRESENTATION_STYLE_ASSIGNMENT((#9816));
#9818=STYLED_ITEM('',(#9817),#9815);
#9819=DIRECTION('',(0.E0,-1.E0,0.E0));
#9820=VECTOR('',#9819,4.277E0);
#9821=CARTESIAN_POINT('',(1.E0,4.3885E0,0.E0));
#9822=LINE('',#9821,#9820);
#9823=CURVE_STYLE('',#15,POSITIVE_LENGTH_MEASURE(2.E-2),#4443);
#9824=PRESENTATION_STYLE_ASSIGNMENT((#9823));
#9825=STYLED_ITEM('',(#9824),#9822);
#9826=CARTESIAN_POINT('',(0.E0,1.115E-1,0.E0));
#9827=DIRECTION('',(0.E0,-1.E0,0.E0));
#9828=DIRECTION('',(1.E0,0.E0,0.E0));
#9829=AXIS2_PLACEMENT_3D('',#9826,#9827,#9828);
#9831=CURVE_STYLE('',#15,POSITIVE_LENGTH_MEASURE(2.E-2),#4443);
#9832=PRESENTATION_STYLE_ASSIGNMENT((#9831));
#9833=STYLED_ITEM('',(#9832),#9830);
#9834=CARTESIAN_POINT('',(0.E0,4.3885E0,0.E0));
#9835=DIRECTION('',(0.E0,1.E0,0.E0));
#9836=DIRECTION('',(1.E0,0.E0,0.E0));
#9837=AXIS2_PLACEMENT_3D('',#9834,#9835,#9836);
#9839=CURVE_STYLE('',#15,POSITIVE_LENGTH_MEASURE(2.E-2),#4443);
#9840=PRESENTATION_STYLE_ASSIGNMENT((#9839));
#9841=STYLED_ITEM('',(#9840),#9838);
#9842=DIRECTION('',(0.E0,-1.E0,0.E0));
#9843=VECTOR('',#9842,4.277E0);
#9844=CARTESIAN_POINT('',(-1.E0,4.3885E0,0.E0));
#9845=LINE('',#9844,#9843);
#9846=CURVE_STYLE('',#15,POSITIVE_LENGTH_MEASURE(2.E-2),#4443);
#9847=PRESENTATION_STYLE_ASSIGNMENT((#9846));
#9848=STYLED_ITEM('',(#9847),#9845);
#9849=CARTESIAN_POINT('',(0.E0,1.115E-1,0.E0));
#9850=DIRECTION('',(0.E0,-1.E0,0.E0));
#9851=DIRECTION('',(-1.E0,0.E0,0.E0));
#9852=AXIS2_PLACEMENT_3D('',#9849,#9850,#9851);
#9854=CURVE_STYLE('',#15,POSITIVE_LENGTH_MEASURE(2.E-2),#4443);
#9855=PRESENTATION_STYLE_ASSIGNMENT((#9854));
#9856=STYLED_ITEM('',(#9855),#9853);
#9857=CARTESIAN_POINT('',(1.E0,1.115E-1,0.E0));
#9858=CARTESIAN_POINT('',(-1.E0,1.115E-1,0.E0));
#9859=VERTEX_POINT('',#9857);
#9860=VERTEX_POINT('',#9858);
#9861=CARTESIAN_POINT('',(1.E0,4.3885E0,0.E0));
#9862=CARTESIAN_POINT('',(-1.E0,4.3885E0,0.E0));
#9863=VERTEX_POINT('',#9861);
#9864=VERTEX_POINT('',#9862);
#9865=CARTESIAN_POINT('',(0.E0,4.95E0,0.E0));
#9866=DIRECTION('',(0.E0,-1.E0,0.E0));
#9867=DIRECTION('',(1.E0,0.E0,0.E0));
#9868=AXIS2_PLACEMENT_3D('',#9865,#9866,#9867);
#9869=CYLINDRICAL_SURFACE('',#9868,1.E0);
#9871=ORIENTED_EDGE('',*,*,#9870,.T.);
#9873=ORIENTED_EDGE('',*,*,#9872,.T.);
#9875=ORIENTED_EDGE('',*,*,#9874,.T.);
#9877=ORIENTED_EDGE('',*,*,#9876,.F.);
#9878=EDGE_LOOP('',(#9871,#9873,#9875,#9877));
#9879=FACE_OUTER_BOUND('',#9878,.F.);
#9881=CARTESIAN_POINT('',(0.E0,4.95E0,0.E0));
#9882=DIRECTION('',(0.E0,-1.E0,0.E0));
#9883=DIRECTION('',(1.E0,0.E0,0.E0));
#9884=AXIS2_PLACEMENT_3D('',#9881,#9882,#9883);
#9885=CYLINDRICAL_SURFACE('',#9884,1.E0);
#9887=ORIENTED_EDGE('',*,*,#9886,.T.);
#9888=ORIENTED_EDGE('',*,*,#9876,.T.);
#9890=ORIENTED_EDGE('',*,*,#9889,.T.);
#9891=ORIENTED_EDGE('',*,*,#9872,.F.);
#9892=EDGE_LOOP('',(#9887,#9888,#9890,#9891));
#9893=FACE_OUTER_BOUND('',#9892,.F.);
#9895=OPEN_SHELL('',(#9880,#9894));
#9896=FILL_AREA_STYLE_COLOUR('',#4443);
#9897=FILL_AREA_STYLE('',(#9896));
#9898=SURFACE_STYLE_FILL_AREA(#9897);
#9899=SURFACE_SIDE_STYLE('',(#9898));
#9900=SURFACE_STYLE_USAGE(.BOTH.,#9899);
#9901=PRESENTATION_STYLE_ASSIGNMENT((#9900));
#4444=STYLED_ITEM('',(#9901),#9895);
#9902=MANIFOLD_SOLID_BREP('',#9810);
#9903=FILL_AREA_STYLE_COLOUR('',#4443);
#9904=FILL_AREA_STYLE('',(#9903));
#9905=SURFACE_STYLE_FILL_AREA(#9904);
#9906=SURFACE_SIDE_STYLE('',(#9905));
#9907=SURFACE_STYLE_USAGE(.BOTH.,#9906);
#9908=PRESENTATION_STYLE_ASSIGNMENT((#9907));
#9909=STYLED_ITEM('',(#9908),#9902);
#9910=SHELL_BASED_SURFACE_MODEL('',(#9895));
#9912=DIMENSIONAL_EXPONENTS(0.E0,0.E0,0.E0,0.E0,0.E0,0.E0,0.E0);
#9914=PLANE_ANGLE_MEASURE_WITH_UNIT(PLANE_ANGLE_MEASURE(1.745329251994E-2),
#9913);
#9915=(CONVERSION_BASED_UNIT('DEGREE',#9914)NAMED_UNIT(*)PLANE_ANGLE_UNIT());
#9917=UNCERTAINTY_MEASURE_WITH_UNIT(LENGTH_MEASURE(6.321223393137E-4),#9911,
'closure',
'Maximum model space distance between geometric entities at asserted connectivities');
#9919=CARTESIAN_POINT('',(0.E0,0.E0,0.E0));
#9920=DIRECTION('',(0.E0,0.E0,1.E0));
#9921=DIRECTION('',(1.E0,0.E0,0.E0));
#9924=CARTESIAN_POINT('',(0.E0,0.E0,0.E0));
#9925=DIRECTION('',(0.E0,0.E0,1.E0));
#9926=DIRECTION('',(1.E0,0.E0,0.E0));
#9929=CARTESIAN_POINT('',(0.E0,0.E0,0.E0));
#9930=DIRECTION('',(0.E0,0.E0,1.E0));
#9931=DIRECTION('',(1.E0,0.E0,0.E0));
#9934=SHAPE_REPRESENTATION_RELATIONSHIP('','',#9933,#9923);
#9935=SHAPE_REPRESENTATION_RELATIONSHIP('','',#9933,#9928);
#9936=DESIGN_CONTEXT('',#3346,'design');
#9937=MECHANICAL_CONTEXT('',#3346,'mechanical');
#9938=PRODUCT('M80-210','M80-210','NOT SPECIFIED',(#9937));
#9939=PRODUCT_DEFINITION_FORMATION_WITH_SPECIFIED_SOURCE('14','LAST_VERSION',
#9938,.MADE.);
#9945=CARTESIAN_POINT('',(-4.5E0,-2.2E0,0.E0));
#9946=DIRECTION('',(0.E0,0.E0,1.E0));
#9947=DIRECTION('',(1.E0,0.E0,0.E0));
#9948=AXIS2_PLACEMENT_3D('',#9945,#9946,#9947);
#9949=ITEM_DEFINED_TRANSFORMATION('','',#9932,#9948);
#9950=(REPRESENTATION_RELATIONSHIP('','',#9933,#3357)REPRESENTATION_RELATIONSHIP_WITH_TRANSFORMATION(#9949)SHAPE_REPRESENTATION_RELATIONSHIP());
#9951=CONTEXT_DEPENDENT_SHAPE_REPRESENTATION(#9950,#9944);
#9954=CARTESIAN_POINT('',(4.5E0,-2.2E0,0.E0));
#9955=DIRECTION('',(0.E0,0.E0,1.E0));
#9956=DIRECTION('',(1.E0,0.E0,0.E0));
#9957=AXIS2_PLACEMENT_3D('',#9954,#9955,#9956);
#9958=ITEM_DEFINED_TRANSFORMATION('','',#9932,#9957);
#9959=(REPRESENTATION_RELATIONSHIP('','',#9933,#3357)REPRESENTATION_RELATIONSHIP_WITH_TRANSFORMATION(#9958)SHAPE_REPRESENTATION_RELATIONSHIP());
#9960=CONTEXT_DEPENDENT_SHAPE_REPRESENTATION(#9959,#9953);
#9962=DIMENSIONAL_EXPONENTS(0.E0,0.E0,0.E0,0.E0,0.E0,0.E0,0.E0);
#9964=PLANE_ANGLE_MEASURE_WITH_UNIT(PLANE_ANGLE_MEASURE(1.745329251994E-2),
#9963);
#9965=(CONVERSION_BASED_UNIT('DEGREE',#9964)NAMED_UNIT(*)PLANE_ANGLE_UNIT());
#9967=UNCERTAINTY_MEASURE_WITH_UNIT(LENGTH_MEASURE(1.659420219136E-3),#9961,
'closure',
'Maximum model space distance between geometric entities at asserted connectivities');
#9969=CARTESIAN_POINT('',(0.E0,0.E0,0.E0));
#9970=DIRECTION('',(0.E0,0.E0,1.E0));
#9971=DIRECTION('',(1.E0,0.E0,0.E0));
#9973=MECHANICAL_DESIGN_GEOMETRIC_PRESENTATION_REPRESENTATION('',(#18,#26,#34,
#42,#49,#56,#63,#70,#78,#85,#92,#99,#106,#113,#120,#127,#134,#141,#148,#155,
#163,#170,#177,#184,#191,#198,#205,#213,#221,#229,#237,#244,#251,#259,#267,#274,
#281,#288,#295,#302,#310,#317,#325,#332,#340,#347,#355,#362,#370,#377,#385,#392,
#400,#407,#415,#422,#429,#436,#443,#450,#457,#464,#471,#478,#485,#493,#500,#507,
#514,#521,#528,#535,#542,#549,#557,#564,#571,#578,#586,#593,#601,#608,#616,#623,
#631,#638,#646,#653,#661,#668,#676,#683,#691,#699,#707,#714,#721,#728,#735,#742,
#750,#758,#766,#774,#781,#788,#795,#802,#809,#816,#823,#830,#837,#844,#851,#858,
#865,#872,#879,#886,#893,#900,#907,#914,#921,#928,#935,#942,#949,#956,#963,#970,
#977,#984,#991,#998,#1005,#1012,#1019,#1026,#1033,#1040,#1048,#1056,#1064,#1071,
#1079,#1086,#1093,#1101,#1109,#1117,#1125,#1133,#1141,#1149,#1157,#1164,#1171,
#1178,#1185,#1192,#1199,#1206,#1213,#1220,#1227,#1234,#1241,#1249,#1256,#1264,
#1271,#1279,#1287,#1294,#1301,#1309,#1317,#1325,#1332,#1340,#1347,#1354,#1361,
#1369,#1377,#1385,#1392,#1400,#1407,#1414,#1421,#1428,#1435,#1442,#1449,#1456,
#1463,#1470,#1477,#1484,#1491,#1498,#1505,#1512,#1519,#1526,#1533,#1540,#1547,
#1554,#1561,#1568,#1575,#1582,#1589,#1596,#1603,#1610,#1617,#1624,#1631,#1638,
#1645,#9,#3381,#3393,#3405,#3417,#3429,#3441,#3453,#3465,#3472,#3480,#3488,
#3495,#3503,#3510,#3517,#3525,#3532,#3540,#3547,#3554,#3562,#3569,#3577,#3585,
#3593,#3601,#3609,#3617,#3625,#3633,#3641,#3649,#3656,#3663,#3671,#3679,#3687,
#3695,#3703,#3710,#3718,#3725,#3733,#3741,#3748,#3755,#3762,#3770,#3778,#3786,
#3794,#3801,#4142,#4167,#4194,#4219,#4246,#4271,#3369,#4451,#4458,#4465,#4472,
#4479,#4486,#4494,#4502,#4510,#4517,#4524,#4531,#4538,#4545,#4552,#4560,#4567,
#4574,#4582,#4590,#4598,#4606,#4618,#4630,#4637,#4645,#4653,#4660,#4668,#4676,
#4688,#4700,#4717,#4734,#4742,#4749,#4757,#4764,#4772,#4780,#4795,#4803,#4822,
#4829,#4837,#4844,#4852,#4877,#4902,#4909,#4934,#4959,#4966,#4991,#5016,#5023,
#5048,#5073,#5080,#5105,#5130,#5137,#5162,#5187,#5194,#5219,#5244,#5251,#5276,
#5301,#5308,#5333,#5358,#5365,#5387,#5397,#5404,#5423,#5437,#5462,#5469,#5501,
#5522,#5547,#5561,#5580,#5587,#5609,#5620,#5645,#5652,#5677,#5702,#5709,#5734,
#5745,#5767,#5774,#5799,#5824,#5831,#5856,#5866,#5890,#5897,#5921,#5931,#5956,
#5963,#5988,#6013,#6020,#6027,#6034,#6157,#6254,#6262,#6270,#6293,#6385,#6508,
#6515,#6638,#6645,#6739,#6746,#6754,#6769,#6777,#6788,#6795,#6803,#6810,#6823,
#6912,#6919,#6926,#6933,#6940,#7063,#7089,#7097,#7104,#7111,#7118,#7125,#7132,
#7139,#9818,#9825,#9833,#9841,#9848,#9856,#4444,#9909),#9968);
#9974=MECHANICAL_CONTEXT('',#3346,'mechanical');
#9975=PRODUCT('M80-5022022_ASM','M80-5022022_ASM','NOT SPECIFIED',(#9974));
#9976=PRODUCT_DEFINITION_FORMATION_WITH_SPECIFIED_SOURCE('9','LAST_VERSION',
#9975,.MADE.);
#9978=PRODUCT_CATEGORY('part','');
#9979=PRODUCT_RELATED_PRODUCT_CATEGORY('assembly','',(#9975));
#9980=PRODUCT_CATEGORY_RELATIONSHIP('','',#9978,#9979);
#9981=PRODUCT_CATEGORY('part','');
#9982=PRODUCT_RELATED_PRODUCT_CATEGORY('detail','',(#3350,#4402,#9938));
#9983=PRODUCT_CATEGORY_RELATIONSHIP('','',#9981,#9982);
#9984=SECURITY_CLASSIFICATION_LEVEL('unclassified');
#9985=SECURITY_CLASSIFICATION('','',#9984);
#9986=CC_DESIGN_SECURITY_CLASSIFICATION(#9985,(#3351,#4403,#9939,#9976,#3358,
#4407,#4416,#4425,#4434,#9943,#9952));
#9987=APPROVAL_STATUS('approved');
#9988=APPROVAL(#9987,'');
#9989=CC_DESIGN_APPROVAL(#9988,(#9985,#3351,#4403,#9939,#9976,#3352,#4404,#9940,
#9977));
#9990=CALENDAR_DATE(112,9,5);
#9991=COORDINATED_UNIVERSAL_TIME_OFFSET(1,0,.AHEAD.);
#9992=LOCAL_TIME(16,7,5.E0,#9991);
#9993=DATE_AND_TIME(#9990,#9992);
#9994=APPROVAL_DATE_TIME(#9993,#9988);
#9995=DATE_TIME_ROLE('creation_date');
#9996=CC_DESIGN_DATE_AND_TIME_ASSIGNMENT(#9993,#9995,(#3352,#4404,#9940,#9977));
#9997=DATE_TIME_ROLE('classification_date');
#9998=CC_DESIGN_DATE_AND_TIME_ASSIGNMENT(#9993,#9997,(#9985));
#9999=PERSON('UNSPECIFIED','UNSPECIFIED',$,$,$,$);
#10000=ORGANIZATION('UNSPECIFIED','UNSPECIFIED','UNSPECIFIED');
#10001=PERSON_AND_ORGANIZATION(#9999,#10000);
#10002=APPROVAL_ROLE('approver');
#10003=APPROVAL_PERSON_ORGANIZATION(#10001,#9988,#10002);
#10004=PERSON_AND_ORGANIZATION_ROLE('creator');
#10005=CC_DESIGN_PERSON_AND_ORGANIZATION_ASSIGNMENT(#10001,#10004,(#3351,#4403,
#9939,#9976,#3352,#4404,#9940,#9977));
#10006=PERSON_AND_ORGANIZATION_ROLE('design_supplier');
#10007=CC_DESIGN_PERSON_AND_ORGANIZATION_ASSIGNMENT(#10001,#10006,(#3351,#4403,
#9939,#9976));
#10008=PERSON_AND_ORGANIZATION_ROLE('classification_officer');
#10009=CC_DESIGN_PERSON_AND_ORGANIZATION_ASSIGNMENT(#10001,#10008,(#9985));
#10010=PERSON_AND_ORGANIZATION_ROLE('design_owner');
#10011=CC_DESIGN_PERSON_AND_ORGANIZATION_ASSIGNMENT(#10001,#10010,(#9975,#3350,
#4402,#9938));
#1=COLOUR_RGB('',1.28E-1,1.28E-1,1.28E-1);
#2=COLOUR_RGB('',1.88E-1,1.88E-1,1.88E-1);
#3=COLOUR_RGB('',4.6E-1,4.6E-1,4.6E-1);
#4=COLOUR_RGB('',4.84E-1,7.7E-2,7.4E-2);
#5=COLOUR_RGB('',8.04E-1,7.71E-1,6.03E-1);
#6=COLOUR_RGB('',9.6E-1,7.62E-1,1.67E-1);
#7=DRAUGHTING_PRE_DEFINED_COLOUR('white');
#8=COLOUR_RGB('',2.58E-1,2.58E-1,2.58E-1);
#14=CIRCLE('',#13,1.6E0);
#23=CIRCLE('',#22,1.6E0);
#31=CIRCLE('',#30,1.6E0);
#39=CIRCLE('',#38,1.6E0);
#75=CIRCLE('',#74,2.5E0);
#160=CIRCLE('',#159,2.5E0);
#210=CIRCLE('',#209,1.6E0);
#218=CIRCLE('',#217,1.6E0);
#226=CIRCLE('',#225,1.5E0);
#234=CIRCLE('',#233,1.5E0);
#256=CIRCLE('',#255,1.5E0);
#264=CIRCLE('',#263,1.5E0);
#307=CIRCLE('',#306,1.E-1);
#322=CIRCLE('',#321,1.E-1);
#337=CIRCLE('',#336,1.E-1);
#352=CIRCLE('',#351,1.E-1);
#367=CIRCLE('',#366,1.E-1);
#382=CIRCLE('',#381,1.E-1);
#397=CIRCLE('',#396,1.E-1);
#412=CIRCLE('',#411,1.E-1);
#490=CIRCLE('',#489,2.5E0);
#554=CIRCLE('',#553,2.5E0);
#583=CIRCLE('',#582,1.E-1);
#598=CIRCLE('',#597,1.E-1);
#613=CIRCLE('',#612,1.E-1);
#628=CIRCLE('',#627,1.E-1);
#643=CIRCLE('',#642,1.E-1);
#658=CIRCLE('',#657,1.E-1);
#673=CIRCLE('',#672,1.E-1);
#688=CIRCLE('',#687,1.E-1);
#696=CIRCLE('',#695,1.5E0);
#704=CIRCLE('',#703,1.5E0);
#747=CIRCLE('',#746,1.6E0);
#755=CIRCLE('',#754,1.6E0);
#763=CIRCLE('',#762,1.5E0);
#771=CIRCLE('',#770,1.5E0);
#1045=CIRCLE('',#1044,4.35E-1);
#1053=CIRCLE('',#1052,2.55E-1);
#1061=CIRCLE('',#1060,4.35E-1);
#1076=CIRCLE('',#1075,2.55E-1);
#1098=CIRCLE('',#1097,2.55E-1);
#1106=CIRCLE('',#1105,2.55E-1);
#1114=CIRCLE('',#1113,2.55E-1);
#1122=CIRCLE('',#1121,2.55E-1);
#1130=CIRCLE('',#1129,2.55E-1);
#1138=CIRCLE('',#1137,2.55E-1);
#1146=CIRCLE('',#1145,2.55E-1);
#1154=CIRCLE('',#1153,2.55E-1);
#1246=CIRCLE('',#1245,4.35E-1);
#1261=CIRCLE('',#1260,2.55E-1);
#1276=CIRCLE('',#1275,4.35E-1);
#1284=CIRCLE('',#1283,2.55E-1);
#1306=CIRCLE('',#1305,4.35E-1);
#1314=CIRCLE('',#1313,2.55E-1);
#1322=CIRCLE('',#1321,4.35E-1);
#1337=CIRCLE('',#1336,2.55E-1);
#1366=CIRCLE('',#1365,4.35E-1);
#1374=CIRCLE('',#1373,2.55E-1);
#1382=CIRCLE('',#1381,4.35E-1);
#1397=CIRCLE('',#1396,2.55E-1);
#1943=EDGE_CURVE('',#1920,#1921,#46,.T.);
#1945=EDGE_CURVE('',#1923,#1921,#53,.T.);
#1947=EDGE_CURVE('',#1923,#1826,#60,.T.);
#1949=EDGE_CURVE('',#1826,#1827,#67,.T.);
#1951=EDGE_CURVE('',#1827,#1829,#75,.T.);
#1953=EDGE_CURVE('',#1829,#1721,#82,.T.);
#1955=EDGE_CURVE('',#1721,#1718,#89,.T.);
#1957=EDGE_CURVE('',#1718,#1710,#96,.T.);
#1959=EDGE_CURVE('',#1710,#1711,#103,.T.);
#1961=EDGE_CURVE('',#1711,#1725,#110,.T.);
#1963=EDGE_CURVE('',#1725,#1739,#117,.T.);
#1965=EDGE_CURVE('',#1729,#1739,#124,.T.);
#1967=EDGE_CURVE('',#1728,#1729,#131,.T.);
#1969=EDGE_CURVE('',#1736,#1728,#138,.T.);
#1971=EDGE_CURVE('',#1736,#1741,#145,.T.);
#1973=EDGE_CURVE('',#1741,#1821,#152,.T.);
#1975=EDGE_CURVE('',#1821,#1823,#160,.T.);
#1977=EDGE_CURVE('',#1823,#1663,#167,.T.);
#1979=EDGE_CURVE('',#1663,#1660,#174,.T.);
#1981=EDGE_CURVE('',#1660,#1685,#181,.T.);
#1983=EDGE_CURVE('',#1681,#1685,#1509,.T.);
#1985=EDGE_CURVE('',#1667,#1681,#1488,.T.);
#1987=EDGE_CURVE('',#1666,#1667,#1474,.T.);
#1989=EDGE_CURVE('',#1673,#1666,#1453,.T.);
#1991=EDGE_CURVE('',#1677,#1673,#1425,.T.);
#1993=EDGE_CURVE('',#1920,#1677,#188,.T.);
#1997=EDGE_CURVE('',#1880,#1881,#31,.T.);
#1999=EDGE_CURVE('',#1881,#1880,#39,.T.);
#2003=EDGE_CURVE('',#1702,#1703,#14,.T.);
#2005=EDGE_CURVE('',#1703,#1702,#23,.T.);
#2009=ADVANCED_FACE('',(#1996,#2002,#2008),#1942,.F.);
#2016=EDGE_CURVE('',#1703,#1699,#202,.T.);
#2018=EDGE_CURVE('',#1698,#1699,#210,.T.);
#2020=EDGE_CURVE('',#1702,#1698,#195,.T.);
#2024=ADVANCED_FACE('',(#2023),#2014,.F.);
#2032=EDGE_CURVE('',#1699,#1698,#218,.T.);
#2037=ADVANCED_FACE('',(#2036),#2029,.F.);
#2047=EDGE_CURVE('',#1706,#1707,#226,.T.);
#2049=EDGE_CURVE('',#1707,#1706,#234,.T.);
#2053=ADVANCED_FACE('',(#2046,#2052),#2042,.F.);
#2060=EDGE_CURVE('',#1707,#1695,#241,.T.);
#2062=EDGE_CURVE('',#1694,#1695,#256,.T.);
#2064=EDGE_CURVE('',#1706,#1694,#248,.T.);
#2068=ADVANCED_FACE('',(#2067),#2058,.F.);
#2076=EDGE_CURVE('',#1695,#1694,#264,.T.);
#2081=ADVANCED_FACE('',(#2080),#2073,.F.);
#2087=EDGE_CURVE('',#1845,#1841,#322,.T.);
#2089=EDGE_CURVE('',#1849,#1845,#271,.T.);
#2091=EDGE_CURVE('',#1853,#1849,#412,.T.);
#2093=EDGE_CURVE('',#1857,#1853,#278,.T.);
#2095=EDGE_CURVE('',#1861,#1857,#382,.T.);
#2097=EDGE_CURVE('',#1865,#1861,#285,.T.);
#2099=EDGE_CURVE('',#1869,#1865,#352,.T.);
#2101=EDGE_CURVE('',#1841,#1869,#292,.T.);
#2109=ADVANCED_FACE('',(#2104,#2108),#2086,.T.);
#2115=EDGE_CURVE('',#1840,#1841,#299,.T.);
#2117=EDGE_CURVE('',#1840,#1844,#307,.T.);
#2119=EDGE_CURVE('',#1844,#1845,#314,.T.);
#2124=ADVANCED_FACE('',(#2123),#2114,.F.);
#2132=EDGE_CURVE('',#1868,#1869,#344,.T.);
#2134=EDGE_CURVE('',#1840,#1868,#433,.T.);
#2138=ADVANCED_FACE('',(#2137),#2129,.F.);
#2144=EDGE_CURVE('',#1864,#1865,#329,.T.);
#2146=EDGE_CURVE('',#1864,#1868,#337,.T.);
#2152=ADVANCED_FACE('',(#2151),#2143,.F.);
#2158=EDGE_CURVE('',#1860,#1861,#374,.T.);
#2160=EDGE_CURVE('',#1864,#1860,#440,.T.);
#2166=ADVANCED_FACE('',(#2165),#2157,.F.);
#2172=EDGE_CURVE('',#1856,#1857,#359,.T.);
#2174=EDGE_CURVE('',#1856,#1860,#367,.T.);
#2180=ADVANCED_FACE('',(#2179),#2171,.F.);
#2186=EDGE_CURVE('',#1852,#1853,#404,.T.);
#2188=EDGE_CURVE('',#1856,#1852,#419,.T.);
#2194=ADVANCED_FACE('',(#2193),#2185,.F.);
#2200=EDGE_CURVE('',#1848,#1849,#389,.T.);
#2202=EDGE_CURVE('',#1848,#1852,#397,.T.);
#2208=ADVANCED_FACE('',(#2207),#2199,.F.);
#2215=EDGE_CURVE('',#1848,#1844,#426,.T.);
#2221=ADVANCED_FACE('',(#2220),#2213,.F.);
#2227=EDGE_CURVE('',#1746,#1733,#799,.T.);
#2229=EDGE_CURVE('',#1753,#1746,#475,.T.);
#2231=EDGE_CURVE('',#1833,#1753,#482,.T.);
#2233=EDGE_CURVE('',#1831,#1833,#490,.T.);
#2235=EDGE_CURVE('',#1743,#1831,#497,.T.);
#2237=EDGE_CURVE('',#1737,#1743,#504,.T.);
#2239=EDGE_CURVE('',#1737,#1732,#511,.T.);
#2241=EDGE_CURVE('',#1732,#1733,#518,.T.);
#2255=ADVANCED_FACE('',(#2244,#2254),#2226,.T.);
#2261=EDGE_CURVE('',#1715,#1750,#890,.T.);
#2263=EDGE_CURVE('',#1714,#1715,#525,.T.);
#2265=EDGE_CURVE('',#1719,#1714,#532,.T.);
#2267=EDGE_CURVE('',#1723,#1719,#539,.T.);
#2269=EDGE_CURVE('',#1837,#1723,#546,.T.);
#2271=EDGE_CURVE('',#1835,#1837,#554,.T.);
#2273=EDGE_CURVE('',#1755,#1835,#561,.T.);
#2275=EDGE_CURVE('',#1750,#1755,#568,.T.);
#2279=EDGE_CURVE('',#1897,#1893,#447,.T.);
#2281=EDGE_CURVE('',#1901,#1897,#688,.T.);
#2283=EDGE_CURVE('',#1905,#1901,#454,.T.);
#2285=EDGE_CURVE('',#1909,#1905,#658,.T.);
#2287=EDGE_CURVE('',#1913,#1909,#461,.T.);
#2289=EDGE_CURVE('',#1917,#1913,#628,.T.);
#2291=EDGE_CURVE('',#1889,#1917,#468,.T.);
#2293=EDGE_CURVE('',#1893,#1889,#598,.T.);
#2297=ADVANCED_FACE('',(#2278,#2296),#2260,.T.);
#2303=EDGE_CURVE('',#1891,#1893,#590,.T.);
#2305=EDGE_CURVE('',#1896,#1891,#732,.T.);
#2307=EDGE_CURVE('',#1896,#1897,#665,.T.);
#2312=ADVANCED_FACE('',(#2311),#2302,.T.);
#2318=EDGE_CURVE('',#1888,#1889,#575,.T.);
#2320=EDGE_CURVE('',#1888,#1891,#583,.T.);
#2326=ADVANCED_FACE('',(#2325),#2317,.F.);
#2334=EDGE_CURVE('',#1915,#1917,#620,.T.);
#2336=EDGE_CURVE('',#1888,#1915,#711,.T.);
#2340=ADVANCED_FACE('',(#2339),#2331,.T.);
#2346=EDGE_CURVE('',#1912,#1913,#605,.T.);
#2348=EDGE_CURVE('',#1912,#1915,#613,.T.);
#2354=ADVANCED_FACE('',(#2353),#2345,.F.);
#2360=EDGE_CURVE('',#1907,#1909,#650,.T.);
#2362=EDGE_CURVE('',#1912,#1907,#718,.T.);
#2368=ADVANCED_FACE('',(#2367),#2359,.T.);
#2374=EDGE_CURVE('',#1904,#1905,#635,.T.);
#2376=EDGE_CURVE('',#1904,#1907,#643,.T.);
#2382=ADVANCED_FACE('',(#2381),#2373,.F.);
#2388=EDGE_CURVE('',#1899,#1901,#680,.T.);
#2390=EDGE_CURVE('',#1904,#1899,#725,.T.);
#2396=ADVANCED_FACE('',(#2395),#2387,.T.);
#2403=EDGE_CURVE('',#1896,#1899,#673,.T.);
#2409=ADVANCED_FACE('',(#2408),#2401,.F.);
#2425=EDGE_CURVE('',#1872,#1873,#696,.T.);
#2427=EDGE_CURVE('',#1873,#1872,#704,.T.);
#2431=ADVANCED_FACE('',(#2424,#2430),#2414,.F.);
#2437=EDGE_CURVE('',#1884,#1885,#763,.T.);
#2439=EDGE_CURVE('',#1885,#1873,#739,.T.);
#2442=EDGE_CURVE('',#1884,#1872,#792,.T.);
#2446=ADVANCED_FACE('',(#2445),#2436,.F.);
#2452=EDGE_CURVE('',#1876,#1877,#747,.T.);
#2454=EDGE_CURVE('',#1877,#1876,#755,.T.);
#2459=EDGE_CURVE('',#1885,#1884,#771,.T.);
#2463=ADVANCED_FACE('',(#2457,#2462),#2451,.T.);
#2470=EDGE_CURVE('',#1880,#1876,#778,.T.);
#2473=EDGE_CURVE('',#1881,#1877,#785,.T.);
#2477=ADVANCED_FACE('',(#2476),#2468,.F.);
#2489=ADVANCED_FACE('',(#2488),#2482,.F.);
#2501=ADVANCED_FACE('',(#2500),#2494,.F.);
#2507=EDGE_CURVE('',#1739,#1759,#869,.T.);
#2509=EDGE_CURVE('',#1747,#1759,#1009,.T.);
#2511=EDGE_CURVE('',#1746,#1747,#939,.T.);
#2514=EDGE_CURVE('',#1729,#1733,#806,.T.);
#2519=ADVANCED_FACE('',(#2518),#2506,.F.);
#2525=EDGE_CURVE('',#1718,#1719,#813,.T.);
#2528=EDGE_CURVE('',#1721,#1723,#820,.T.);
#2533=ADVANCED_FACE('',(#2532),#2524,.T.);
#2539=EDGE_CURVE('',#1736,#1737,#827,.T.);
#2542=EDGE_CURVE('',#1741,#1743,#1614,.T.);
#2547=ADVANCED_FACE('',(#2546),#2538,.T.);
#2553=EDGE_CURVE('',#1782,#1757,#834,.T.);
#2555=EDGE_CURVE('',#1775,#1782,#841,.T.);
#2557=EDGE_CURVE('',#1774,#1775,#848,.T.);
#2559=EDGE_CURVE('',#1778,#1774,#855,.T.);
#2561=EDGE_CURVE('',#1759,#1778,#862,.T.);
#2565=EDGE_CURVE('',#1725,#1757,#876,.T.);
#2569=ADVANCED_FACE('',(#2568),#2552,.T.);
#2577=EDGE_CURVE('',#1710,#1714,#883,.T.);
#2582=ADVANCED_FACE('',(#2581),#2574,.T.);
#2591=EDGE_CURVE('',#1711,#1715,#904,.T.);
#2595=ADVANCED_FACE('',(#2594),#2587,.T.);
#2602=EDGE_CURVE('',#1750,#1751,#995,.T.);
#2604=EDGE_CURVE('',#1751,#1757,#897,.T.);
#2611=ADVANCED_FACE('',(#2610),#2600,.T.);
#2617=EDGE_CURVE('',#1926,#1927,#911,.T.);
#2619=EDGE_CURVE('',#1661,#1926,#918,.T.);
#2621=EDGE_CURVE('',#1660,#1661,#925,.T.);
#2624=EDGE_CURVE('',#1663,#1753,#932,.T.);
#2628=EDGE_CURVE('',#1747,#1779,#946,.T.);
#2630=EDGE_CURVE('',#1779,#1770,#953,.T.);
#2632=EDGE_CURVE('',#1770,#1771,#960,.T.);
#2634=EDGE_CURVE('',#1771,#1783,#967,.T.);
#2636=EDGE_CURVE('',#1783,#1927,#974,.T.);
#2640=ADVANCED_FACE('',(#2639),#2616,.T.);
#2646=EDGE_CURVE('',#1923,#1929,#981,.T.);
#2648=EDGE_CURVE('',#1929,#1751,#988,.T.);
#2652=EDGE_CURVE('',#1826,#1755,#1621,.T.);
#2657=ADVANCED_FACE('',(#2656),#2645,.T.);
#2664=EDGE_CURVE('',#1927,#1931,#1016,.T.);
#2666=EDGE_CURVE('',#1935,#1931,#1411,.T.);
#2668=EDGE_CURVE('',#1926,#1935,#1161,.T.);
#2672=ADVANCED_FACE('',(#2671),#2662,.F.);
#2678=EDGE_CURVE('',#1778,#1779,#1002,.T.);
#2685=EDGE_CURVE('',#1798,#1799,#1045,.T.);
#2687=EDGE_CURVE('',#1799,#1798,#1061,.T.);
#2691=EDGE_CURVE('',#1815,#1814,#1382,.T.);
#2693=EDGE_CURVE('',#1814,#1815,#1366,.T.);
#2697=ADVANCED_FACE('',(#2684,#2690,#2696),#2677,.F.);
#2705=EDGE_CURVE('',#1782,#1783,#1023,.T.);
#2710=EDGE_CURVE('',#1929,#1933,#1030,.T.);
#2712=EDGE_CURVE('',#1931,#1933,#1037,.T.);
#2716=EDGE_CURVE('',#1762,#1763,#1276,.T.);
#2718=EDGE_CURVE('',#1763,#1762,#1246,.T.);
#2722=EDGE_CURVE('',#1807,#1806,#1322,.T.);
#2724=EDGE_CURVE('',#1806,#1807,#1306,.T.);
#2728=ADVANCED_FACE('',(#2715,#2721,#2727),#2702,.F.);
#2735=EDGE_CURVE('',#1798,#1802,#1083,.T.);
#2737=EDGE_CURVE('',#1802,#1803,#1053,.T.);
#2739=EDGE_CURVE('',#1799,#1803,#1068,.T.);
#2743=ADVANCED_FACE('',(#2742),#2733,.F.);
#2751=EDGE_CURVE('',#1803,#1802,#1076,.T.);
#2756=ADVANCED_FACE('',(#2755),#2748,.F.);
#2762=EDGE_CURVE('',#1791,#1790,#1106,.T.);
#2764=EDGE_CURVE('',#1790,#1802,#1224,.T.);
#2767=EDGE_CURVE('',#1791,#1803,#1090,.T.);
#2771=ADVANCED_FACE('',(#2770),#2761,.F.);
#2778=EDGE_CURVE('',#1935,#1937,#1168,.T.);
#2780=EDGE_CURVE('',#1937,#1648,#1175,.T.);
#2782=EDGE_CURVE('',#1648,#1649,#1182,.T.);
#2784=EDGE_CURVE('',#1649,#1651,#1189,.T.);
#2786=EDGE_CURVE('',#1651,#1653,#1196,.T.);
#2788=EDGE_CURVE('',#1653,#1655,#1203,.T.);
#2790=EDGE_CURVE('',#1655,#1657,#1210,.T.);
#2792=EDGE_CURVE('',#1657,#1661,#1217,.T.);
#2797=EDGE_CURVE('',#1690,#1691,#1114,.T.);
#2799=EDGE_CURVE('',#1691,#1690,#1122,.T.);
#2803=EDGE_CURVE('',#1786,#1787,#1130,.T.);
#2805=EDGE_CURVE('',#1787,#1786,#1138,.T.);
#2809=EDGE_CURVE('',#1794,#1795,#1146,.T.);
#2811=EDGE_CURVE('',#1795,#1794,#1154,.T.);
#2815=EDGE_CURVE('',#1790,#1791,#1098,.T.);
#2820=ADVANCED_FACE('',(#2796,#2802,#2808,#2814,#2819),#2776,.F.);
#2832=ADVANCED_FACE('',(#2831),#2825,.F.);
#2839=EDGE_CURVE('',#1691,#1767,#1238,.T.);
#2841=EDGE_CURVE('',#1766,#1767,#1284,.T.);
#2843=EDGE_CURVE('',#1690,#1766,#1231,.T.);
#2847=ADVANCED_FACE('',(#2846),#2837,.F.);
#2855=EDGE_CURVE('',#1767,#1766,#1261,.T.);
#2860=ADVANCED_FACE('',(#2859),#2852,.F.);
#2867=EDGE_CURVE('',#1763,#1767,#1253,.T.);
#2870=EDGE_CURVE('',#1762,#1766,#1268,.T.);
#2874=ADVANCED_FACE('',(#2873),#2865,.F.);
#2886=ADVANCED_FACE('',(#2885),#2879,.F.);
#2893=EDGE_CURVE('',#1787,#1810,#1298,.T.);
#2895=EDGE_CURVE('',#1811,#1810,#1337,.T.);
#2897=EDGE_CURVE('',#1786,#1811,#1291,.T.);
#2901=ADVANCED_FACE('',(#2900),#2891,.F.);
#2909=EDGE_CURVE('',#1810,#1811,#1314,.T.);
#2914=ADVANCED_FACE('',(#2913),#2906,.F.);
#2921=EDGE_CURVE('',#1806,#1810,#1344,.T.);
#2924=EDGE_CURVE('',#1807,#1811,#1329,.T.);
#2928=ADVANCED_FACE('',(#2927),#2919,.F.);
#2940=ADVANCED_FACE('',(#2939),#2933,.F.);
#2947=EDGE_CURVE('',#1795,#1818,#1358,.T.);
#2949=EDGE_CURVE('',#1819,#1818,#1397,.T.);
#2951=EDGE_CURVE('',#1794,#1819,#1351,.T.);
#2955=ADVANCED_FACE('',(#2954),#2945,.F.);
#2963=EDGE_CURVE('',#1818,#1819,#1374,.T.);
#2968=ADVANCED_FACE('',(#2967),#2960,.F.);
#2975=EDGE_CURVE('',#1814,#1818,#1404,.T.);
#2978=EDGE_CURVE('',#1815,#1819,#1389,.T.);
#2982=ADVANCED_FACE('',(#2981),#2973,.F.);
#2994=ADVANCED_FACE('',(#2993),#2987,.F.);
#3001=EDGE_CURVE('',#1920,#1937,#1418,.T.);
#3006=EDGE_CURVE('',#1921,#1933,#1579,.T.);
#3010=ADVANCED_FACE('',(#3009),#2999,.F.);
#3018=EDGE_CURVE('',#1677,#1679,#1446,.T.);
#3020=EDGE_CURVE('',#1648,#1679,#1572,.T.);
#3025=ADVANCED_FACE('',(#3024),#3015,.F.);
#3032=EDGE_CURVE('',#1673,#1675,#1432,.T.);
#3034=EDGE_CURVE('',#1679,#1675,#1439,.T.);
#3039=ADVANCED_FACE('',(#3038),#3030,.F.);
#3046=EDGE_CURVE('',#1666,#1670,#1460,.T.);
#3048=EDGE_CURVE('',#1675,#1670,#1467,.T.);
#3053=ADVANCED_FACE('',(#3052),#3044,.F.);
#3060=EDGE_CURVE('',#1667,#1671,#1502,.T.);
#3062=EDGE_CURVE('',#1670,#1671,#1481,.T.);
#3067=ADVANCED_FACE('',(#3066),#3058,.F.);
#3074=EDGE_CURVE('',#1681,#1683,#1530,.T.);
#3076=EDGE_CURVE('',#1671,#1683,#1495,.T.);
#3081=ADVANCED_FACE('',(#3080),#3072,.F.);
#3088=EDGE_CURVE('',#1685,#1687,#1516,.T.);
#3090=EDGE_CURVE('',#1683,#1687,#1523,.T.);
#3095=ADVANCED_FACE('',(#3094),#3086,.F.);
#3104=EDGE_CURVE('',#1657,#1687,#1537,.T.);
#3109=ADVANCED_FACE('',(#3108),#3100,.F.);
#3118=EDGE_CURVE('',#1655,#1683,#1544,.T.);
#3122=ADVANCED_FACE('',(#3121),#3114,.F.);
#3131=EDGE_CURVE('',#1653,#1671,#1551,.T.);
#3135=ADVANCED_FACE('',(#3134),#3127,.F.);
#3144=EDGE_CURVE('',#1651,#1670,#1558,.T.);
#3148=ADVANCED_FACE('',(#3147),#3140,.F.);
#3157=EDGE_CURVE('',#1649,#1675,#1565,.T.);
#3161=ADVANCED_FACE('',(#3160),#3153,.F.);
#3173=ADVANCED_FACE('',(#3172),#3166,.F.);
#3185=ADVANCED_FACE('',(#3184),#3178,.F.);
#3193=EDGE_CURVE('',#1770,#1774,#1586,.T.);
#3198=ADVANCED_FACE('',(#3197),#3190,.T.);
#3207=EDGE_CURVE('',#1771,#1775,#1593,.T.);
#3211=ADVANCED_FACE('',(#3210),#3203,.T.);
#3223=ADVANCED_FACE('',(#3222),#3216,.T.);
#3230=EDGE_CURVE('',#1823,#1833,#1600,.T.);
#3236=ADVANCED_FACE('',(#3235),#3228,.T.);
#3243=EDGE_CURVE('',#1821,#1831,#1607,.T.);
#3249=ADVANCED_FACE('',(#3248),#3241,.T.);
#3261=ADVANCED_FACE('',(#3260),#3254,.T.);
#3270=EDGE_CURVE('',#1827,#1835,#1628,.T.);
#3274=ADVANCED_FACE('',(#3273),#3266,.T.);
#3283=EDGE_CURVE('',#1829,#1837,#1635,.T.);
#3287=ADVANCED_FACE('',(#3286),#3279,.T.);
#3299=ADVANCED_FACE('',(#3298),#3292,.T.);
#3307=EDGE_CURVE('',#1728,#1732,#1642,.T.);
#3312=ADVANCED_FACE('',(#3311),#3304,.F.);
#3324=ADVANCED_FACE('',(#3323),#3317,.F.);
#3333=(LENGTH_UNIT()NAMED_UNIT(*)SI_UNIT(.MILLI.,.METRE.));
#3335=(NAMED_UNIT(*)PLANE_ANGLE_UNIT()SI_UNIT($,.RADIAN.));
#3338=(NAMED_UNIT(*)SI_UNIT($,.STERADIAN.)SOLID_ANGLE_UNIT());
#3340=(GEOMETRIC_REPRESENTATION_CONTEXT(3)GLOBAL_UNCERTAINTY_ASSIGNED_CONTEXT((
#3339))GLOBAL_UNIT_ASSIGNED_CONTEXT((#3333,#3337,#3338))REPRESENTATION_CONTEXT(
'ID1','3'));
#3344=AXIS2_PLACEMENT_3D('',#3341,#3342,#3343);
#3345=ADVANCED_BREP_SHAPE_REPRESENTATION('',(#3344,#3326),#3340);
#3352=PRODUCT_DEFINITION('design','',#3351,#3348);
#3353=PRODUCT_DEFINITION_SHAPE('','SHAPE FOR M80-2702098_SEPARATE_ROWS.',#3352);
#3354=SHAPE_DEFINITION_REPRESENTATION(#3353,#3345);
#3355=SHAPE_DEFINITION_REPRESENTATION(#3356,#3357);
#3356=PRODUCT_DEFINITION_SHAPE('','SHAPE FOR M80-5022022_ASM.',#9977);
#3357=SHAPE_REPRESENTATION('',(#3363,#4412,#4421,#4430,#4439,#9948,#9957,#9972),
#9968);
#3358=NEXT_ASSEMBLY_USAGE_OCCURRENCE('1487','Next assembly relationship',
'M80-2702098_SEPARATE_ROWS',#9977,#3352,$);
#3359=PRODUCT_DEFINITION_SHAPE('Placement #1487',
'Placement of M80-2702098_SEPARATE_ROWS with respect to M80-5022022_ASM',#3358);
#3367=COLOUR_RGB('',6.58824E-1,6.58824E-1,6.58824E-1);
#3368=COLOUR_RGB('',1.E0,8.07843E-1,4.58824E-1);
#3378=B_SPLINE_CURVE_WITH_KNOTS('',3,(#3370,#3371,#3372,#3373,#3374,#3375,#3376,
#3377),.UNSPECIFIED.,.F.,.F.,(4,1,1,1,1,4),(0.E0,2.E-1,4.E-1,6.E-1,8.E-1,1.E0),
.UNSPECIFIED.);
#3390=B_SPLINE_CURVE_WITH_KNOTS('',3,(#3382,#3383,#3384,#3385,#3386,#3387,#3388,
#3389),.UNSPECIFIED.,.F.,.F.,(4,1,1,1,1,4),(0.E0,2.E-1,4.E-1,6.E-1,8.E-1,1.E0),
.UNSPECIFIED.);
#3402=B_SPLINE_CURVE_WITH_KNOTS('',3,(#3394,#3395,#3396,#3397,#3398,#3399,#3400,
#3401),.UNSPECIFIED.,.F.,.F.,(4,1,1,1,1,4),(0.E0,2.E-1,4.E-1,6.E-1,8.E-1,1.E0),
.UNSPECIFIED.);
#3414=B_SPLINE_CURVE_WITH_KNOTS('',3,(#3406,#3407,#3408,#3409,#3410,#3411,#3412,
#3413),.UNSPECIFIED.,.F.,.F.,(4,1,1,1,1,4),(0.E0,2.E-1,4.E-1,6.E-1,8.E-1,1.E0),
.UNSPECIFIED.);
#3426=B_SPLINE_CURVE_WITH_KNOTS('',3,(#3418,#3419,#3420,#3421,#3422,#3423,#3424,
#3425),.UNSPECIFIED.,.F.,.F.,(4,1,1,1,1,4),(0.E0,2.E-1,4.E-1,6.E-1,8.E-1,1.E0),
.UNSPECIFIED.);
#3438=B_SPLINE_CURVE_WITH_KNOTS('',3,(#3430,#3431,#3432,#3433,#3434,#3435,#3436,
#3437),.UNSPECIFIED.,.F.,.F.,(4,1,1,1,1,4),(0.E0,2.E-1,4.E-1,6.E-1,8.E-1,1.E0),
.UNSPECIFIED.);
#3450=B_SPLINE_CURVE_WITH_KNOTS('',3,(#3442,#3443,#3444,#3445,#3446,#3447,#3448,
#3449),.UNSPECIFIED.,.F.,.F.,(4,1,1,1,1,4),(0.E0,2.E-1,4.E-1,6.E-1,8.E-1,1.E0),
.UNSPECIFIED.);
#3462=B_SPLINE_CURVE_WITH_KNOTS('',3,(#3454,#3455,#3456,#3457,#3458,#3459,#3460,
#3461),.UNSPECIFIED.,.F.,.F.,(4,1,1,1,1,4),(0.E0,2.E-1,4.E-1,6.E-1,8.E-1,1.E0),
.UNSPECIFIED.);
#3477=CIRCLE('',#3476,2.45E-1);
#3485=CIRCLE('',#3484,2.45E-1);
#3500=CIRCLE('',#3499,2.45E-1);
#3522=CIRCLE('',#3521,2.45E-1);
#3537=CIRCLE('',#3536,2.45E-1);
#3559=CIRCLE('',#3558,2.45E-1);
#3574=CIRCLE('',#3573,2.46E-1);
#3582=CIRCLE('',#3581,2.46E-1);
#3590=CIRCLE('',#3589,2.45E-1);
#3598=CIRCLE('',#3597,2.45E-1);
#3606=CIRCLE('',#3605,2.45E-1);
#3614=CIRCLE('',#3613,2.45E-1);
#3622=CIRCLE('',#3621,2.45E-1);
#3630=CIRCLE('',#3629,2.45E-1);
#3638=CIRCLE('',#3637,2.45E-1);
#3646=CIRCLE('',#3645,2.45E-1);
#3668=CIRCLE('',#3667,2.46E-1);
#3676=CIRCLE('',#3675,6.71E-1);
#3684=CIRCLE('',#3683,2.46E-1);
#3692=CIRCLE('',#3691,1.79E-1);
#3700=CIRCLE('',#3699,2.46E-1);
#3715=CIRCLE('',#3714,2.46E-1);
#3730=CIRCLE('',#3729,2.46E-1);
#3738=CIRCLE('',#3737,2.46E-1);
#3767=CIRCLE('',#3766,2.45E-1);
#3775=CIRCLE('',#3774,2.45E-1);
#3783=CIRCLE('',#3782,1.E-1);
#3791=CIRCLE('',#3790,1.E-1);
#3883=EDGE_CURVE('',#3815,#3846,#3378,.T.);
#3885=EDGE_CURVE('',#3846,#3850,#3590,.T.);
#3887=EDGE_CURVE('',#3850,#3823,#3390,.T.);
#3889=EDGE_CURVE('',#3823,#3810,#3559,.T.);
#3891=EDGE_CURVE('',#3815,#3810,#3477,.T.);
#3895=ADVANCED_FACE('',(#3894),#3882,.T.);
#3925=EDGE_CURVE('',#3847,#3821,#3402,.T.);
#3927=EDGE_CURVE('',#3820,#3821,#3500,.T.);
#3929=EDGE_CURVE('',#3820,#3849,#3414,.T.);
#3931=EDGE_CURVE('',#3849,#3847,#3606,.T.);
#3935=ADVANCED_FACE('',(#3934),#3924,.T.);
#3965=EDGE_CURVE('',#3848,#3817,#3426,.T.);
#3967=EDGE_CURVE('',#3804,#3817,#3485,.T.);
#3969=EDGE_CURVE('',#3804,#3825,#3537,.T.);
#3971=EDGE_CURVE('',#3825,#3852,#3438,.T.);
#3973=EDGE_CURVE('',#3852,#3848,#3622,.T.);
#3977=ADVANCED_FACE('',(#3976),#3964,.T.);
#4007=EDGE_CURVE('',#3829,#3851,#3450,.T.);
#4009=EDGE_CURVE('',#3851,#3853,#3638,.T.);
#4011=EDGE_CURVE('',#3853,#3828,#3462,.T.);
#4013=EDGE_CURVE('',#3828,#3829,#3522,.T.);
#4017=ADVANCED_FACE('',(#4016),#4006,.T.);
#4024=EDGE_CURVE('',#3815,#3846,#3469,.T.);
#4028=ADVANCED_FACE('',(#4027),#4022,.F.);
#4036=EDGE_CURVE('',#3810,#3811,#3551,.T.);
#4038=EDGE_CURVE('',#3805,#3811,#3775,.T.);
#4040=EDGE_CURVE('',#3804,#3805,#3544,.T.);
#4043=EDGE_CURVE('',#3817,#3848,#3798,.T.);
#4045=EDGE_CURVE('',#3848,#3849,#3614,.T.);
#4047=EDGE_CURVE('',#3820,#3849,#3492,.T.);
#4050=EDGE_CURVE('',#3821,#3847,#3507,.T.);
#4052=EDGE_CURVE('',#3847,#3846,#3598,.T.);
#4056=ADVANCED_FACE('',(#4055),#4033,.T.);
#4062=EDGE_CURVE('',#3823,#3850,#3566,.T.);
#4064=EDGE_CURVE('',#3850,#3851,#3646,.T.);
#4066=EDGE_CURVE('',#3829,#3851,#3514,.T.);
#4069=EDGE_CURVE('',#3828,#3853,#3529,.T.);
#4071=EDGE_CURVE('',#3853,#3852,#3630,.T.);
#4073=EDGE_CURVE('',#3825,#3852,#3745,.T.);
#4077=EDGE_CURVE('',#3805,#3811,#3767,.T.);
#4083=ADVANCED_FACE('',(#4082),#4061,.T.);
#4093=ADVANCED_FACE('',(#4092),#4088,.T.);
#4099=EDGE_CURVE('',#3832,#3833,#3574,.T.);
#4101=EDGE_CURVE('',#3833,#3832,#3582,.T.);
#4115=ADVANCED_FACE('',(#4104,#4114),#4098,.F.);
#4122=EDGE_CURVE('',#3832,#3836,#3653,.T.);
#4124=EDGE_CURVE('',#3836,#3837,#3684,.T.);
#4126=EDGE_CURVE('',#3833,#3837,#3660,.T.);
#4130=ADVANCED_FACE('',(#4129),#4120,.T.);
#4150=EDGE_CURVE('',#3837,#3836,#3668,.T.);
#4155=ADVANCED_FACE('',(#4154),#4147,.T.);
#4174=EDGE_CURVE('',#3837,#3841,#3676,.T.);
#4176=EDGE_CURVE('',#3841,#3840,#3715,.T.);
#4178=EDGE_CURVE('',#3836,#3840,#3692,.T.);
#4182=ADVANCED_FACE('',(#4181),#4172,.T.);
#4202=EDGE_CURVE('',#3840,#3841,#3700,.T.);
#4207=ADVANCED_FACE('',(#4206),#4199,.T.);
#4226=EDGE_CURVE('',#3840,#3844,#3707,.T.);
#4228=EDGE_CURVE('',#3844,#3845,#3730,.T.);
#4230=EDGE_CURVE('',#3841,#3845,#3722,.T.);
#4234=ADVANCED_FACE('',(#4233),#4224,.T.);
#4254=EDGE_CURVE('',#3845,#3844,#3738,.T.);
#4259=ADVANCED_FACE('',(#4258),#4251,.T.);
#4281=ADVANCED_FACE('',(#4280),#4276,.T.);
#4291=ADVANCED_FACE('',(#4290),#4286,.T.);
#4301=ADVANCED_FACE('',(#4300),#4296,.F.);
#4311=ADVANCED_FACE('',(#4310),#4306,.F.);
#4317=EDGE_CURVE('',#3805,#3807,#3752,.T.);
#4319=EDGE_CURVE('',#3807,#3813,#3783,.T.);
#4321=EDGE_CURVE('',#3811,#3813,#3759,.T.);
#4326=ADVANCED_FACE('',(#4325),#4316,.T.);
#4335=EDGE_CURVE('',#3807,#3813,#3791,.T.);
#4339=ADVANCED_FACE('',(#4338),#4331,.T.);
#4349=ADVANCED_FACE('',(#4348),#4344,.F.);
#4359=ADVANCED_FACE('',(#4358),#4354,.T.);
#4369=ADVANCED_FACE('',(#4368),#4364,.T.);
#4379=ADVANCED_FACE('',(#4378),#4374,.F.);
#4388=(LENGTH_UNIT()NAMED_UNIT(*)SI_UNIT(.MILLI.,.METRE.));
#4390=(NAMED_UNIT(*)PLANE_ANGLE_UNIT()SI_UNIT($,.RADIAN.));
#4393=(NAMED_UNIT(*)SI_UNIT($,.STERADIAN.)SOLID_ANGLE_UNIT());
#4395=(GEOMETRIC_REPRESENTATION_CONTEXT(3)GLOBAL_UNCERTAINTY_ASSIGNED_CONTEXT((
#4394))GLOBAL_UNIT_ASSIGNED_CONTEXT((#4388,#4392,#4393))REPRESENTATION_CONTEXT(
'ID2','3'));
#4399=AXIS2_PLACEMENT_3D('',#4396,#4397,#4398);
#4400=ADVANCED_BREP_SHAPE_REPRESENTATION('',(#4399,#4381),#4395);
#4404=PRODUCT_DEFINITION('design','',#4403,#3348);
#4405=PRODUCT_DEFINITION_SHAPE('','SHAPE FOR M80-502XX22-PIN.',#4404);
#4406=SHAPE_DEFINITION_REPRESENTATION(#4405,#4400);
#4407=NEXT_ASSEMBLY_USAGE_OCCURRENCE('1488','Next assembly relationship',
'M80-502XX22-PIN',#9977,#4404,$);
#4408=PRODUCT_DEFINITION_SHAPE('Placement #1488',
'Placement of M80-502XX22-PIN with respect to M80-5022022_ASM',#4407);
#4416=NEXT_ASSEMBLY_USAGE_OCCURRENCE('1489','Next assembly relationship',
'M80-502XX22-PIN',#9977,#4404,$);
#4417=PRODUCT_DEFINITION_SHAPE('Placement #1489',
'Placement of M80-502XX22-PIN with respect to M80-5022022_ASM',#4416);
#4425=NEXT_ASSEMBLY_USAGE_OCCURRENCE('1490','Next assembly relationship',
'M80-502XX22-PIN',#9977,#4404,$);
#4426=PRODUCT_DEFINITION_SHAPE('Placement #1490',
'Placement of M80-502XX22-PIN with respect to M80-5022022_ASM',#4425);
#4434=NEXT_ASSEMBLY_USAGE_OCCURRENCE('1491','Next assembly relationship',
'M80-502XX22-PIN',#9977,#4404,$);
#4435=PRODUCT_DEFINITION_SHAPE('Placement #1491',
'Placement of M80-502XX22-PIN with respect to M80-5022022_ASM',#4434);
#4443=COLOUR_RGB('',6.58824E-1,6.58824E-1,6.58824E-1);
#4491=CIRCLE('',#4490,1.49E0);
#4499=CIRCLE('',#4498,1.49E0);
#4507=CIRCLE('',#4506,1.49E0);
#4557=CIRCLE('',#4556,1.49E0);
#4579=CIRCLE('',#4578,1.55E0);
#4587=CIRCLE('',#4586,1.55E0);
#4595=CIRCLE('',#4594,1.49E0);
#4603=CIRCLE('',#4602,1.49E0);
#4615=B_SPLINE_CURVE_WITH_KNOTS('',3,(#4607,#4608,#4609,#4610,#4611,#4612,#4613,
#4614),.UNSPECIFIED.,.F.,.F.,(4,1,1,1,1,4),(0.E0,2.E-1,4.E-1,6.E-1,8.E-1,1.E0),
.UNSPECIFIED.);
#4627=B_SPLINE_CURVE_WITH_KNOTS('',3,(#4619,#4620,#4621,#4622,#4623,#4624,#4625,
#4626),.UNSPECIFIED.,.F.,.F.,(4,1,1,1,1,4),(0.E0,2.E-1,4.E-1,6.E-1,8.E-1,1.E0),
.UNSPECIFIED.);
#4642=CIRCLE('',#4641,1.49E0);
#4650=CIRCLE('',#4649,1.49E0);
#4665=CIRCLE('',#4664,1.55E0);
#4673=CIRCLE('',#4672,1.55E0);
#4685=B_SPLINE_CURVE_WITH_KNOTS('',3,(#4677,#4678,#4679,#4680,#4681,#4682,#4683,
#4684),.UNSPECIFIED.,.F.,.F.,(4,1,1,1,1,4),(0.E0,2.E-1,4.E-1,6.E-1,8.E-1,1.E0),
.UNSPECIFIED.);
#4697=B_SPLINE_CURVE_WITH_KNOTS('',3,(#4689,#4690,#4691,#4692,#4693,#4694,#4695,
#4696),.UNSPECIFIED.,.F.,.F.,(4,1,1,1,1,4),(0.E0,2.E-1,4.E-1,6.E-1,8.E-1,1.E0),
.UNSPECIFIED.);
#4714=B_SPLINE_CURVE_WITH_KNOTS('',3,(#4701,#4702,#4703,#4704,#4705,#4706,#4707,
#4708,#4709,#4710,#4711,#4712,#4713),.UNSPECIFIED.,.F.,.F.,(4,1,1,1,1,1,1,1,1,1,
4),(0.E0,1.E-1,2.E-1,3.E-1,4.E-1,5.E-1,6.E-1,7.E-1,8.E-1,9.E-1,1.E0),
.UNSPECIFIED.);
#4731=B_SPLINE_CURVE_WITH_KNOTS('',3,(#4718,#4719,#4720,#4721,#4722,#4723,#4724,
#4725,#4726,#4727,#4728,#4729,#4730),.UNSPECIFIED.,.F.,.F.,(4,1,1,1,1,1,1,1,1,1,
4),(0.E0,1.E-1,2.E-1,3.E-1,4.E-1,5.E-1,6.E-1,7.E-1,8.E-1,9.E-1,1.E0),
.UNSPECIFIED.);
#4739=CIRCLE('',#4738,1.316794919243E0);
#4754=CIRCLE('',#4753,1.49E0);
#4769=CIRCLE('',#4768,1.316794919243E0);
#4777=CIRCLE('',#4776,1.49E0);
#4792=B_SPLINE_CURVE_WITH_KNOTS('',3,(#4781,#4782,#4783,#4784,#4785,#4786,#4787,
#4788,#4789,#4790,#4791),.UNSPECIFIED.,.F.,.F.,(4,1,1,1,1,1,1,1,4),(0.E0,
1.25E-1,2.5E-1,3.75E-1,5.E-1,6.25E-1,7.5E-1,8.75E-1,1.E0),.UNSPECIFIED.);
#4800=CIRCLE('',#4799,8.115E-1);
#4819=B_SPLINE_CURVE_WITH_KNOTS('',3,(#4804,#4805,#4806,#4807,#4808,#4809,#4810,
#4811,#4812,#4813,#4814,#4815,#4816,#4817,#4818),.UNSPECIFIED.,.F.,.F.,(4,1,1,1,
1,1,1,1,1,1,1,1,4),(0.E0,8.333333333333E-2,1.666666666667E-1,2.5E-1,
3.333333333333E-1,4.166666666667E-1,5.E-1,5.833333333333E-1,6.666666666667E-1,
7.5E-1,8.333333333333E-1,9.166666666667E-1,1.E0),.UNSPECIFIED.);
#4834=CIRCLE('',#4833,1.1115E0);
#4849=CIRCLE('',#4848,1.E0);
#4874=B_SPLINE_CURVE_WITH_KNOTS('',3,(#4853,#4854,#4855,#4856,#4857,#4858,#4859,
#4860,#4861,#4862,#4863,#4864,#4865,#4866,#4867,#4868,#4869,#4870,#4871,#4872,
#4873),.UNSPECIFIED.,.F.,.F.,(4,1,1,1,1,1,1,1,1,1,1,1,1,1,1,1,1,1,4),(0.E0,
5.555555555556E-2,1.111111111111E-1,1.666666666667E-1,2.222222222222E-1,
2.777777777778E-1,3.333333333333E-1,3.888888888889E-1,4.444444444444E-1,5.E-1,
5.555555555556E-1,6.111111111111E-1,6.666666666667E-1,7.222222222222E-1,
7.777777777778E-1,8.333333333333E-1,8.888888888889E-1,9.444444444444E-1,1.E0),
.UNSPECIFIED.);
#4899=B_SPLINE_CURVE_WITH_KNOTS('',3,(#4878,#4879,#4880,#4881,#4882,#4883,#4884,
#4885,#4886,#4887,#4888,#4889,#4890,#4891,#4892,#4893,#4894,#4895,#4896,#4897,
#4898),.UNSPECIFIED.,.F.,.F.,(4,1,1,1,1,1,1,1,1,1,1,1,1,1,1,1,1,1,4),(0.E0,
5.555555555556E-2,1.111111111111E-1,1.666666666667E-1,2.222222222222E-1,
2.777777777778E-1,3.333333333333E-1,3.888888888889E-1,4.444444444444E-1,5.E-1,
5.555555555556E-1,6.111111111111E-1,6.666666666667E-1,7.222222222222E-1,
7.777777777778E-1,8.333333333333E-1,8.888888888889E-1,9.444444444444E-1,1.E0),
.UNSPECIFIED.);
#4931=B_SPLINE_CURVE_WITH_KNOTS('',3,(#4910,#4911,#4912,#4913,#4914,#4915,#4916,
#4917,#4918,#4919,#4920,#4921,#4922,#4923,#4924,#4925,#4926,#4927,#4928,#4929,
#4930),.UNSPECIFIED.,.F.,.F.,(4,1,1,1,1,1,1,1,1,1,1,1,1,1,1,1,1,1,4),(0.E0,
5.555555555556E-2,1.111111111111E-1,1.666666666667E-1,2.222222222222E-1,
2.777777777778E-1,3.333333333333E-1,3.888888888889E-1,4.444444444444E-1,5.E-1,
5.555555555556E-1,6.111111111111E-1,6.666666666667E-1,7.222222222222E-1,
7.777777777778E-1,8.333333333333E-1,8.888888888889E-1,9.444444444444E-1,1.E0),
.UNSPECIFIED.);
#4956=B_SPLINE_CURVE_WITH_KNOTS('',3,(#4935,#4936,#4937,#4938,#4939,#4940,#4941,
#4942,#4943,#4944,#4945,#4946,#4947,#4948,#4949,#4950,#4951,#4952,#4953,#4954,
#4955),.UNSPECIFIED.,.F.,.F.,(4,1,1,1,1,1,1,1,1,1,1,1,1,1,1,1,1,1,4),(0.E0,
5.555555555556E-2,1.111111111111E-1,1.666666666667E-1,2.222222222222E-1,
2.777777777778E-1,3.333333333333E-1,3.888888888889E-1,4.444444444444E-1,5.E-1,
5.555555555556E-1,6.111111111111E-1,6.666666666667E-1,7.222222222222E-1,
7.777777777778E-1,8.333333333333E-1,8.888888888889E-1,9.444444444444E-1,1.E0),
.UNSPECIFIED.);
#4988=B_SPLINE_CURVE_WITH_KNOTS('',3,(#4967,#4968,#4969,#4970,#4971,#4972,#4973,
#4974,#4975,#4976,#4977,#4978,#4979,#4980,#4981,#4982,#4983,#4984,#4985,#4986,
#4987),.UNSPECIFIED.,.F.,.F.,(4,1,1,1,1,1,1,1,1,1,1,1,1,1,1,1,1,1,4),(0.E0,
5.555555555556E-2,1.111111111111E-1,1.666666666667E-1,2.222222222222E-1,
2.777777777778E-1,3.333333333333E-1,3.888888888889E-1,4.444444444444E-1,5.E-1,
5.555555555556E-1,6.111111111111E-1,6.666666666667E-1,7.222222222222E-1,
7.777777777778E-1,8.333333333333E-1,8.888888888889E-1,9.444444444444E-1,1.E0),
.UNSPECIFIED.);
#5013=B_SPLINE_CURVE_WITH_KNOTS('',3,(#4992,#4993,#4994,#4995,#4996,#4997,#4998,
#4999,#5000,#5001,#5002,#5003,#5004,#5005,#5006,#5007,#5008,#5009,#5010,#5011,
#5012),.UNSPECIFIED.,.F.,.F.,(4,1,1,1,1,1,1,1,1,1,1,1,1,1,1,1,1,1,4),(0.E0,
5.555555555556E-2,1.111111111111E-1,1.666666666667E-1,2.222222222222E-1,
2.777777777778E-1,3.333333333333E-1,3.888888888889E-1,4.444444444444E-1,5.E-1,
5.555555555556E-1,6.111111111111E-1,6.666666666667E-1,7.222222222222E-1,
7.777777777778E-1,8.333333333333E-1,8.888888888889E-1,9.444444444444E-1,1.E0),
.UNSPECIFIED.);
#5045=B_SPLINE_CURVE_WITH_KNOTS('',3,(#5024,#5025,#5026,#5027,#5028,#5029,#5030,
#5031,#5032,#5033,#5034,#5035,#5036,#5037,#5038,#5039,#5040,#5041,#5042,#5043,
#5044),.UNSPECIFIED.,.F.,.F.,(4,1,1,1,1,1,1,1,1,1,1,1,1,1,1,1,1,1,4),(0.E0,
5.555555555556E-2,1.111111111111E-1,1.666666666667E-1,2.222222222222E-1,
2.777777777778E-1,3.333333333333E-1,3.888888888889E-1,4.444444444444E-1,5.E-1,
5.555555555556E-1,6.111111111111E-1,6.666666666667E-1,7.222222222222E-1,
7.777777777778E-1,8.333333333333E-1,8.888888888889E-1,9.444444444444E-1,1.E0),
.UNSPECIFIED.);
#5070=B_SPLINE_CURVE_WITH_KNOTS('',3,(#5049,#5050,#5051,#5052,#5053,#5054,#5055,
#5056,#5057,#5058,#5059,#5060,#5061,#5062,#5063,#5064,#5065,#5066,#5067,#5068,
#5069),.UNSPECIFIED.,.F.,.F.,(4,1,1,1,1,1,1,1,1,1,1,1,1,1,1,1,1,1,4),(0.E0,
5.555555555556E-2,1.111111111111E-1,1.666666666667E-1,2.222222222222E-1,
2.777777777778E-1,3.333333333333E-1,3.888888888889E-1,4.444444444444E-1,5.E-1,
5.555555555556E-1,6.111111111111E-1,6.666666666667E-1,7.222222222222E-1,
7.777777777778E-1,8.333333333333E-1,8.888888888889E-1,9.444444444444E-1,1.E0),
.UNSPECIFIED.);
#5102=B_SPLINE_CURVE_WITH_KNOTS('',3,(#5081,#5082,#5083,#5084,#5085,#5086,#5087,
#5088,#5089,#5090,#5091,#5092,#5093,#5094,#5095,#5096,#5097,#5098,#5099,#5100,
#5101),.UNSPECIFIED.,.F.,.F.,(4,1,1,1,1,1,1,1,1,1,1,1,1,1,1,1,1,1,4),(0.E0,
5.555555555556E-2,1.111111111111E-1,1.666666666667E-1,2.222222222222E-1,
2.777777777778E-1,3.333333333333E-1,3.888888888889E-1,4.444444444444E-1,5.E-1,
5.555555555556E-1,6.111111111111E-1,6.666666666667E-1,7.222222222222E-1,
7.777777777778E-1,8.333333333333E-1,8.888888888889E-1,9.444444444444E-1,1.E0),
.UNSPECIFIED.);
#5127=B_SPLINE_CURVE_WITH_KNOTS('',3,(#5106,#5107,#5108,#5109,#5110,#5111,#5112,
#5113,#5114,#5115,#5116,#5117,#5118,#5119,#5120,#5121,#5122,#5123,#5124,#5125,
#5126),.UNSPECIFIED.,.F.,.F.,(4,1,1,1,1,1,1,1,1,1,1,1,1,1,1,1,1,1,4),(0.E0,
5.555555555556E-2,1.111111111111E-1,1.666666666667E-1,2.222222222222E-1,
2.777777777778E-1,3.333333333333E-1,3.888888888889E-1,4.444444444444E-1,5.E-1,
5.555555555556E-1,6.111111111111E-1,6.666666666667E-1,7.222222222222E-1,
7.777777777778E-1,8.333333333333E-1,8.888888888889E-1,9.444444444444E-1,1.E0),
.UNSPECIFIED.);
#5159=B_SPLINE_CURVE_WITH_KNOTS('',3,(#5138,#5139,#5140,#5141,#5142,#5143,#5144,
#5145,#5146,#5147,#5148,#5149,#5150,#5151,#5152,#5153,#5154,#5155,#5156,#5157,
#5158),.UNSPECIFIED.,.F.,.F.,(4,1,1,1,1,1,1,1,1,1,1,1,1,1,1,1,1,1,4),(0.E0,
5.555555555556E-2,1.111111111111E-1,1.666666666667E-1,2.222222222222E-1,
2.777777777778E-1,3.333333333333E-1,3.888888888889E-1,4.444444444444E-1,5.E-1,
5.555555555556E-1,6.111111111111E-1,6.666666666667E-1,7.222222222222E-1,
7.777777777778E-1,8.333333333333E-1,8.888888888889E-1,9.444444444444E-1,1.E0),
.UNSPECIFIED.);
#5184=B_SPLINE_CURVE_WITH_KNOTS('',3,(#5163,#5164,#5165,#5166,#5167,#5168,#5169,
#5170,#5171,#5172,#5173,#5174,#5175,#5176,#5177,#5178,#5179,#5180,#5181,#5182,
#5183),.UNSPECIFIED.,.F.,.F.,(4,1,1,1,1,1,1,1,1,1,1,1,1,1,1,1,1,1,4),(0.E0,
5.555555555556E-2,1.111111111111E-1,1.666666666667E-1,2.222222222222E-1,
2.777777777778E-1,3.333333333333E-1,3.888888888889E-1,4.444444444444E-1,5.E-1,
5.555555555556E-1,6.111111111111E-1,6.666666666667E-1,7.222222222222E-1,
7.777777777778E-1,8.333333333333E-1,8.888888888889E-1,9.444444444444E-1,1.E0),
.UNSPECIFIED.);
#5216=B_SPLINE_CURVE_WITH_KNOTS('',3,(#5195,#5196,#5197,#5198,#5199,#5200,#5201,
#5202,#5203,#5204,#5205,#5206,#5207,#5208,#5209,#5210,#5211,#5212,#5213,#5214,
#5215),.UNSPECIFIED.,.F.,.F.,(4,1,1,1,1,1,1,1,1,1,1,1,1,1,1,1,1,1,4),(0.E0,
5.555555555556E-2,1.111111111111E-1,1.666666666667E-1,2.222222222222E-1,
2.777777777778E-1,3.333333333333E-1,3.888888888889E-1,4.444444444444E-1,5.E-1,
5.555555555556E-1,6.111111111111E-1,6.666666666667E-1,7.222222222222E-1,
7.777777777778E-1,8.333333333333E-1,8.888888888889E-1,9.444444444444E-1,1.E0),
.UNSPECIFIED.);
#5241=B_SPLINE_CURVE_WITH_KNOTS('',3,(#5220,#5221,#5222,#5223,#5224,#5225,#5226,
#5227,#5228,#5229,#5230,#5231,#5232,#5233,#5234,#5235,#5236,#5237,#5238,#5239,
#5240),.UNSPECIFIED.,.F.,.F.,(4,1,1,1,1,1,1,1,1,1,1,1,1,1,1,1,1,1,4),(0.E0,
5.555555555556E-2,1.111111111111E-1,1.666666666667E-1,2.222222222222E-1,
2.777777777778E-1,3.333333333333E-1,3.888888888889E-1,4.444444444444E-1,5.E-1,
5.555555555556E-1,6.111111111111E-1,6.666666666667E-1,7.222222222222E-1,
7.777777777778E-1,8.333333333333E-1,8.888888888889E-1,9.444444444444E-1,1.E0),
.UNSPECIFIED.);
#5273=B_SPLINE_CURVE_WITH_KNOTS('',3,(#5252,#5253,#5254,#5255,#5256,#5257,#5258,
#5259,#5260,#5261,#5262,#5263,#5264,#5265,#5266,#5267,#5268,#5269,#5270,#5271,
#5272),.UNSPECIFIED.,.F.,.F.,(4,1,1,1,1,1,1,1,1,1,1,1,1,1,1,1,1,1,4),(0.E0,
5.555555555556E-2,1.111111111111E-1,1.666666666667E-1,2.222222222222E-1,
2.777777777778E-1,3.333333333333E-1,3.888888888889E-1,4.444444444444E-1,5.E-1,
5.555555555556E-1,6.111111111111E-1,6.666666666667E-1,7.222222222222E-1,
7.777777777778E-1,8.333333333333E-1,8.888888888889E-1,9.444444444444E-1,1.E0),
.UNSPECIFIED.);
#5298=B_SPLINE_CURVE_WITH_KNOTS('',3,(#5277,#5278,#5279,#5280,#5281,#5282,#5283,
#5284,#5285,#5286,#5287,#5288,#5289,#5290,#5291,#5292,#5293,#5294,#5295,#5296,
#5297),.UNSPECIFIED.,.F.,.F.,(4,1,1,1,1,1,1,1,1,1,1,1,1,1,1,1,1,1,4),(0.E0,
5.555555555556E-2,1.111111111111E-1,1.666666666667E-1,2.222222222222E-1,
2.777777777778E-1,3.333333333333E-1,3.888888888889E-1,4.444444444444E-1,5.E-1,
5.555555555556E-1,6.111111111111E-1,6.666666666667E-1,7.222222222222E-1,
7.777777777778E-1,8.333333333333E-1,8.888888888889E-1,9.444444444444E-1,1.E0),
.UNSPECIFIED.);
#5330=B_SPLINE_CURVE_WITH_KNOTS('',3,(#5309,#5310,#5311,#5312,#5313,#5314,#5315,
#5316,#5317,#5318,#5319,#5320,#5321,#5322,#5323,#5324,#5325,#5326,#5327,#5328,
#5329),.UNSPECIFIED.,.F.,.F.,(4,1,1,1,1,1,1,1,1,1,1,1,1,1,1,1,1,1,4),(0.E0,
5.555555555556E-2,1.111111111111E-1,1.666666666667E-1,2.222222222222E-1,
2.777777777778E-1,3.333333333333E-1,3.888888888889E-1,4.444444444444E-1,5.E-1,
5.555555555556E-1,6.111111111111E-1,6.666666666667E-1,7.222222222222E-1,
7.777777777778E-1,8.333333333333E-1,8.888888888889E-1,9.444444444444E-1,1.E0),
.UNSPECIFIED.);
#5355=B_SPLINE_CURVE_WITH_KNOTS('',3,(#5334,#5335,#5336,#5337,#5338,#5339,#5340,
#5341,#5342,#5343,#5344,#5345,#5346,#5347,#5348,#5349,#5350,#5351,#5352,#5353,
#5354),.UNSPECIFIED.,.F.,.F.,(4,1,1,1,1,1,1,1,1,1,1,1,1,1,1,1,1,1,4),(0.E0,
5.555555555556E-2,1.111111111111E-1,1.666666666667E-1,2.222222222222E-1,
2.777777777778E-1,3.333333333333E-1,3.888888888889E-1,4.444444444444E-1,5.E-1,
5.555555555556E-1,6.111111111111E-1,6.666666666667E-1,7.222222222222E-1,
7.777777777778E-1,8.333333333333E-1,8.888888888889E-1,9.444444444444E-1,1.E0),
.UNSPECIFIED.);
#5384=B_SPLINE_CURVE_WITH_KNOTS('',3,(#5366,#5367,#5368,#5369,#5370,#5371,#5372,
#5373,#5374,#5375,#5376,#5377,#5378,#5379,#5380,#5381,#5382,#5383),
.UNSPECIFIED.,.F.,.F.,(4,1,1,1,1,1,1,1,1,1,1,1,1,1,1,4),(0.E0,6.666666666667E-2,
1.333333333333E-1,2.E-1,2.666666666667E-1,3.333333333333E-1,4.E-1,
4.666666666667E-1,5.333333333333E-1,6.E-1,6.666666666667E-1,7.333333333333E-1,
8.E-1,8.666666666667E-1,9.333333333333E-1,1.E0),.UNSPECIFIED.);
#5394=B_SPLINE_CURVE_WITH_KNOTS('',3,(#5388,#5389,#5390,#5391,#5392,#5393),
.UNSPECIFIED.,.F.,.F.,(4,1,1,4),(0.E0,3.333333333333E-1,6.666666666667E-1,1.E0),
.UNSPECIFIED.);
#5420=B_SPLINE_CURVE_WITH_KNOTS('',3,(#5405,#5406,#5407,#5408,#5409,#5410,#5411,
#5412,#5413,#5414,#5415,#5416,#5417,#5418,#5419),.UNSPECIFIED.,.F.,.F.,(4,1,1,1,
1,1,1,1,1,1,1,1,4),(0.E0,8.333333333333E-2,1.666666666667E-1,2.5E-1,
3.333333333333E-1,4.166666666667E-1,5.E-1,5.833333333333E-1,6.666666666667E-1,
7.5E-1,8.333333333333E-1,9.166666666667E-1,1.E0),.UNSPECIFIED.);
#5434=B_SPLINE_CURVE_WITH_KNOTS('',3,(#5424,#5425,#5426,#5427,#5428,#5429,#5430,
#5431,#5432,#5433),.UNSPECIFIED.,.F.,.F.,(4,1,1,1,1,1,1,4),(0.E0,
1.428571428571E-1,2.857142857143E-1,4.285714285714E-1,5.714285714286E-1,
7.142857142857E-1,8.571428571429E-1,1.E0),.UNSPECIFIED.);
#5459=B_SPLINE_CURVE_WITH_KNOTS('',3,(#5438,#5439,#5440,#5441,#5442,#5443,#5444,
#5445,#5446,#5447,#5448,#5449,#5450,#5451,#5452,#5453,#5454,#5455,#5456,#5457,
#5458),.UNSPECIFIED.,.F.,.F.,(4,1,1,1,1,1,1,1,1,1,1,1,1,1,1,1,1,1,4),(0.E0,
5.555555555556E-2,1.111111111111E-1,1.666666666667E-1,2.222222222222E-1,
2.777777777778E-1,3.333333333333E-1,3.888888888889E-1,4.444444444444E-1,5.E-1,
5.555555555556E-1,6.111111111111E-1,6.666666666667E-1,7.222222222222E-1,
7.777777777778E-1,8.333333333333E-1,8.888888888889E-1,9.444444444444E-1,1.E0),
.UNSPECIFIED.);
#5498=B_SPLINE_CURVE_WITH_KNOTS('',3,(#5470,#5471,#5472,#5473,#5474,#5475,#5476,
#5477,#5478,#5479,#5480,#5481,#5482,#5483,#5484,#5485,#5486,#5487,#5488,#5489,
#5490,#5491,#5492,#5493,#5494,#5495,#5496,#5497),.UNSPECIFIED.,.F.,.F.,(4,1,1,1,
1,1,1,1,1,1,1,1,1,1,1,1,1,1,1,1,1,1,1,1,1,4),(0.E0,4.E-2,8.E-2,1.2E-1,1.6E-1,
2.E-1,2.4E-1,2.8E-1,3.2E-1,3.6E-1,4.E-1,4.4E-1,4.8E-1,5.2E-1,5.6E-1,6.E-1,
6.4E-1,6.8E-1,7.2E-1,7.6E-1,8.E-1,8.4E-1,8.8E-1,9.2E-1,9.6E-1,1.E0),
.UNSPECIFIED.);
#5519=B_SPLINE_CURVE_WITH_KNOTS('',3,(#5502,#5503,#5504,#5505,#5506,#5507,#5508,
#5509,#5510,#5511,#5512,#5513,#5514,#5515,#5516,#5517,#5518),.UNSPECIFIED.,.F.,
.F.,(4,1,1,1,1,1,1,1,1,1,1,1,1,1,4),(0.E0,7.142857142857E-2,1.428571428571E-1,
2.142857142857E-1,2.857142857143E-1,3.571428571429E-1,4.285714285714E-1,5.E-1,
5.714285714286E-1,6.428571428571E-1,7.142857142857E-1,7.857142857143E-1,
8.571428571429E-1,9.285714285714E-1,1.E0),.UNSPECIFIED.);
#5544=B_SPLINE_CURVE_WITH_KNOTS('',3,(#5523,#5524,#5525,#5526,#5527,#5528,#5529,
#5530,#5531,#5532,#5533,#5534,#5535,#5536,#5537,#5538,#5539,#5540,#5541,#5542,
#5543),.UNSPECIFIED.,.F.,.F.,(4,1,1,1,1,1,1,1,1,1,1,1,1,1,1,1,1,1,4),(0.E0,
5.555555555556E-2,1.111111111111E-1,1.666666666667E-1,2.222222222222E-1,
2.777777777778E-1,3.333333333333E-1,3.888888888889E-1,4.444444444444E-1,5.E-1,
5.555555555556E-1,6.111111111111E-1,6.666666666667E-1,7.222222222222E-1,
7.777777777778E-1,8.333333333333E-1,8.888888888889E-1,9.444444444444E-1,1.E0),
.UNSPECIFIED.);
#5558=B_SPLINE_CURVE_WITH_KNOTS('',3,(#5548,#5549,#5550,#5551,#5552,#5553,#5554,
#5555,#5556,#5557),.UNSPECIFIED.,.F.,.F.,(4,1,1,1,1,1,1,4),(0.E0,
1.428571428571E-1,2.857142857143E-1,4.285714285714E-1,5.714285714286E-1,
7.142857142857E-1,8.571428571429E-1,1.E0),.UNSPECIFIED.);
#5577=B_SPLINE_CURVE_WITH_KNOTS('',3,(#5562,#5563,#5564,#5565,#5566,#5567,#5568,
#5569,#5570,#5571,#5572,#5573,#5574,#5575,#5576),.UNSPECIFIED.,.F.,.F.,(4,1,1,1,
1,1,1,1,1,1,1,1,4),(0.E0,8.333333333333E-2,1.666666666667E-1,2.5E-1,
3.333333333333E-1,4.166666666667E-1,5.E-1,5.833333333333E-1,6.666666666667E-1,
7.5E-1,8.333333333333E-1,9.166666666667E-1,1.E0),.UNSPECIFIED.);
#5606=B_SPLINE_CURVE_WITH_KNOTS('',3,(#5588,#5589,#5590,#5591,#5592,#5593,#5594,
#5595,#5596,#5597,#5598,#5599,#5600,#5601,#5602,#5603,#5604,#5605),
.UNSPECIFIED.,.F.,.F.,(4,1,1,1,1,1,1,1,1,1,1,1,1,1,1,4),(0.E0,6.666666666667E-2,
1.333333333333E-1,2.E-1,2.666666666667E-1,3.333333333333E-1,4.E-1,
4.666666666667E-1,5.333333333333E-1,6.E-1,6.666666666667E-1,7.333333333333E-1,
8.E-1,8.666666666667E-1,9.333333333333E-1,1.E0),.UNSPECIFIED.);
#5617=B_SPLINE_CURVE_WITH_KNOTS('',3,(#5610,#5611,#5612,#5613,#5614,#5615,
#5616),.UNSPECIFIED.,.F.,.F.,(4,1,1,1,4),(0.E0,2.5E-1,5.E-1,7.5E-1,1.E0),
.UNSPECIFIED.);
#5642=B_SPLINE_CURVE_WITH_KNOTS('',3,(#5621,#5622,#5623,#5624,#5625,#5626,#5627,
#5628,#5629,#5630,#5631,#5632,#5633,#5634,#5635,#5636,#5637,#5638,#5639,#5640,
#5641),.UNSPECIFIED.,.F.,.F.,(4,1,1,1,1,1,1,1,1,1,1,1,1,1,1,1,1,1,4),(0.E0,
5.555555555556E-2,1.111111111111E-1,1.666666666667E-1,2.222222222222E-1,
2.777777777778E-1,3.333333333333E-1,3.888888888889E-1,4.444444444444E-1,5.E-1,
5.555555555556E-1,6.111111111111E-1,6.666666666667E-1,7.222222222222E-1,
7.777777777778E-1,8.333333333333E-1,8.888888888889E-1,9.444444444444E-1,1.E0),
.UNSPECIFIED.);
#5674=B_SPLINE_CURVE_WITH_KNOTS('',3,(#5653,#5654,#5655,#5656,#5657,#5658,#5659,
#5660,#5661,#5662,#5663,#5664,#5665,#5666,#5667,#5668,#5669,#5670,#5671,#5672,
#5673),.UNSPECIFIED.,.F.,.F.,(4,1,1,1,1,1,1,1,1,1,1,1,1,1,1,1,1,1,4),(0.E0,
5.555555555556E-2,1.111111111111E-1,1.666666666667E-1,2.222222222222E-1,
2.777777777778E-1,3.333333333333E-1,3.888888888889E-1,4.444444444444E-1,5.E-1,
5.555555555556E-1,6.111111111111E-1,6.666666666667E-1,7.222222222222E-1,
7.777777777778E-1,8.333333333333E-1,8.888888888889E-1,9.444444444444E-1,1.E0),
.UNSPECIFIED.);
#5699=B_SPLINE_CURVE_WITH_KNOTS('',3,(#5678,#5679,#5680,#5681,#5682,#5683,#5684,
#5685,#5686,#5687,#5688,#5689,#5690,#5691,#5692,#5693,#5694,#5695,#5696,#5697,
#5698),.UNSPECIFIED.,.F.,.F.,(4,1,1,1,1,1,1,1,1,1,1,1,1,1,1,1,1,1,4),(0.E0,
5.555555555556E-2,1.111111111111E-1,1.666666666667E-1,2.222222222222E-1,
2.777777777778E-1,3.333333333333E-1,3.888888888889E-1,4.444444444444E-1,5.E-1,
5.555555555556E-1,6.111111111111E-1,6.666666666667E-1,7.222222222222E-1,
7.777777777778E-1,8.333333333333E-1,8.888888888889E-1,9.444444444444E-1,1.E0),
.UNSPECIFIED.);
#5731=B_SPLINE_CURVE_WITH_KNOTS('',3,(#5710,#5711,#5712,#5713,#5714,#5715,#5716,
#5717,#5718,#5719,#5720,#5721,#5722,#5723,#5724,#5725,#5726,#5727,#5728,#5729,
#5730),.UNSPECIFIED.,.F.,.F.,(4,1,1,1,1,1,1,1,1,1,1,1,1,1,1,1,1,1,4),(0.E0,
5.555555555556E-2,1.111111111111E-1,1.666666666667E-1,2.222222222222E-1,
2.777777777778E-1,3.333333333333E-1,3.888888888889E-1,4.444444444444E-1,5.E-1,
5.555555555556E-1,6.111111111111E-1,6.666666666667E-1,7.222222222222E-1,
7.777777777778E-1,8.333333333333E-1,8.888888888889E-1,9.444444444444E-1,1.E0),
.UNSPECIFIED.);
#5742=B_SPLINE_CURVE_WITH_KNOTS('',3,(#5735,#5736,#5737,#5738,#5739,#5740,
#5741),.UNSPECIFIED.,.F.,.F.,(4,1,1,1,4),(0.E0,2.5E-1,5.E-1,7.5E-1,1.E0),
.UNSPECIFIED.);
#5764=B_SPLINE_CURVE_WITH_KNOTS('',3,(#5746,#5747,#5748,#5749,#5750,#5751,#5752,
#5753,#5754,#5755,#5756,#5757,#5758,#5759,#5760,#5761,#5762,#5763),
.UNSPECIFIED.,.F.,.F.,(4,1,1,1,1,1,1,1,1,1,1,1,1,1,1,4),(0.E0,6.666666666667E-2,
1.333333333333E-1,2.E-1,2.666666666667E-1,3.333333333333E-1,4.E-1,
4.666666666667E-1,5.333333333333E-1,6.E-1,6.666666666667E-1,7.333333333333E-1,
8.E-1,8.666666666667E-1,9.333333333333E-1,1.E0),.UNSPECIFIED.);
#5796=B_SPLINE_CURVE_WITH_KNOTS('',3,(#5775,#5776,#5777,#5778,#5779,#5780,#5781,
#5782,#5783,#5784,#5785,#5786,#5787,#5788,#5789,#5790,#5791,#5792,#5793,#5794,
#5795),.UNSPECIFIED.,.F.,.F.,(4,1,1,1,1,1,1,1,1,1,1,1,1,1,1,1,1,1,4),(0.E0,
5.555555555556E-2,1.111111111111E-1,1.666666666667E-1,2.222222222222E-1,
2.777777777778E-1,3.333333333333E-1,3.888888888889E-1,4.444444444444E-1,5.E-1,
5.555555555556E-1,6.111111111111E-1,6.666666666667E-1,7.222222222222E-1,
7.777777777778E-1,8.333333333333E-1,8.888888888889E-1,9.444444444444E-1,1.E0),
.UNSPECIFIED.);
#5821=B_SPLINE_CURVE_WITH_KNOTS('',3,(#5800,#5801,#5802,#5803,#5804,#5805,#5806,
#5807,#5808,#5809,#5810,#5811,#5812,#5813,#5814,#5815,#5816,#5817,#5818,#5819,
#5820),.UNSPECIFIED.,.F.,.F.,(4,1,1,1,1,1,1,1,1,1,1,1,1,1,1,1,1,1,4),(0.E0,
5.555555555556E-2,1.111111111111E-1,1.666666666667E-1,2.222222222222E-1,
2.777777777778E-1,3.333333333333E-1,3.888888888889E-1,4.444444444444E-1,5.E-1,
5.555555555556E-1,6.111111111111E-1,6.666666666667E-1,7.222222222222E-1,
7.777777777778E-1,8.333333333333E-1,8.888888888889E-1,9.444444444444E-1,1.E0),
.UNSPECIFIED.);
#5853=B_SPLINE_CURVE_WITH_KNOTS('',3,(#5832,#5833,#5834,#5835,#5836,#5837,#5838,
#5839,#5840,#5841,#5842,#5843,#5844,#5845,#5846,#5847,#5848,#5849,#5850,#5851,
#5852),.UNSPECIFIED.,.F.,.F.,(4,1,1,1,1,1,1,1,1,1,1,1,1,1,1,1,1,1,4),(0.E0,
5.555555555556E-2,1.111111111111E-1,1.666666666667E-1,2.222222222222E-1,
2.777777777778E-1,3.333333333333E-1,3.888888888889E-1,4.444444444444E-1,5.E-1,
5.555555555556E-1,6.111111111111E-1,6.666666666667E-1,7.222222222222E-1,
7.777777777778E-1,8.333333333333E-1,8.888888888889E-1,9.444444444444E-1,1.E0),
.UNSPECIFIED.);
#5863=B_SPLINE_CURVE_WITH_KNOTS('',3,(#5857,#5858,#5859,#5860,#5861,#5862),
.UNSPECIFIED.,.F.,.F.,(4,1,1,4),(0.E0,3.333333333333E-1,6.666666666667E-1,1.E0),
.UNSPECIFIED.);
#5887=B_SPLINE_CURVE_WITH_KNOTS('',3,(#5867,#5868,#5869,#5870,#5871,#5872,#5873,
#5874,#5875,#5876,#5877,#5878,#5879,#5880,#5881,#5882,#5883,#5884,#5885,#5886),
.UNSPECIFIED.,.F.,.F.,(4,1,1,1,1,1,1,1,1,1,1,1,1,1,1,1,1,4),(0.E0,
5.882352941176E-2,1.176470588235E-1,1.764705882353E-1,2.352941176471E-1,
2.941176470588E-1,3.529411764706E-1,4.117647058824E-1,4.705882352941E-1,
5.294117647059E-1,5.882352941176E-1,6.470588235294E-1,7.058823529412E-1,
7.647058823529E-1,8.235294117647E-1,8.823529411765E-1,9.411764705882E-1,1.E0),
.UNSPECIFIED.);
#5918=B_SPLINE_CURVE_WITH_KNOTS('',3,(#5898,#5899,#5900,#5901,#5902,#5903,#5904,
#5905,#5906,#5907,#5908,#5909,#5910,#5911,#5912,#5913,#5914,#5915,#5916,#5917),
.UNSPECIFIED.,.F.,.F.,(4,1,1,1,1,1,1,1,1,1,1,1,1,1,1,1,1,4),(0.E0,
5.882352941176E-2,1.176470588235E-1,1.764705882353E-1,2.352941176471E-1,
2.941176470588E-1,3.529411764706E-1,4.117647058824E-1,4.705882352941E-1,
5.294117647059E-1,5.882352941176E-1,6.470588235294E-1,7.058823529412E-1,
7.647058823529E-1,8.235294117647E-1,8.823529411765E-1,9.411764705882E-1,1.E0),
.UNSPECIFIED.);
#5928=B_SPLINE_CURVE_WITH_KNOTS('',3,(#5922,#5923,#5924,#5925,#5926,#5927),
.UNSPECIFIED.,.F.,.F.,(4,1,1,4),(0.E0,3.333333333333E-1,6.666666666667E-1,1.E0),
.UNSPECIFIED.);
#5953=B_SPLINE_CURVE_WITH_KNOTS('',3,(#5932,#5933,#5934,#5935,#5936,#5937,#5938,
#5939,#5940,#5941,#5942,#5943,#5944,#5945,#5946,#5947,#5948,#5949,#5950,#5951,
#5952),.UNSPECIFIED.,.F.,.F.,(4,1,1,1,1,1,1,1,1,1,1,1,1,1,1,1,1,1,4),(0.E0,
5.555555555556E-2,1.111111111111E-1,1.666666666667E-1,2.222222222222E-1,
2.777777777778E-1,3.333333333333E-1,3.888888888889E-1,4.444444444444E-1,5.E-1,
5.555555555556E-1,6.111111111111E-1,6.666666666667E-1,7.222222222222E-1,
7.777777777778E-1,8.333333333333E-1,8.888888888889E-1,9.444444444444E-1,1.E0),
.UNSPECIFIED.);
#5985=B_SPLINE_CURVE_WITH_KNOTS('',3,(#5964,#5965,#5966,#5967,#5968,#5969,#5970,
#5971,#5972,#5973,#5974,#5975,#5976,#5977,#5978,#5979,#5980,#5981,#5982,#5983,
#5984),.UNSPECIFIED.,.F.,.F.,(4,1,1,1,1,1,1,1,1,1,1,1,1,1,1,1,1,1,4),(0.E0,
5.555555555556E-2,1.111111111111E-1,1.666666666667E-1,2.222222222222E-1,
2.777777777778E-1,3.333333333333E-1,3.888888888889E-1,4.444444444444E-1,5.E-1,
5.555555555556E-1,6.111111111111E-1,6.666666666667E-1,7.222222222222E-1,
7.777777777778E-1,8.333333333333E-1,8.888888888889E-1,9.444444444444E-1,1.E0),
.UNSPECIFIED.);
#6010=B_SPLINE_CURVE_WITH_KNOTS('',3,(#5989,#5990,#5991,#5992,#5993,#5994,#5995,
#5996,#5997,#5998,#5999,#6000,#6001,#6002,#6003,#6004,#6005,#6006,#6007,#6008,
#6009),.UNSPECIFIED.,.F.,.F.,(4,1,1,1,1,1,1,1,1,1,1,1,1,1,1,1,1,1,4),(0.E0,
5.555555555556E-2,1.111111111111E-1,1.666666666667E-1,2.222222222222E-1,
2.777777777778E-1,3.333333333333E-1,3.888888888889E-1,4.444444444444E-1,5.E-1,
5.555555555556E-1,6.111111111111E-1,6.666666666667E-1,7.222222222222E-1,
7.777777777778E-1,8.333333333333E-1,8.888888888889E-1,9.444444444444E-1,1.E0),
.UNSPECIFIED.);
#6154=B_SPLINE_CURVE_WITH_KNOTS('',3,(#6035,#6036,#6037,#6038,#6039,#6040,#6041,
#6042,#6043,#6044,#6045,#6046,#6047,#6048,#6049,#6050,#6051,#6052,#6053,#6054,
#6055,#6056,#6057,#6058,#6059,#6060,#6061,#6062,#6063,#6064,#6065,#6066,#6067,
#6068,#6069,#6070,#6071,#6072,#6073,#6074,#6075,#6076,#6077,#6078,#6079,#6080,
#6081,#6082,#6083,#6084,#6085,#6086,#6087,#6088,#6089,#6090,#6091,#6092,#6093,
#6094,#6095,#6096,#6097,#6098,#6099,#6100,#6101,#6102,#6103,#6104,#6105,#6106,
#6107,#6108,#6109,#6110,#6111,#6112,#6113,#6114,#6115,#6116,#6117,#6118,#6119,
#6120,#6121,#6122,#6123,#6124,#6125,#6126,#6127,#6128,#6129,#6130,#6131,#6132,
#6133,#6134,#6135,#6136,#6137,#6138,#6139,#6140,#6141,#6142,#6143,#6144,#6145,
#6146,#6147,#6148,#6149,#6150,#6151,#6152,#6153),.UNSPECIFIED.,.F.,.F.,(4,1,1,1,
1,1,1,1,1,1,1,1,1,1,1,1,1,1,1,1,1,1,1,1,1,1,1,1,1,1,1,1,1,1,1,1,1,1,1,1,1,1,1,1,
1,1,1,1,1,1,1,1,1,1,1,1,1,1,1,1,1,1,1,1,1,1,1,1,1,1,1,1,1,1,1,1,1,1,1,1,1,1,1,1,
1,1,1,1,1,1,1,1,1,1,1,1,1,1,1,1,1,1,1,1,1,1,1,1,1,1,1,1,1,1,1,1,4),(0.E0,
8.620689655172E-3,1.724137931034E-2,2.586206896552E-2,3.448275862069E-2,
4.310344827586E-2,5.172413793103E-2,6.034482758621E-2,6.896551724138E-2,
7.758620689655E-2,8.620689655172E-2,9.482758620690E-2,1.034482758621E-1,
1.120689655172E-1,1.206896551724E-1,1.293103448276E-1,1.379310344828E-1,
1.465517241379E-1,1.551724137931E-1,1.637931034483E-1,1.724137931034E-1,
1.810344827586E-1,1.896551724138E-1,1.982758620690E-1,2.068965517241E-1,
2.155172413793E-1,2.241379310345E-1,2.327586206897E-1,2.413793103448E-1,2.5E-1,
2.586206896552E-1,2.672413793103E-1,2.758620689655E-1,2.844827586207E-1,
2.931034482759E-1,3.017241379310E-1,3.103448275862E-1,3.189655172414E-1,
3.275862068966E-1,3.362068965517E-1,3.448275862069E-1,3.534482758621E-1,
3.620689655172E-1,3.706896551724E-1,3.793103448276E-1,3.879310344828E-1,
3.965517241379E-1,4.051724137931E-1,4.137931034483E-1,4.224137931034E-1,
4.310344827586E-1,4.396551724138E-1,4.482758620690E-1,4.568965517241E-1,
4.655172413793E-1,4.741379310345E-1,4.827586206897E-1,4.913793103448E-1,5.E-1,
5.086206896552E-1,5.172413793103E-1,5.258620689655E-1,5.344827586207E-1,
5.431034482759E-1,5.517241379310E-1,5.603448275862E-1,5.689655172414E-1,
5.775862068966E-1,5.862068965517E-1,5.948275862069E-1,6.034482758621E-1,
6.120689655172E-1,6.206896551724E-1,6.293103448276E-1,6.379310344828E-1,
6.465517241379E-1,6.551724137931E-1,6.637931034483E-1,6.724137931034E-1,
6.810344827586E-1,6.896551724138E-1,6.982758620690E-1,7.068965517241E-1,
7.155172413793E-1,7.241379310345E-1,7.327586206897E-1,7.413793103448E-1,7.5E-1,
7.586206896552E-1,7.672413793103E-1,7.758620689655E-1,7.844827586207E-1,
7.931034482759E-1,8.017241379310E-1,8.103448275862E-1,8.189655172414E-1,
8.275862068966E-1,8.362068965517E-1,8.448275862069E-1,8.534482758621E-1,
8.620689655172E-1,8.706896551724E-1,8.793103448276E-1,8.879310344828E-1,
8.965517241379E-1,9.051724137931E-1,9.137931034483E-1,9.224137931034E-1,
9.310344827586E-1,9.396551724138E-1,9.482758620690E-1,9.568965517241E-1,
9.655172413793E-1,9.741379310345E-1,9.827586206897E-1,9.913793103448E-1,1.E0),
.UNSPECIFIED.);
#6251=B_SPLINE_CURVE_WITH_KNOTS('',3,(#6158,#6159,#6160,#6161,#6162,#6163,#6164,
#6165,#6166,#6167,#6168,#6169,#6170,#6171,#6172,#6173,#6174,#6175,#6176,#6177,
#6178,#6179,#6180,#6181,#6182,#6183,#6184,#6185,#6186,#6187,#6188,#6189,#6190,
#6191,#6192,#6193,#6194,#6195,#6196,#6197,#6198,#6199,#6200,#6201,#6202,#6203,
#6204,#6205,#6206,#6207,#6208,#6209,#6210,#6211,#6212,#6213,#6214,#6215,#6216,
#6217,#6218,#6219,#6220,#6221,#6222,#6223,#6224,#6225,#6226,#6227,#6228,#6229,
#6230,#6231,#6232,#6233,#6234,#6235,#6236,#6237,#6238,#6239,#6240,#6241,#6242,
#6243,#6244,#6245,#6246,#6247,#6248,#6249,#6250),.UNSPECIFIED.,.F.,.F.,(4,1,1,1,
1,1,1,1,1,1,1,1,1,1,1,1,1,1,1,1,1,1,1,1,1,1,1,1,1,1,1,1,1,1,1,1,1,1,1,1,1,1,1,1,
1,1,1,1,1,1,1,1,1,1,1,1,1,1,1,1,1,1,1,1,1,1,1,1,1,1,1,1,1,1,1,1,1,1,1,1,1,1,1,1,
1,1,1,1,1,1,4),(0.E0,1.111111111111E-2,2.222222222222E-2,3.333333333333E-2,
4.444444444444E-2,5.555555555556E-2,6.666666666667E-2,7.777777777778E-2,
8.888888888889E-2,1.E-1,1.111111111111E-1,1.222222222222E-1,1.333333333333E-1,
1.444444444444E-1,1.555555555556E-1,1.666666666667E-1,1.777777777778E-1,
1.888888888889E-1,2.E-1,2.111111111111E-1,2.222222222222E-1,2.333333333333E-1,
2.444444444444E-1,2.555555555556E-1,2.666666666667E-1,2.777777777778E-1,
2.888888888889E-1,3.E-1,3.111111111111E-1,3.222222222222E-1,3.333333333333E-1,
3.444444444444E-1,3.555555555556E-1,3.666666666667E-1,3.777777777778E-1,
3.888888888889E-1,4.E-1,4.111111111111E-1,4.222222222222E-1,4.333333333333E-1,
4.444444444444E-1,4.555555555556E-1,4.666666666667E-1,4.777777777778E-1,
4.888888888889E-1,5.E-1,5.111111111111E-1,5.222222222222E-1,5.333333333333E-1,
5.444444444444E-1,5.555555555556E-1,5.666666666667E-1,5.777777777778E-1,
5.888888888889E-1,6.E-1,6.111111111111E-1,6.222222222222E-1,6.333333333333E-1,
6.444444444444E-1,6.555555555556E-1,6.666666666667E-1,6.777777777778E-1,
6.888888888889E-1,7.E-1,7.111111111111E-1,7.222222222222E-1,7.333333333333E-1,
7.444444444444E-1,7.555555555556E-1,7.666666666667E-1,7.777777777778E-1,
7.888888888889E-1,8.E-1,8.111111111111E-1,8.222222222222E-1,8.333333333333E-1,
8.444444444444E-1,8.555555555556E-1,8.666666666667E-1,8.777777777778E-1,
8.888888888889E-1,9.E-1,9.111111111111E-1,9.222222222222E-1,9.333333333333E-1,
9.444444444444E-1,9.555555555556E-1,9.666666666667E-1,9.777777777778E-1,
9.888888888889E-1,1.E0),.UNSPECIFIED.);
#6259=CIRCLE('',#6258,1.E0);
#6267=CIRCLE('',#6266,1.1115E0);
#6290=B_SPLINE_CURVE_WITH_KNOTS('',3,(#6271,#6272,#6273,#6274,#6275,#6276,#6277,
#6278,#6279,#6280,#6281,#6282,#6283,#6284,#6285,#6286,#6287,#6288,#6289),
.UNSPECIFIED.,.F.,.F.,(4,1,1,1,1,1,1,1,1,1,1,1,1,1,1,1,4),(0.E0,6.25E-2,1.25E-1,
1.875E-1,2.5E-1,3.125E-1,3.75E-1,4.375E-1,5.E-1,5.625E-1,6.25E-1,6.875E-1,
7.5E-1,8.125E-1,8.75E-1,9.375E-1,1.E0),.UNSPECIFIED.);
#6382=B_SPLINE_CURVE_WITH_KNOTS('',3,(#6294,#6295,#6296,#6297,#6298,#6299,#6300,
#6301,#6302,#6303,#6304,#6305,#6306,#6307,#6308,#6309,#6310,#6311,#6312,#6313,
#6314,#6315,#6316,#6317,#6318,#6319,#6320,#6321,#6322,#6323,#6324,#6325,#6326,
#6327,#6328,#6329,#6330,#6331,#6332,#6333,#6334,#6335,#6336,#6337,#6338,#6339,
#6340,#6341,#6342,#6343,#6344,#6345,#6346,#6347,#6348,#6349,#6350,#6351,#6352,
#6353,#6354,#6355,#6356,#6357,#6358,#6359,#6360,#6361,#6362,#6363,#6364,#6365,
#6366,#6367,#6368,#6369,#6370,#6371,#6372,#6373,#6374,#6375,#6376,#6377,#6378,
#6379,#6380,#6381),.UNSPECIFIED.,.F.,.F.,(4,1,1,1,1,1,1,1,1,1,1,1,1,1,1,1,1,1,1,
1,1,1,1,1,1,1,1,1,1,1,1,1,1,1,1,1,1,1,1,1,1,1,1,1,1,1,1,1,1,1,1,1,1,1,1,1,1,1,1,
1,1,1,1,1,1,1,1,1,1,1,1,1,1,1,1,1,1,1,1,1,1,1,1,1,1,4),(0.E0,1.176470588235E-2,
2.352941176471E-2,3.529411764706E-2,4.705882352941E-2,5.882352941176E-2,
7.058823529412E-2,8.235294117647E-2,9.411764705882E-2,1.058823529412E-1,
1.176470588235E-1,1.294117647059E-1,1.411764705882E-1,1.529411764706E-1,
1.647058823529E-1,1.764705882353E-1,1.882352941176E-1,2.E-1,2.117647058824E-1,
2.235294117647E-1,2.352941176471E-1,2.470588235294E-1,2.588235294118E-1,
2.705882352941E-1,2.823529411765E-1,2.941176470588E-1,3.058823529412E-1,
3.176470588235E-1,3.294117647059E-1,3.411764705882E-1,3.529411764706E-1,
3.647058823529E-1,3.764705882353E-1,3.882352941176E-1,4.E-1,4.117647058824E-1,
4.235294117647E-1,4.352941176471E-1,4.470588235294E-1,4.588235294118E-1,
4.705882352941E-1,4.823529411765E-1,4.941176470588E-1,5.058823529412E-1,
5.176470588235E-1,5.294117647059E-1,5.411764705882E-1,5.529411764706E-1,
5.647058823529E-1,5.764705882353E-1,5.882352941176E-1,6.E-1,6.117647058824E-1,
6.235294117647E-1,6.352941176471E-1,6.470588235294E-1,6.588235294118E-1,
6.705882352941E-1,6.823529411765E-1,6.941176470588E-1,7.058823529412E-1,
7.176470588235E-1,7.294117647059E-1,7.411764705882E-1,7.529411764706E-1,
7.647058823529E-1,7.764705882353E-1,7.882352941176E-1,8.E-1,8.117647058824E-1,
8.235294117647E-1,8.352941176471E-1,8.470588235294E-1,8.588235294118E-1,
8.705882352941E-1,8.823529411765E-1,8.941176470588E-1,9.058823529412E-1,
9.176470588235E-1,9.294117647059E-1,9.411764705882E-1,9.529411764706E-1,
9.647058823529E-1,9.764705882353E-1,9.882352941176E-1,1.E0),.UNSPECIFIED.);
#6505=B_SPLINE_CURVE_WITH_KNOTS('',3,(#6386,#6387,#6388,#6389,#6390,#6391,#6392,
#6393,#6394,#6395,#6396,#6397,#6398,#6399,#6400,#6401,#6402,#6403,#6404,#6405,
#6406,#6407,#6408,#6409,#6410,#6411,#6412,#6413,#6414,#6415,#6416,#6417,#6418,
#6419,#6420,#6421,#6422,#6423,#6424,#6425,#6426,#6427,#6428,#6429,#6430,#6431,
#6432,#6433,#6434,#6435,#6436,#6437,#6438,#6439,#6440,#6441,#6442,#6443,#6444,
#6445,#6446,#6447,#6448,#6449,#6450,#6451,#6452,#6453,#6454,#6455,#6456,#6457,
#6458,#6459,#6460,#6461,#6462,#6463,#6464,#6465,#6466,#6467,#6468,#6469,#6470,
#6471,#6472,#6473,#6474,#6475,#6476,#6477,#6478,#6479,#6480,#6481,#6482,#6483,
#6484,#6485,#6486,#6487,#6488,#6489,#6490,#6491,#6492,#6493,#6494,#6495,#6496,
#6497,#6498,#6499,#6500,#6501,#6502,#6503,#6504),.UNSPECIFIED.,.F.,.F.,(4,1,1,1,
1,1,1,1,1,1,1,1,1,1,1,1,1,1,1,1,1,1,1,1,1,1,1,1,1,1,1,1,1,1,1,1,1,1,1,1,1,1,1,1,
1,1,1,1,1,1,1,1,1,1,1,1,1,1,1,1,1,1,1,1,1,1,1,1,1,1,1,1,1,1,1,1,1,1,1,1,1,1,1,1,
1,1,1,1,1,1,1,1,1,1,1,1,1,1,1,1,1,1,1,1,1,1,1,1,1,1,1,1,1,1,1,1,4),(0.E0,
8.620689655172E-3,1.724137931034E-2,2.586206896552E-2,3.448275862069E-2,
4.310344827586E-2,5.172413793103E-2,6.034482758621E-2,6.896551724138E-2,
7.758620689655E-2,8.620689655172E-2,9.482758620690E-2,1.034482758621E-1,
1.120689655172E-1,1.206896551724E-1,1.293103448276E-1,1.379310344828E-1,
1.465517241379E-1,1.551724137931E-1,1.637931034483E-1,1.724137931034E-1,
1.810344827586E-1,1.896551724138E-1,1.982758620690E-1,2.068965517241E-1,
2.155172413793E-1,2.241379310345E-1,2.327586206897E-1,2.413793103448E-1,2.5E-1,
2.586206896552E-1,2.672413793103E-1,2.758620689655E-1,2.844827586207E-1,
2.931034482759E-1,3.017241379310E-1,3.103448275862E-1,3.189655172414E-1,
3.275862068966E-1,3.362068965517E-1,3.448275862069E-1,3.534482758621E-1,
3.620689655172E-1,3.706896551724E-1,3.793103448276E-1,3.879310344828E-1,
3.965517241379E-1,4.051724137931E-1,4.137931034483E-1,4.224137931034E-1,
4.310344827586E-1,4.396551724138E-1,4.482758620690E-1,4.568965517241E-1,
4.655172413793E-1,4.741379310345E-1,4.827586206897E-1,4.913793103448E-1,5.E-1,
5.086206896552E-1,5.172413793103E-1,5.258620689655E-1,5.344827586207E-1,
5.431034482759E-1,5.517241379310E-1,5.603448275862E-1,5.689655172414E-1,
5.775862068966E-1,5.862068965517E-1,5.948275862069E-1,6.034482758621E-1,
6.120689655172E-1,6.206896551724E-1,6.293103448276E-1,6.379310344828E-1,
6.465517241379E-1,6.551724137931E-1,6.637931034483E-1,6.724137931034E-1,
6.810344827586E-1,6.896551724138E-1,6.982758620690E-1,7.068965517241E-1,
7.155172413793E-1,7.241379310345E-1,7.327586206897E-1,7.413793103448E-1,7.5E-1,
7.586206896552E-1,7.672413793103E-1,7.758620689655E-1,7.844827586207E-1,
7.931034482759E-1,8.017241379310E-1,8.103448275862E-1,8.189655172414E-1,
8.275862068966E-1,8.362068965517E-1,8.448275862069E-1,8.534482758621E-1,
8.620689655172E-1,8.706896551724E-1,8.793103448276E-1,8.879310344828E-1,
8.965517241379E-1,9.051724137931E-1,9.137931034483E-1,9.224137931034E-1,
9.310344827586E-1,9.396551724138E-1,9.482758620690E-1,9.568965517241E-1,
9.655172413793E-1,9.741379310345E-1,9.827586206897E-1,9.913793103448E-1,1.E0),
.UNSPECIFIED.);
#6635=B_SPLINE_CURVE_WITH_KNOTS('',3,(#6516,#6517,#6518,#6519,#6520,#6521,#6522,
#6523,#6524,#6525,#6526,#6527,#6528,#6529,#6530,#6531,#6532,#6533,#6534,#6535,
#6536,#6537,#6538,#6539,#6540,#6541,#6542,#6543,#6544,#6545,#6546,#6547,#6548,
#6549,#6550,#6551,#6552,#6553,#6554,#6555,#6556,#6557,#6558,#6559,#6560,#6561,
#6562,#6563,#6564,#6565,#6566,#6567,#6568,#6569,#6570,#6571,#6572,#6573,#6574,
#6575,#6576,#6577,#6578,#6579,#6580,#6581,#6582,#6583,#6584,#6585,#6586,#6587,
#6588,#6589,#6590,#6591,#6592,#6593,#6594,#6595,#6596,#6597,#6598,#6599,#6600,
#6601,#6602,#6603,#6604,#6605,#6606,#6607,#6608,#6609,#6610,#6611,#6612,#6613,
#6614,#6615,#6616,#6617,#6618,#6619,#6620,#6621,#6622,#6623,#6624,#6625,#6626,
#6627,#6628,#6629,#6630,#6631,#6632,#6633,#6634),.UNSPECIFIED.,.F.,.F.,(4,1,1,1,
1,1,1,1,1,1,1,1,1,1,1,1,1,1,1,1,1,1,1,1,1,1,1,1,1,1,1,1,1,1,1,1,1,1,1,1,1,1,1,1,
1,1,1,1,1,1,1,1,1,1,1,1,1,1,1,1,1,1,1,1,1,1,1,1,1,1,1,1,1,1,1,1,1,1,1,1,1,1,1,1,
1,1,1,1,1,1,1,1,1,1,1,1,1,1,1,1,1,1,1,1,1,1,1,1,1,1,1,1,1,1,1,1,4),(0.E0,
8.620689655172E-3,1.724137931034E-2,2.586206896552E-2,3.448275862069E-2,
4.310344827586E-2,5.172413793103E-2,6.034482758621E-2,6.896551724138E-2,
7.758620689655E-2,8.620689655172E-2,9.482758620690E-2,1.034482758621E-1,
1.120689655172E-1,1.206896551724E-1,1.293103448276E-1,1.379310344828E-1,
1.465517241379E-1,1.551724137931E-1,1.637931034483E-1,1.724137931034E-1,
1.810344827586E-1,1.896551724138E-1,1.982758620690E-1,2.068965517241E-1,
2.155172413793E-1,2.241379310345E-1,2.327586206897E-1,2.413793103448E-1,2.5E-1,
2.586206896552E-1,2.672413793103E-1,2.758620689655E-1,2.844827586207E-1,
2.931034482759E-1,3.017241379310E-1,3.103448275862E-1,3.189655172414E-1,
3.275862068966E-1,3.362068965517E-1,3.448275862069E-1,3.534482758621E-1,
3.620689655172E-1,3.706896551724E-1,3.793103448276E-1,3.879310344828E-1,
3.965517241379E-1,4.051724137931E-1,4.137931034483E-1,4.224137931034E-1,
4.310344827586E-1,4.396551724138E-1,4.482758620690E-1,4.568965517241E-1,
4.655172413793E-1,4.741379310345E-1,4.827586206897E-1,4.913793103448E-1,5.E-1,
5.086206896552E-1,5.172413793103E-1,5.258620689655E-1,5.344827586207E-1,
5.431034482759E-1,5.517241379310E-1,5.603448275862E-1,5.689655172414E-1,
5.775862068966E-1,5.862068965517E-1,5.948275862069E-1,6.034482758621E-1,
6.120689655172E-1,6.206896551724E-1,6.293103448276E-1,6.379310344828E-1,
6.465517241379E-1,6.551724137931E-1,6.637931034483E-1,6.724137931034E-1,
6.810344827586E-1,6.896551724138E-1,6.982758620690E-1,7.068965517241E-1,
7.155172413793E-1,7.241379310345E-1,7.327586206897E-1,7.413793103448E-1,7.5E-1,
7.586206896552E-1,7.672413793103E-1,7.758620689655E-1,7.844827586207E-1,
7.931034482759E-1,8.017241379310E-1,8.103448275862E-1,8.189655172414E-1,
8.275862068966E-1,8.362068965517E-1,8.448275862069E-1,8.534482758621E-1,
8.620689655172E-1,8.706896551724E-1,8.793103448276E-1,8.879310344828E-1,
8.965517241379E-1,9.051724137931E-1,9.137931034483E-1,9.224137931034E-1,
9.310344827586E-1,9.396551724138E-1,9.482758620690E-1,9.568965517241E-1,
9.655172413793E-1,9.741379310345E-1,9.827586206897E-1,9.913793103448E-1,1.E0),
.UNSPECIFIED.);
#6736=B_SPLINE_CURVE_WITH_KNOTS('',3,(#6646,#6647,#6648,#6649,#6650,#6651,#6652,
#6653,#6654,#6655,#6656,#6657,#6658,#6659,#6660,#6661,#6662,#6663,#6664,#6665,
#6666,#6667,#6668,#6669,#6670,#6671,#6672,#6673,#6674,#6675,#6676,#6677,#6678,
#6679,#6680,#6681,#6682,#6683,#6684,#6685,#6686,#6687,#6688,#6689,#6690,#6691,
#6692,#6693,#6694,#6695,#6696,#6697,#6698,#6699,#6700,#6701,#6702,#6703,#6704,
#6705,#6706,#6707,#6708,#6709,#6710,#6711,#6712,#6713,#6714,#6715,#6716,#6717,
#6718,#6719,#6720,#6721,#6722,#6723,#6724,#6725,#6726,#6727,#6728,#6729,#6730,
#6731,#6732,#6733,#6734,#6735),.UNSPECIFIED.,.F.,.F.,(4,1,1,1,1,1,1,1,1,1,1,1,1,
1,1,1,1,1,1,1,1,1,1,1,1,1,1,1,1,1,1,1,1,1,1,1,1,1,1,1,1,1,1,1,1,1,1,1,1,1,1,1,1,
1,1,1,1,1,1,1,1,1,1,1,1,1,1,1,1,1,1,1,1,1,1,1,1,1,1,1,1,1,1,1,1,1,1,4),(0.E0,
1.149425287356E-2,2.298850574713E-2,3.448275862069E-2,4.597701149425E-2,
5.747126436782E-2,6.896551724138E-2,8.045977011494E-2,9.195402298851E-2,
1.034482758621E-1,1.149425287356E-1,1.264367816092E-1,1.379310344828E-1,
1.494252873563E-1,1.609195402299E-1,1.724137931034E-1,1.839080459770E-1,
1.954022988506E-1,2.068965517241E-1,2.183908045977E-1,2.298850574713E-1,
2.413793103448E-1,2.528735632184E-1,2.643678160920E-1,2.758620689655E-1,
2.873563218391E-1,2.988505747126E-1,3.103448275862E-1,3.218390804598E-1,
3.333333333333E-1,3.448275862069E-1,3.563218390805E-1,3.678160919540E-1,
3.793103448276E-1,3.908045977011E-1,4.022988505747E-1,4.137931034483E-1,
4.252873563218E-1,4.367816091954E-1,4.482758620690E-1,4.597701149425E-1,
4.712643678161E-1,4.827586206897E-1,4.942528735632E-1,5.057471264368E-1,
5.172413793103E-1,5.287356321839E-1,5.402298850575E-1,5.517241379310E-1,
5.632183908046E-1,5.747126436782E-1,5.862068965517E-1,5.977011494253E-1,
6.091954022989E-1,6.206896551724E-1,6.321839080460E-1,6.436781609195E-1,
6.551724137931E-1,6.666666666667E-1,6.781609195402E-1,6.896551724138E-1,
7.011494252874E-1,7.126436781609E-1,7.241379310345E-1,7.356321839080E-1,
7.471264367816E-1,7.586206896552E-1,7.701149425287E-1,7.816091954023E-1,
7.931034482759E-1,8.045977011494E-1,8.160919540230E-1,8.275862068966E-1,
8.390804597701E-1,8.505747126437E-1,8.620689655172E-1,8.735632183908E-1,
8.850574712644E-1,8.965517241379E-1,9.080459770115E-1,9.195402298851E-1,
9.310344827586E-1,9.425287356322E-1,9.540229885057E-1,9.655172413793E-1,
9.770114942529E-1,9.885057471264E-1,1.E0),.UNSPECIFIED.);
#6751=CIRCLE('',#6750,1.E0);
#6766=B_SPLINE_CURVE_WITH_KNOTS('',3,(#6755,#6756,#6757,#6758,#6759,#6760,#6761,
#6762,#6763,#6764,#6765),.UNSPECIFIED.,.F.,.F.,(4,1,1,1,1,1,1,1,4),(0.E0,
1.25E-1,2.5E-1,3.75E-1,5.E-1,6.25E-1,7.5E-1,8.75E-1,1.E0),.UNSPECIFIED.);
#6774=CIRCLE('',#6773,8.115E-1);
#6785=B_SPLINE_CURVE_WITH_KNOTS('',3,(#6778,#6779,#6780,#6781,#6782,#6783,
#6784),.UNSPECIFIED.,.F.,.F.,(4,1,1,1,4),(0.E0,2.5E-1,5.E-1,7.5E-1,1.E0),
.UNSPECIFIED.);
#6800=CIRCLE('',#6799,1.1115E0);
#6820=B_SPLINE_CURVE_WITH_KNOTS('',3,(#6811,#6812,#6813,#6814,#6815,#6816,#6817,
#6818,#6819),.UNSPECIFIED.,.F.,.F.,(4,1,1,1,1,1,4),(0.E0,1.666666666667E-1,
3.333333333333E-1,5.E-1,6.666666666667E-1,8.333333333333E-1,1.E0),
.UNSPECIFIED.);
#6909=B_SPLINE_CURVE_WITH_KNOTS('',3,(#6824,#6825,#6826,#6827,#6828,#6829,#6830,
#6831,#6832,#6833,#6834,#6835,#6836,#6837,#6838,#6839,#6840,#6841,#6842,#6843,
#6844,#6845,#6846,#6847,#6848,#6849,#6850,#6851,#6852,#6853,#6854,#6855,#6856,
#6857,#6858,#6859,#6860,#6861,#6862,#6863,#6864,#6865,#6866,#6867,#6868,#6869,
#6870,#6871,#6872,#6873,#6874,#6875,#6876,#6877,#6878,#6879,#6880,#6881,#6882,
#6883,#6884,#6885,#6886,#6887,#6888,#6889,#6890,#6891,#6892,#6893,#6894,#6895,
#6896,#6897,#6898,#6899,#6900,#6901,#6902,#6903,#6904,#6905,#6906,#6907,#6908),
.UNSPECIFIED.,.F.,.F.,(4,1,1,1,1,1,1,1,1,1,1,1,1,1,1,1,1,1,1,1,1,1,1,1,1,1,1,1,
1,1,1,1,1,1,1,1,1,1,1,1,1,1,1,1,1,1,1,1,1,1,1,1,1,1,1,1,1,1,1,1,1,1,1,1,1,1,1,1,
1,1,1,1,1,1,1,1,1,1,1,1,1,1,4),(0.E0,1.219512195122E-2,2.439024390244E-2,
3.658536585366E-2,4.878048780488E-2,6.097560975610E-2,7.317073170732E-2,
8.536585365854E-2,9.756097560976E-2,1.097560975610E-1,1.219512195122E-1,
1.341463414634E-1,1.463414634146E-1,1.585365853659E-1,1.707317073171E-1,
1.829268292683E-1,1.951219512195E-1,2.073170731707E-1,2.195121951220E-1,
2.317073170732E-1,2.439024390244E-1,2.560975609756E-1,2.682926829268E-1,
2.804878048780E-1,2.926829268293E-1,3.048780487805E-1,3.170731707317E-1,
3.292682926829E-1,3.414634146341E-1,3.536585365854E-1,3.658536585366E-1,
3.780487804878E-1,3.902439024390E-1,4.024390243902E-1,4.146341463415E-1,
4.268292682927E-1,4.390243902439E-1,4.512195121951E-1,4.634146341463E-1,
4.756097560976E-1,4.878048780488E-1,5.E-1,5.121951219512E-1,5.243902439024E-1,
5.365853658537E-1,5.487804878049E-1,5.609756097561E-1,5.731707317073E-1,
5.853658536585E-1,5.975609756098E-1,6.097560975610E-1,6.219512195122E-1,
6.341463414634E-1,6.463414634146E-1,6.585365853659E-1,6.707317073171E-1,
6.829268292683E-1,6.951219512195E-1,7.073170731707E-1,7.195121951220E-1,
7.317073170732E-1,7.439024390244E-1,7.560975609756E-1,7.682926829268E-1,
7.804878048780E-1,7.926829268293E-1,8.048780487805E-1,8.170731707317E-1,
8.292682926829E-1,8.414634146341E-1,8.536585365854E-1,8.658536585366E-1,
8.780487804878E-1,8.902439024390E-1,9.024390243902E-1,9.146341463415E-1,
9.268292682927E-1,9.390243902439E-1,9.512195121951E-1,9.634146341463E-1,
9.756097560976E-1,9.878048780488E-1,1.E0),.UNSPECIFIED.);
#7060=B_SPLINE_CURVE_WITH_KNOTS('',3,(#6941,#6942,#6943,#6944,#6945,#6946,#6947,
#6948,#6949,#6950,#6951,#6952,#6953,#6954,#6955,#6956,#6957,#6958,#6959,#6960,
#6961,#6962,#6963,#6964,#6965,#6966,#6967,#6968,#6969,#6970,#6971,#6972,#6973,
#6974,#6975,#6976,#6977,#6978,#6979,#6980,#6981,#6982,#6983,#6984,#6985,#6986,
#6987,#6988,#6989,#6990,#6991,#6992,#6993,#6994,#6995,#6996,#6997,#6998,#6999,
#7000,#7001,#7002,#7003,#7004,#7005,#7006,#7007,#7008,#7009,#7010,#7011,#7012,
#7013,#7014,#7015,#7016,#7017,#7018,#7019,#7020,#7021,#7022,#7023,#7024,#7025,
#7026,#7027,#7028,#7029,#7030,#7031,#7032,#7033,#7034,#7035,#7036,#7037,#7038,
#7039,#7040,#7041,#7042,#7043,#7044,#7045,#7046,#7047,#7048,#7049,#7050,#7051,
#7052,#7053,#7054,#7055,#7056,#7057,#7058,#7059),.UNSPECIFIED.,.F.,.F.,(4,1,1,1,
1,1,1,1,1,1,1,1,1,1,1,1,1,1,1,1,1,1,1,1,1,1,1,1,1,1,1,1,1,1,1,1,1,1,1,1,1,1,1,1,
1,1,1,1,1,1,1,1,1,1,1,1,1,1,1,1,1,1,1,1,1,1,1,1,1,1,1,1,1,1,1,1,1,1,1,1,1,1,1,1,
1,1,1,1,1,1,1,1,1,1,1,1,1,1,1,1,1,1,1,1,1,1,1,1,1,1,1,1,1,1,1,1,4),(0.E0,
8.620689655172E-3,1.724137931034E-2,2.586206896552E-2,3.448275862069E-2,
4.310344827586E-2,5.172413793103E-2,6.034482758621E-2,6.896551724138E-2,
7.758620689655E-2,8.620689655172E-2,9.482758620690E-2,1.034482758621E-1,
1.120689655172E-1,1.206896551724E-1,1.293103448276E-1,1.379310344828E-1,
1.465517241379E-1,1.551724137931E-1,1.637931034483E-1,1.724137931034E-1,
1.810344827586E-1,1.896551724138E-1,1.982758620690E-1,2.068965517241E-1,
2.155172413793E-1,2.241379310345E-1,2.327586206897E-1,2.413793103448E-1,2.5E-1,
2.586206896552E-1,2.672413793103E-1,2.758620689655E-1,2.844827586207E-1,
2.931034482759E-1,3.017241379310E-1,3.103448275862E-1,3.189655172414E-1,
3.275862068966E-1,3.362068965517E-1,3.448275862069E-1,3.534482758621E-1,
3.620689655172E-1,3.706896551724E-1,3.793103448276E-1,3.879310344828E-1,
3.965517241379E-1,4.051724137931E-1,4.137931034483E-1,4.224137931034E-1,
4.310344827586E-1,4.396551724138E-1,4.482758620690E-1,4.568965517241E-1,
4.655172413793E-1,4.741379310345E-1,4.827586206897E-1,4.913793103448E-1,5.E-1,
5.086206896552E-1,5.172413793103E-1,5.258620689655E-1,5.344827586207E-1,
5.431034482759E-1,5.517241379310E-1,5.603448275862E-1,5.689655172414E-1,
5.775862068966E-1,5.862068965517E-1,5.948275862069E-1,6.034482758621E-1,
6.120689655172E-1,6.206896551724E-1,6.293103448276E-1,6.379310344828E-1,
6.465517241379E-1,6.551724137931E-1,6.637931034483E-1,6.724137931034E-1,
6.810344827586E-1,6.896551724138E-1,6.982758620690E-1,7.068965517241E-1,
7.155172413793E-1,7.241379310345E-1,7.327586206897E-1,7.413793103448E-1,7.5E-1,
7.586206896552E-1,7.672413793103E-1,7.758620689655E-1,7.844827586207E-1,
7.931034482759E-1,8.017241379310E-1,8.103448275862E-1,8.189655172414E-1,
8.275862068966E-1,8.362068965517E-1,8.448275862069E-1,8.534482758621E-1,
8.620689655172E-1,8.706896551724E-1,8.793103448276E-1,8.879310344828E-1,
8.965517241379E-1,9.051724137931E-1,9.137931034483E-1,9.224137931034E-1,
9.310344827586E-1,9.396551724138E-1,9.482758620690E-1,9.568965517241E-1,
9.655172413793E-1,9.741379310345E-1,9.827586206897E-1,9.913793103448E-1,1.E0),
.UNSPECIFIED.);
#7086=B_SPLINE_CURVE_WITH_KNOTS('',3,(#7064,#7065,#7066,#7067,#7068,#7069,#7070,
#7071,#7072,#7073,#7074,#7075,#7076,#7077,#7078,#7079,#7080,#7081,#7082,#7083,
#7084,#7085),.UNSPECIFIED.,.F.,.F.,(4,1,1,1,1,1,1,1,1,1,1,1,1,1,1,1,1,1,1,4),(
0.E0,5.263157894737E-2,1.052631578947E-1,1.578947368421E-1,2.105263157895E-1,
2.631578947368E-1,3.157894736842E-1,3.684210526316E-1,4.210526315789E-1,
4.736842105263E-1,5.263157894737E-1,5.789473684211E-1,6.315789473684E-1,
6.842105263158E-1,7.368421052632E-1,7.894736842105E-1,8.421052631579E-1,
8.947368421053E-1,9.473684210526E-1,1.E0),.UNSPECIFIED.);
#7094=CIRCLE('',#7093,1.1115E0);
#7283=EDGE_CURVE('',#7147,#7142,#4448,.T.);
#7285=EDGE_CURVE('',#7142,#7143,#4455,.T.);
#7287=EDGE_CURVE('',#7143,#7146,#4462,.T.);
#7289=EDGE_CURVE('',#7146,#7147,#4469,.T.);
#7293=EDGE_CURVE('',#7167,#7166,#6800,.T.);
#7295=EDGE_CURVE('',#7166,#7167,#7094,.T.);
#7299=ADVANCED_FACE('',(#7292,#7298),#7282,.F.);
#7305=EDGE_CURVE('',#7159,#7154,#4476,.T.);
#7307=EDGE_CURVE('',#7142,#7154,#7108,.T.);
#7310=EDGE_CURVE('',#7147,#7159,#4483,.T.);
#7314=ADVANCED_FACE('',(#7313),#7304,.T.);
#7320=EDGE_CURVE('',#7154,#7155,#7101,.T.);
#7323=EDGE_CURVE('',#7158,#7159,#7129,.T.);
#7325=EDGE_CURVE('',#7155,#7158,#7115,.T.);
#7329=EDGE_CURVE('',#7150,#7151,#4491,.T.);
#7331=EDGE_CURVE('',#7151,#7150,#4499,.T.);
#7335=ADVANCED_FACE('',(#7328,#7334),#7319,.F.);
#7341=EDGE_CURVE('',#7250,#7251,#4507,.T.);
#7343=EDGE_CURVE('',#7151,#7251,#4564,.T.);
#7346=EDGE_CURVE('',#7150,#7250,#4514,.T.);
#7350=ADVANCED_FACE('',(#7349),#7340,.T.);
#7356=EDGE_CURVE('',#7254,#7255,#4595,.T.);
#7358=EDGE_CURVE('',#7255,#7257,#4650,.T.);
#7360=EDGE_CURVE('',#7257,#7175,#4521,.T.);
#7362=EDGE_CURVE('',#7174,#7175,#4777,.T.);
#7364=EDGE_CURVE('',#7254,#7174,#4571,.T.);
#7368=ADVANCED_FACE('',(#7367),#7355,.T.);
#7374=EDGE_CURVE('',#7262,#7263,#4528,.T.);
#7376=EDGE_CURVE('',#7263,#7275,#4673,.T.);
#7378=EDGE_CURVE('',#7275,#7277,#4535,.T.);
#7380=EDGE_CURVE('',#7277,#7266,#4665,.T.);
#7382=EDGE_CURVE('',#7266,#7267,#4542,.T.);
#7384=EDGE_CURVE('',#7273,#7267,#4587,.T.);
#7386=EDGE_CURVE('',#7273,#7271,#4549,.T.);
#7388=EDGE_CURVE('',#7262,#7271,#4579,.T.);
#7393=EDGE_CURVE('',#7251,#7250,#4557,.T.);
#7397=ADVANCED_FACE('',(#7391,#7396),#7373,.T.);
#7409=ADVANCED_FACE('',(#7408),#7402,.T.);
#7415=EDGE_CURVE('',#7259,#7254,#4603,.T.);
#7418=EDGE_CURVE('',#7175,#7174,#4754,.T.);
#7421=EDGE_CURVE('',#7257,#7259,#4642,.T.);
#7425=ADVANCED_FACE('',(#7424),#7414,.T.);
#7431=EDGE_CURVE('',#7268,#7262,#4615,.T.);
#7434=EDGE_CURVE('',#7271,#7273,#4731,.T.);
#7437=EDGE_CURVE('',#7267,#7269,#4697,.T.);
#7439=EDGE_CURVE('',#7269,#7255,#4657,.T.);
#7443=EDGE_CURVE('',#7268,#7259,#4634,.T.);
#7447=ADVANCED_FACE('',(#7446),#7430,.T.);
#7455=EDGE_CURVE('',#7263,#7268,#4627,.T.);
#7459=ADVANCED_FACE('',(#7458),#7452,.F.);
#7470=EDGE_CURVE('',#7269,#7266,#4685,.T.);
#7473=EDGE_CURVE('',#7277,#7275,#4714,.T.);
#7478=ADVANCED_FACE('',(#7477),#7464,.T.);
#7489=ADVANCED_FACE('',(#7488),#7483,.F.);
#7499=ADVANCED_FACE('',(#7498),#7494,.F.);
#7509=ADVANCED_FACE('',(#7508),#7504,.F.);
#7515=EDGE_CURVE('',#7171,#7170,#4739,.T.);
#7517=EDGE_CURVE('',#7171,#7175,#4746,.T.);
#7520=EDGE_CURVE('',#7170,#7174,#4761,.T.);
#7524=ADVANCED_FACE('',(#7523),#7514,.T.);
#7530=EDGE_CURVE('',#7170,#7171,#4769,.T.);
#7535=EDGE_CURVE('',#7163,#7162,#4834,.T.);
#7537=EDGE_CURVE('',#7162,#7163,#6267,.T.);
#7541=ADVANCED_FACE('',(#7534,#7540),#7529,.T.);
#7553=ADVANCED_FACE('',(#7552),#7546,.T.);
#7559=EDGE_CURVE('',#7247,#7227,#4792,.T.);
#7561=EDGE_CURVE('',#7227,#7239,#4800,.T.);
#7563=EDGE_CURVE('',#7238,#7239,#4819,.T.);
#7565=EDGE_CURVE('',#7163,#7238,#4826,.T.);
#7568=EDGE_CURVE('',#7162,#7236,#4841,.T.);
#7570=EDGE_CURVE('',#7247,#7236,#4849,.T.);
#7574=ADVANCED_FACE('',(#7573),#7558,.F.);
#7716=EDGE_CURVE('',#7188,#7189,#4874,.T.);
#7718=EDGE_CURVE('',#7189,#7227,#5519,.T.);
#7721=EDGE_CURVE('',#7247,#7178,#6251,.T.);
#7723=EDGE_CURVE('',#7226,#7178,#6024,.T.);
#7725=EDGE_CURVE('',#7226,#7190,#5420,.T.);
#7727=EDGE_CURVE('',#7190,#7191,#4931,.T.);
#7729=EDGE_CURVE('',#7191,#7188,#5544,.T.);
#7733=ADVANCED_FACE('',(#7732),#7715,.F.);
#7740=EDGE_CURVE('',#7188,#7193,#5584,.T.);
#7742=EDGE_CURVE('',#7192,#7193,#4899,.T.);
#7744=EDGE_CURVE('',#7189,#7192,#4906,.T.);
#7748=ADVANCED_FACE('',(#7747),#7738,.F.);
#7755=EDGE_CURVE('',#7190,#7201,#5466,.T.);
#7757=EDGE_CURVE('',#7200,#7201,#4956,.T.);
#7759=EDGE_CURVE('',#7191,#7200,#4963,.T.);
#7763=ADVANCED_FACE('',(#7762),#7753,.F.);
#7769=EDGE_CURVE('',#7194,#7195,#4988,.T.);
#7771=EDGE_CURVE('',#7194,#7203,#5706,.T.);
#7773=EDGE_CURVE('',#7202,#7203,#5013,.T.);
#7775=EDGE_CURVE('',#7195,#7202,#5020,.T.);
#7779=ADVANCED_FACE('',(#7778),#7768,.F.);
#7785=EDGE_CURVE('',#7196,#7197,#5045,.T.);
#7787=EDGE_CURVE('',#7196,#7205,#5771,.T.);
#7789=EDGE_CURVE('',#7204,#7205,#5070,.T.);
#7791=EDGE_CURVE('',#7197,#7204,#5077,.T.);
#7795=ADVANCED_FACE('',(#7794),#7784,.F.);
#7801=EDGE_CURVE('',#7198,#7199,#5102,.T.);
#7803=EDGE_CURVE('',#7198,#7213,#5649,.T.);
#7805=EDGE_CURVE('',#7212,#7213,#5127,.T.);
#7807=EDGE_CURVE('',#7199,#7212,#5134,.T.);
#7811=ADVANCED_FACE('',(#7810),#7800,.F.);
#7817=EDGE_CURVE('',#7206,#7207,#5159,.T.);
#7819=EDGE_CURVE('',#7206,#7215,#5828,.T.);
#7821=EDGE_CURVE('',#7214,#7215,#5184,.T.);
#7823=EDGE_CURVE('',#7207,#7214,#5191,.T.);
#7827=ADVANCED_FACE('',(#7826),#7816,.F.);
#7833=EDGE_CURVE('',#7208,#7209,#5216,.T.);
#7835=EDGE_CURVE('',#7208,#7217,#5894,.T.);
#7837=EDGE_CURVE('',#7216,#7217,#5241,.T.);
#7839=EDGE_CURVE('',#7209,#7216,#5248,.T.);
#7843=ADVANCED_FACE('',(#7842),#7832,.F.);
#7849=EDGE_CURVE('',#7210,#7211,#5273,.T.);
#7851=EDGE_CURVE('',#7210,#7223,#5960,.T.);
#7853=EDGE_CURVE('',#7222,#7223,#5298,.T.);
#7855=EDGE_CURVE('',#7211,#7222,#5305,.T.);
#7859=ADVANCED_FACE('',(#7858),#7848,.F.);
#7865=EDGE_CURVE('',#7218,#7219,#5330,.T.);
#7867=EDGE_CURVE('',#7218,#7225,#6017,.T.);
#7869=EDGE_CURVE('',#7224,#7225,#5355,.T.);
#7871=EDGE_CURVE('',#7219,#7224,#5362,.T.);
#7875=ADVANCED_FACE('',(#7874),#7864,.F.);
#7881=EDGE_CURVE('',#7220,#7221,#5384,.T.);
#7883=EDGE_CURVE('',#7246,#7220,#6774,.T.);
#7885=EDGE_CURVE('',#7233,#7246,#5394,.T.);
#7887=EDGE_CURVE('',#7221,#7233,#5401,.T.);
#7891=ADVANCED_FACE('',(#7890),#7880,.F.);
#7898=EDGE_CURVE('',#7195,#7226,#5434,.T.);
#7901=EDGE_CURVE('',#7201,#7202,#5459,.T.);
#7906=ADVANCED_FACE('',(#7905),#7896,.F.);
#7912=EDGE_CURVE('',#7192,#7239,#5498,.T.);
#7919=ADVANCED_FACE('',(#7918),#7911,.F.);
#7927=EDGE_CURVE('',#7228,#7200,#5558,.T.);
#7929=EDGE_CURVE('',#7193,#7228,#5577,.T.);
#7934=ADVANCED_FACE('',(#7933),#7924,.F.);
#7940=EDGE_CURVE('',#7229,#7198,#5606,.T.);
#7942=EDGE_CURVE('',#7207,#7229,#5617,.T.);
#7945=EDGE_CURVE('',#7213,#7214,#5642,.T.);
#7950=ADVANCED_FACE('',(#7949),#7939,.F.);
#7956=EDGE_CURVE('',#7197,#7194,#5674,.T.);
#7959=EDGE_CURVE('',#7203,#7204,#5699,.T.);
#7964=ADVANCED_FACE('',(#7963),#7955,.F.);
#7970=EDGE_CURVE('',#7199,#7196,#5731,.T.);
#7973=EDGE_CURVE('',#7230,#7212,#5742,.T.);
#7975=EDGE_CURVE('',#7205,#7230,#5764,.T.);
#7980=ADVANCED_FACE('',(#7979),#7969,.F.);
#7986=EDGE_CURVE('',#7209,#7206,#5796,.T.);
#7989=EDGE_CURVE('',#7215,#7216,#5821,.T.);
#7994=ADVANCED_FACE('',(#7993),#7985,.F.);
#8000=EDGE_CURVE('',#7211,#7208,#5853,.T.);
#8003=EDGE_CURVE('',#7232,#7222,#5863,.T.);
#8005=EDGE_CURVE('',#7217,#7232,#5887,.T.);
#8010=ADVANCED_FACE('',(#8009),#7999,.F.);
#8016=EDGE_CURVE('',#7231,#7210,#5918,.T.);
#8018=EDGE_CURVE('',#7219,#7231,#5928,.T.);
#8021=EDGE_CURVE('',#7223,#7224,#5953,.T.);
#8026=ADVANCED_FACE('',(#8025),#8015,.F.);
#8032=EDGE_CURVE('',#7221,#7218,#5985,.T.);
#8035=EDGE_CURVE('',#7225,#7233,#6010,.T.);
#8040=ADVANCED_FACE('',(#8039),#8031,.F.);
#8185=EDGE_CURVE('',#7178,#7182,#6154,.T.);
#8187=EDGE_CURVE('',#7229,#7182,#6930,.T.);
#8196=ADVANCED_FACE('',(#8195),#8181,.F.);
#8338=EDGE_CURVE('',#7178,#7179,#6031,.T.);
#8340=EDGE_CURVE('',#7179,#7183,#6505,.T.);
#8342=EDGE_CURVE('',#7182,#7183,#6937,.T.);
#8347=ADVANCED_FACE('',(#8346),#8337,.F.);
#8489=EDGE_CURVE('',#7236,#7237,#6259,.T.);
#8491=EDGE_CURVE('',#7237,#7179,#6382,.T.);
#8498=ADVANCED_FACE('',(#8497),#8488,.F.);
#8508=EDGE_CURVE('',#7237,#7238,#6290,.T.);
#8512=ADVANCED_FACE('',(#8511),#8503,.F.);
#8656=EDGE_CURVE('',#7179,#7228,#6512,.T.);
#8664=ADVANCED_FACE('',(#8663),#8653,.F.);
#8812=EDGE_CURVE('',#7183,#7230,#6642,.T.);
#8819=ADVANCED_FACE('',(#8818),#8805,.F.);
#8967=EDGE_CURVE('',#7187,#7232,#6743,.T.);
#8969=EDGE_CURVE('',#7183,#7187,#6635,.T.);
#8975=ADVANCED_FACE('',(#8974),#8960,.F.);
#9122=EDGE_CURVE('',#7246,#7244,#6766,.T.);
#9124=EDGE_CURVE('',#7187,#7244,#6736,.T.);
#9130=ADVANCED_FACE('',(#9129),#9116,.F.);
#9136=EDGE_CURVE('',#7244,#7245,#6751,.T.);
#9140=EDGE_CURVE('',#7241,#7220,#6785,.T.);
#9142=EDGE_CURVE('',#7166,#7241,#6792,.T.);
#9145=EDGE_CURVE('',#7167,#7240,#6807,.T.);
#9147=EDGE_CURVE('',#7245,#7240,#6820,.T.);
#9151=ADVANCED_FACE('',(#9150),#9135,.F.);
#9294=EDGE_CURVE('',#7186,#7245,#6909,.T.);
#9296=EDGE_CURVE('',#7186,#7187,#6916,.T.);
#9301=ADVANCED_FACE('',(#9300),#9292,.F.);
#9445=EDGE_CURVE('',#7231,#7186,#6923,.T.);
#9449=EDGE_CURVE('',#7240,#7241,#7086,.T.);
#9456=ADVANCED_FACE('',(#9455),#9442,.F.);
#9601=EDGE_CURVE('',#7182,#7186,#7060,.T.);
#9611=ADVANCED_FACE('',(#9610),#9597,.F.);
#9759=ADVANCED_FACE('',(#9758),#9752,.F.);
#9771=ADVANCED_FACE('',(#9770),#9764,.F.);
#9778=EDGE_CURVE('',#7143,#7155,#7122,.T.);
#9784=ADVANCED_FACE('',(#9783),#9776,.T.);
#9791=EDGE_CURVE('',#7146,#7158,#7136,.T.);
#9797=ADVANCED_FACE('',(#9796),#9789,.T.);
#9809=ADVANCED_FACE('',(#9808),#9802,.T.);
#9815=CIRCLE('',#9814,1.E0);
#9830=CIRCLE('',#9829,1.E0);
#9838=CIRCLE('',#9837,1.E0);
#9853=CIRCLE('',#9852,1.E0);
#9870=EDGE_CURVE('',#9864,#9863,#9815,.T.);
#9872=EDGE_CURVE('',#9863,#9859,#9822,.T.);
#9874=EDGE_CURVE('',#9859,#9860,#9830,.T.);
#9876=EDGE_CURVE('',#9864,#9860,#9845,.T.);
#9880=ADVANCED_FACE('',(#9879),#9869,.T.);
#9886=EDGE_CURVE('',#9863,#9864,#9838,.T.);
#9889=EDGE_CURVE('',#9860,#9859,#9853,.T.);
#9894=ADVANCED_FACE('',(#9893),#9885,.T.);
#9911=(LENGTH_UNIT()NAMED_UNIT(*)SI_UNIT(.MILLI.,.METRE.));
#9913=(NAMED_UNIT(*)PLANE_ANGLE_UNIT()SI_UNIT($,.RADIAN.));
#9916=(NAMED_UNIT(*)SI_UNIT($,.STERADIAN.)SOLID_ANGLE_UNIT());
#9918=(GEOMETRIC_REPRESENTATION_CONTEXT(3)GLOBAL_UNCERTAINTY_ASSIGNED_CONTEXT((
#9917))GLOBAL_UNIT_ASSIGNED_CONTEXT((#9911,#9915,#9916))REPRESENTATION_CONTEXT(
'ID3','3'));
#9922=AXIS2_PLACEMENT_3D('',#9919,#9920,#9921);
#9923=ADVANCED_BREP_SHAPE_REPRESENTATION('',(#9922,#9902),#9918);
#9927=AXIS2_PLACEMENT_3D('',#9924,#9925,#9926);
#9928=MANIFOLD_SURFACE_SHAPE_REPRESENTATION('',(#9927,#9910),#9918);
#9932=AXIS2_PLACEMENT_3D('',#9929,#9930,#9931);
#9933=SHAPE_REPRESENTATION('',(#9932),#9918);
#9940=PRODUCT_DEFINITION('design','',#9939,#9936);
#9941=PRODUCT_DEFINITION_SHAPE('','SHAPE FOR M80-210.',#9940);
#9942=SHAPE_DEFINITION_REPRESENTATION(#9941,#9933);
#9943=NEXT_ASSEMBLY_USAGE_OCCURRENCE('1492','Next assembly relationship',
'M80-210',#9977,#9940,$);
#9944=PRODUCT_DEFINITION_SHAPE('Placement #1492',
'Placement of M80-210 with respect to M80-5022022_ASM',#9943);
#9952=NEXT_ASSEMBLY_USAGE_OCCURRENCE('1493','Next assembly relationship',
'M80-210',#9977,#9940,$);
#9953=PRODUCT_DEFINITION_SHAPE('Placement #1493',
'Placement of M80-210 with respect to M80-5022022_ASM',#9952);
#9961=(LENGTH_UNIT()NAMED_UNIT(*)SI_UNIT(.MILLI.,.METRE.));
#9963=(NAMED_UNIT(*)PLANE_ANGLE_UNIT()SI_UNIT($,.RADIAN.));
#9966=(NAMED_UNIT(*)SI_UNIT($,.STERADIAN.)SOLID_ANGLE_UNIT());
#9968=(GEOMETRIC_REPRESENTATION_CONTEXT(3)GLOBAL_UNCERTAINTY_ASSIGNED_CONTEXT((
#9967))GLOBAL_UNIT_ASSIGNED_CONTEXT((#9961,#9965,#9966))REPRESENTATION_CONTEXT(
'ID4','3'));
#9972=AXIS2_PLACEMENT_3D('',#9969,#9970,#9971);
#9977=PRODUCT_DEFINITION('design','',#9976,#9936);
ENDSEC;
END-ISO-10303-21;
